source_entry_id,ordinal,raw_target,raw_context,candidate_entry_id,candidate_headword,candidate_volume
Bd01_A-B:0029:0006,22,Darstellung,Darstellung (logischmengentheoretisch,Bd02_C-F:0135:0155,Darstellung (logisch-mengentheoretisch),Bd02_C-F
Bd01_A-B:0029:0006,22,Darstellung,Darstellung (logischmengentheoretisch,Bd02_C-F:0135:0156,Darstellung (semiotisch),Bd02_C-F
Bd01_A-B:0037:0022,2,Makrokosmos,Makrokosmos und Mikrokosmos führt bei A,Bd05_Log-N:0206:0132,Makrokosmos,Bd05_Log-N
Bd01_A-B:0037:0022,2,Makrokosmos,Makrokosmos und Mikrokosmos führt bei A,Bd05_Log-N:0207:0133,Makrokosmos,Bd05_Log-N
Bd01_A-B:0038:0024,3,Implikation,"Implikation A ≺ B, nicht aber die umgekehrte Implikation B ≺ A gilt",Bd03_G-Inn:0580:0424,Implikation,Bd03_G-Inn
Bd01_A-B:0038:0024,3,Implikation,"Implikation A ≺ B, nicht aber die umgekehrte Implikation B ≺ A gilt",Bd03_G-Inn:0581:0425,"Implikation, induktive",Bd03_G-Inn
Bd01_A-B:0038:0024,3,Implikation,"Implikation A ≺ B, nicht aber die umgekehrte Implikation B ≺ A gilt",Bd03_G-Inn:0582:0426,"Implikation, relevante",Bd03_G-Inn
Bd01_A-B:0038:0024,3,Implikation,"Implikation A ≺ B, nicht aber die umgekehrte Implikation B ≺ A gilt",Bd03_G-Inn:0582:0427,"Implikation, strenge",Bd03_G-Inn
Bd01_A-B:0038:0024,3,Implikation,"Implikation A ≺ B, nicht aber die umgekehrte Implikation B ≺ A gilt",Bd03_G-Inn:0582:0428,"Implikation, strikte",Bd03_G-Inn
Bd01_A-B:0038:0024,3,Implikation,"Implikation A ≺ B, nicht aber die umgekehrte Implikation B ≺ A gilt",Bd06_O-Ra:0160:0136,Implikation,Bd06_O-Ra
Bd01_A-B:0044:0031,49,Begriffe,Begriffe gewinnen,Bd01_A-B:0412:0515,"Begriffe, identische",Bd01_A-B
Bd01_A-B:0044:0031,49,Begriffe,Begriffe gewinnen,Bd01_A-B:0412:0516,"Begriffe, theoretische",Bd01_A-B
Bd01_A-B:0048:0034,4,Darstellung,Darstellung (logisch-mengen-,Bd02_C-F:0135:0155,Darstellung (logisch-mengentheoretisch),Bd02_C-F
Bd01_A-B:0048:0034,4,Darstellung,Darstellung (logisch-mengen-,Bd02_C-F:0135:0156,Darstellung (semiotisch),Bd02_C-F
Bd01_A-B:0056:0053,0,Kräfte,Kräfte oder,Bd04_Ins-Loc:0399:0315,Kraft,Bd04_Ins-Loc
Bd01_A-B:0056:0053,0,Kräfte,Kräfte oder,Bd04_Ins-Loc:0401:0316,Kraft,Bd04_Ins-Loc
Bd01_A-B:0057:0055,1,Kraft,Kraft eines Körpers auf einen anderen von einer entgegengesetzt g,Bd04_Ins-Loc:0399:0315,Kraft,Bd04_Ins-Loc
Bd01_A-B:0057:0055,1,Kraft,Kraft eines Körpers auf einen anderen von einer entgegengesetzt g,Bd04_Ins-Loc:0401:0316,Kraft,Bd04_Ins-Loc
Bd01_A-B:0070:0081,0,Kräften,Kräften ähnlich der,Bd04_Ins-Loc:0399:0315,Kraft,Bd04_Ins-Loc
Bd01_A-B:0070:0081,0,Kräften,Kräften ähnlich der,Bd04_Ins-Loc:0401:0316,Kraft,Bd04_Ins-Loc
Bd01_A-B:0080:0099,6,ästhetisch/Ästhetik,ästhetisch/Ästhetik,Bd01_A-B:0277:0379,ästhetisch/Ästhetik,Bd01_A-B
Bd01_A-B:0080:0099,6,ästhetisch/Ästhetik,ästhetisch/Ästhetik,Bd01_A-B:0288:0380,ästhetisch/Ästhetik (endeetisch),Bd01_A-B
Bd01_A-B:0089:0111,0,unendlich/Unendlichkeit,unendlich/Unendlichkeit,Bd08_Th-Z:0192:0155,unendlich/Unendlichkeit,Bd08_Th-Z
Bd01_A-B:0089:0111,0,unendlich/Unendlichkeit,unendlich/Unendlichkeit,Bd08_Th-Z:0198:0157,"Unendlichkeit, schlechte",Bd08_Th-Z
Bd01_A-B:0097:0122,2,Paradoxien,"Paradoxien behandeln, stehen didaktisch bemerkenswerte Werke wie die",Bd06_O-Ra:0116:0091,"Paradoxien, kosmologische",Bd06_O-Ra
Bd01_A-B:0097:0122,2,Paradoxien,"Paradoxien behandeln, stehen didaktisch bemerkenswerte Werke wie die",Bd06_O-Ra:0118:0092,"Paradoxien, zenonische",Bd06_O-Ra
Bd01_A-B:0097:0122,2,Paradoxien,"Paradoxien behandeln, stehen didaktisch bemerkenswerte Werke wie die",Bd06_O-Ra:0121:0093,Paradoxien der Implikation,Bd06_O-Ra
Bd01_A-B:0097:0122,2,Paradoxien,"Paradoxien behandeln, stehen didaktisch bemerkenswerte Werke wie die",Bd06_O-Ra:0121:0094,Paradoxien des Unendlichen,Bd06_O-Ra
Bd01_A-B:0099:0125,3,Makrokosmos,"Makrokosmos, die Astronomie bzw",Bd05_Log-N:0206:0132,Makrokosmos,Bd05_Log-N
Bd01_A-B:0099:0125,3,Makrokosmos,"Makrokosmos, die Astronomie bzw",Bd05_Log-N:0207:0133,Makrokosmos,Bd05_Log-N
Bd01_A-B:0120:0143,25,komplex,komplex,Bd04_Ins-Loc:0297:0208,komplex/Komplex,Bd04_Ins-Loc
Bd01_A-B:0120:0143,25,komplex,komplex,Bd04_Ins-Loc:0297:0208,komplex/Komplex,Bd04_Ins-Loc
Bd01_A-B:0141:0191,10,Makrokosmos,"Makrokosmos, ein anderes, im gleichen Sinne, die Bohrsche Analogisierun",Bd05_Log-N:0206:0132,Makrokosmos,Bd05_Log-N
Bd01_A-B:0141:0191,10,Makrokosmos,"Makrokosmos, ein anderes, im gleichen Sinne, die Bohrsche Analogisierun",Bd05_Log-N:0207:0133,Makrokosmos,Bd05_Log-N
Bd01_A-B:0143:0195,30,Kraft,"Kraft K gesucht, deren Größe gemäß einer",Bd04_Ins-Loc:0399:0315,Kraft,Bd04_Ins-Loc
Bd01_A-B:0143:0195,30,Kraft,"Kraft K gesucht, deren Größe gemäß einer",Bd04_Ins-Loc:0401:0316,Kraft,Bd04_Ins-Loc
Bd01_A-B:0155:0211,3,Makrokosmos,Makrokosmos,Bd05_Log-N:0206:0132,Makrokosmos,Bd05_Log-N
Bd01_A-B:0155:0211,3,Makrokosmos,Makrokosmos,Bd05_Log-N:0207:0133,Makrokosmos,Bd05_Log-N
Bd01_A-B:0159:0217,9,Antinomien,Antinomien führen und daher sinnlos sind,Bd01_A-B:0186:0253,"Antinomien, logische",Bd01_A-B
Bd01_A-B:0159:0217,9,Antinomien,Antinomien führen und daher sinnlos sind,Bd01_A-B:0187:0254,"Antinomien, semantische",Bd01_A-B
Bd01_A-B:0159:0217,9,Antinomien,Antinomien führen und daher sinnlos sind,Bd01_A-B:0188:0255,Antinomien der Mengenlehre,Bd01_A-B
Bd01_A-B:0165:0227,2,ästhetisch/Ästhetik,ästhetisch/Ästhetik,Bd01_A-B:0277:0379,ästhetisch/Ästhetik,Bd01_A-B
Bd01_A-B:0165:0227,2,ästhetisch/Ästhetik,ästhetisch/Ästhetik,Bd01_A-B:0288:0380,ästhetisch/Ästhetik (endeetisch),Bd01_A-B
Bd01_A-B:0168:0234,3,Begriffe,Begriffe,Bd01_A-B:0412:0515,"Begriffe, identische",Bd01_A-B
Bd01_A-B:0168:0234,3,Begriffe,Begriffe,Bd01_A-B:0412:0516,"Begriffe, theoretische",Bd01_A-B
Bd01_A-B:0177:0243,4,Implikation,"Implikation A1,",Bd03_G-Inn:0580:0424,Implikation,Bd03_G-Inn
Bd01_A-B:0177:0243,4,Implikation,"Implikation A1,",Bd03_G-Inn:0581:0425,"Implikation, induktive",Bd03_G-Inn
Bd01_A-B:0177:0243,4,Implikation,"Implikation A1,",Bd03_G-Inn:0582:0426,"Implikation, relevante",Bd03_G-Inn
Bd01_A-B:0177:0243,4,Implikation,"Implikation A1,",Bd03_G-Inn:0582:0427,"Implikation, strenge",Bd03_G-Inn
Bd01_A-B:0177:0243,4,Implikation,"Implikation A1,",Bd03_G-Inn:0582:0428,"Implikation, strikte",Bd03_G-Inn
Bd01_A-B:0177:0243,4,Implikation,"Implikation A1,",Bd06_O-Ra:0160:0136,Implikation,Bd06_O-Ra
Bd01_A-B:0183:0251,0,Implikation,Implikation,Bd03_G-Inn:0580:0424,Implikation,Bd03_G-Inn
Bd01_A-B:0183:0251,0,Implikation,Implikation,Bd03_G-Inn:0581:0425,"Implikation, induktive",Bd03_G-Inn
Bd01_A-B:0183:0251,0,Implikation,Implikation,Bd03_G-Inn:0582:0426,"Implikation, relevante",Bd03_G-Inn
Bd01_A-B:0183:0251,0,Implikation,Implikation,Bd03_G-Inn:0582:0427,"Implikation, strenge",Bd03_G-Inn
Bd01_A-B:0183:0251,0,Implikation,Implikation,Bd03_G-Inn:0582:0428,"Implikation, strikte",Bd03_G-Inn
Bd01_A-B:0183:0251,0,Implikation,Implikation,Bd06_O-Ra:0160:0136,Implikation,Bd06_O-Ra
Bd01_A-B:0186:0253,2,Paradoxien,"Paradoxien lediglich aus den Ausgangsannahmen logisch folgende, jedoch",Bd06_O-Ra:0116:0091,"Paradoxien, kosmologische",Bd06_O-Ra
Bd01_A-B:0186:0253,2,Paradoxien,"Paradoxien lediglich aus den Ausgangsannahmen logisch folgende, jedoch",Bd06_O-Ra:0118:0092,"Paradoxien, zenonische",Bd06_O-Ra
Bd01_A-B:0186:0253,2,Paradoxien,"Paradoxien lediglich aus den Ausgangsannahmen logisch folgende, jedoch",Bd06_O-Ra:0121:0093,Paradoxien der Implikation,Bd06_O-Ra
Bd01_A-B:0186:0253,2,Paradoxien,"Paradoxien lediglich aus den Ausgangsannahmen logisch folgende, jedoch",Bd06_O-Ra:0121:0094,Paradoxien des Unendlichen,Bd06_O-Ra
Bd01_A-B:0186:0253,3,Antinomien,"Antinomien schlechthin verwenden, da alle von ihnen auf Grund logische",Bd01_A-B:0186:0253,"Antinomien, logische",Bd01_A-B
Bd01_A-B:0186:0253,3,Antinomien,"Antinomien schlechthin verwenden, da alle von ihnen auf Grund logische",Bd01_A-B:0187:0254,"Antinomien, semantische",Bd01_A-B
Bd01_A-B:0186:0253,3,Antinomien,"Antinomien schlechthin verwenden, da alle von ihnen auf Grund logische",Bd01_A-B:0188:0255,Antinomien der Mengenlehre,Bd01_A-B
Bd01_A-B:0187:0254,0,Antinomien,Antinomien (auch,Bd01_A-B:0186:0253,"Antinomien, logische",Bd01_A-B
Bd01_A-B:0187:0254,0,Antinomien,Antinomien (auch,Bd01_A-B:0187:0254,"Antinomien, semantische",Bd01_A-B
Bd01_A-B:0187:0254,0,Antinomien,Antinomien (auch,Bd01_A-B:0188:0255,Antinomien der Mengenlehre,Bd01_A-B
Bd01_A-B:0187:0254,1,Paradoxien,Paradoxien,Bd06_O-Ra:0116:0091,"Paradoxien, kosmologische",Bd06_O-Ra
Bd01_A-B:0187:0254,1,Paradoxien,Paradoxien,Bd06_O-Ra:0118:0092,"Paradoxien, zenonische",Bd06_O-Ra
Bd01_A-B:0187:0254,1,Paradoxien,Paradoxien,Bd06_O-Ra:0121:0093,Paradoxien der Implikation,Bd06_O-Ra
Bd01_A-B:0187:0254,1,Paradoxien,Paradoxien,Bd06_O-Ra:0121:0094,Paradoxien des Unendlichen,Bd06_O-Ra
Bd01_A-B:0188:0255,1,Antinomien,Antinomien (im Kantischen Sinne oder in dem der semantischen Antinomie,Bd01_A-B:0186:0253,"Antinomien, logische",Bd01_A-B
Bd01_A-B:0188:0255,1,Antinomien,Antinomien (im Kantischen Sinne oder in dem der semantischen Antinomie,Bd01_A-B:0187:0254,"Antinomien, semantische",Bd01_A-B
Bd01_A-B:0188:0255,1,Antinomien,Antinomien (im Kantischen Sinne oder in dem der semantischen Antinomie,Bd01_A-B:0188:0255,Antinomien der Mengenlehre,Bd01_A-B
Bd01_A-B:0194:0272,10,Implikation,"Implikation zwischen Grund und Folge, erst aufgrund der Kritik der budd",Bd03_G-Inn:0580:0424,Implikation,Bd03_G-Inn
Bd01_A-B:0194:0272,10,Implikation,"Implikation zwischen Grund und Folge, erst aufgrund der Kritik der budd",Bd03_G-Inn:0581:0425,"Implikation, induktive",Bd03_G-Inn
Bd01_A-B:0194:0272,10,Implikation,"Implikation zwischen Grund und Folge, erst aufgrund der Kritik der budd",Bd03_G-Inn:0582:0426,"Implikation, relevante",Bd03_G-Inn
Bd01_A-B:0194:0272,10,Implikation,"Implikation zwischen Grund und Folge, erst aufgrund der Kritik der budd",Bd03_G-Inn:0582:0427,"Implikation, strenge",Bd03_G-Inn
Bd01_A-B:0194:0272,10,Implikation,"Implikation zwischen Grund und Folge, erst aufgrund der Kritik der budd",Bd03_G-Inn:0582:0428,"Implikation, strikte",Bd03_G-Inn
Bd01_A-B:0194:0272,10,Implikation,"Implikation zwischen Grund und Folge, erst aufgrund der Kritik der budd",Bd06_O-Ra:0160:0136,Implikation,Bd06_O-Ra
Bd01_A-B:0195:0275,2,unendlich/Unendlichkeit,unendlich/Unendlichkeit,Bd08_Th-Z:0192:0155,unendlich/Unendlichkeit,Bd08_Th-Z
Bd01_A-B:0195:0275,2,unendlich/Unendlichkeit,unendlich/Unendlichkeit,Bd08_Th-Z:0198:0157,"Unendlichkeit, schlechte",Bd08_Th-Z
Bd01_A-B:0197:0279,4,unendlich/Unendlichkeit,unendlich/Unendlichkeit,Bd08_Th-Z:0192:0155,unendlich/Unendlichkeit,Bd08_Th-Z
Bd01_A-B:0197:0279,4,unendlich/Unendlichkeit,unendlich/Unendlichkeit,Bd08_Th-Z:0198:0157,"Unendlichkeit, schlechte",Bd08_Th-Z
Bd01_A-B:0209:0302,15,Wiener,Wiener Kreises (R,Bd08_Th-Z:0518:0496,Wiener,Bd08_Th-Z
Bd01_A-B:0209:0302,15,Wiener,Wiener Kreises (R,Bd08_Th-Z:0519:0497,Wiener,Bd08_Th-Z
Bd01_A-B:0209:0302,15,Wiener,Wiener Kreises (R,Bd08_Th-Z:0520:0498,Wiener Kreis,Bd08_Th-Z
Bd01_A-B:0212:0307,14,Klasse,"Klasse, logisch",Bd04_Ins-Loc:0242:0160,Klasse (logisch),Bd04_Ins-Loc
Bd01_A-B:0212:0307,14,Klasse,"Klasse, logisch",Bd04_Ins-Loc:0244:0161,Klasse (sozialwissenschaftlich),Bd04_Ins-Loc
Bd01_A-B:0212:0307,14,Klasse,"Klasse, logisch",Bd04_Ins-Loc:0247:0162,"Klasse, leere",Bd04_Ins-Loc
Bd01_A-B:0212:0307,15,Implikation,Implikation,Bd03_G-Inn:0580:0424,Implikation,Bd03_G-Inn
Bd01_A-B:0212:0307,15,Implikation,Implikation,Bd03_G-Inn:0581:0425,"Implikation, induktive",Bd03_G-Inn
Bd01_A-B:0212:0307,15,Implikation,Implikation,Bd03_G-Inn:0582:0426,"Implikation, relevante",Bd03_G-Inn
Bd01_A-B:0212:0307,15,Implikation,Implikation,Bd03_G-Inn:0582:0427,"Implikation, strenge",Bd03_G-Inn
Bd01_A-B:0212:0307,15,Implikation,Implikation,Bd03_G-Inn:0582:0428,"Implikation, strikte",Bd03_G-Inn
Bd01_A-B:0212:0307,15,Implikation,Implikation,Bd06_O-Ra:0160:0136,Implikation,Bd06_O-Ra
Bd01_A-B:0219:0320,3,Folge,Folge (mathema-,Bd02_C-F:0535:0595,Folge (logisch),Bd02_C-F
Bd01_A-B:0219:0320,3,Folge,Folge (mathema-,Bd02_C-F:0536:0596,Folge (mathematisch),Bd02_C-F
Bd01_A-B:0230:0335,10,demonstratio,demonstratio propter quid/demonstration quia,Bd02_C-F:0169:0190,demonstratio propter quid/demonstratio quia,Bd02_C-F
Bd01_A-B:0230:0335,10,demonstratio,demonstratio propter quid/demonstration quia,Bd02_C-F:0169:0190,demonstratio propter quid/demonstratio quia,Bd02_C-F
Bd01_A-B:0235:0343,62,Implikation,Implikation notiert werden (also weder als ein Satz noch als eine Regel,Bd03_G-Inn:0580:0424,Implikation,Bd03_G-Inn
Bd01_A-B:0235:0343,62,Implikation,Implikation notiert werden (also weder als ein Satz noch als eine Regel,Bd03_G-Inn:0581:0425,"Implikation, induktive",Bd03_G-Inn
Bd01_A-B:0235:0343,62,Implikation,Implikation notiert werden (also weder als ein Satz noch als eine Regel,Bd03_G-Inn:0582:0426,"Implikation, relevante",Bd03_G-Inn
Bd01_A-B:0235:0343,62,Implikation,Implikation notiert werden (also weder als ein Satz noch als eine Regel,Bd03_G-Inn:0582:0427,"Implikation, strenge",Bd03_G-Inn
Bd01_A-B:0235:0343,62,Implikation,Implikation notiert werden (also weder als ein Satz noch als eine Regel,Bd03_G-Inn:0582:0428,"Implikation, strikte",Bd03_G-Inn
Bd01_A-B:0235:0343,62,Implikation,Implikation notiert werden (also weder als ein Satz noch als eine Regel,Bd06_O-Ra:0160:0136,Implikation,Bd06_O-Ra
Bd01_A-B:0245:0344,11,Begriffe,Begriffe zu,Bd01_A-B:0412:0515,"Begriffe, identische",Bd01_A-B
Bd01_A-B:0245:0344,11,Begriffe,Begriffe zu,Bd01_A-B:0412:0516,"Begriffe, theoretische",Bd01_A-B
Bd01_A-B:0258:0349,6,Implikationen,"Implikationen, so erhält man aus einem Beweis von F einen Beweis des gewä",Bd03_G-Inn:0580:0424,Implikation,Bd03_G-Inn
Bd01_A-B:0258:0349,6,Implikationen,"Implikationen, so erhält man aus einem Beweis von F einen Beweis des gewä",Bd03_G-Inn:0581:0425,"Implikation, induktive",Bd03_G-Inn
Bd01_A-B:0258:0349,6,Implikationen,"Implikationen, so erhält man aus einem Beweis von F einen Beweis des gewä",Bd03_G-Inn:0582:0426,"Implikation, relevante",Bd03_G-Inn
Bd01_A-B:0258:0349,6,Implikationen,"Implikationen, so erhält man aus einem Beweis von F einen Beweis des gewä",Bd03_G-Inn:0582:0427,"Implikation, strenge",Bd03_G-Inn
Bd01_A-B:0258:0349,6,Implikationen,"Implikationen, so erhält man aus einem Beweis von F einen Beweis des gewä",Bd03_G-Inn:0582:0428,"Implikation, strikte",Bd03_G-Inn
Bd01_A-B:0258:0349,6,Implikationen,"Implikationen, so erhält man aus einem Beweis von F einen Beweis des gewä",Bd06_O-Ra:0160:0136,Implikation,Bd06_O-Ra
Bd01_A-B:0277:0379,56,Wiener,Wiener Kreises und dem in der,Bd08_Th-Z:0518:0496,Wiener,Bd08_Th-Z
Bd01_A-B:0277:0379,56,Wiener,Wiener Kreises und dem in der,Bd08_Th-Z:0519:0497,Wiener,Bd08_Th-Z
Bd01_A-B:0277:0379,56,Wiener,Wiener Kreises und dem in der,Bd08_Th-Z:0520:0498,Wiener Kreis,Bd08_Th-Z
Bd01_A-B:0288:0380,0,ästhetisch/Ästhetik,ästhetisch/Ästhetik,Bd01_A-B:0277:0379,ästhetisch/Ästhetik,Bd01_A-B
Bd01_A-B:0288:0380,0,ästhetisch/Ästhetik,ästhetisch/Ästhetik,Bd01_A-B:0288:0380,ästhetisch/Ästhetik (endeetisch),Bd01_A-B
Bd01_A-B:0288:0380,19,ästhetisch/Ästhetik,ästhetisch/Ästhetik,Bd01_A-B:0277:0379,ästhetisch/Ästhetik,Bd01_A-B
Bd01_A-B:0288:0380,19,ästhetisch/Ästhetik,ästhetisch/Ästhetik,Bd01_A-B:0288:0380,ästhetisch/Ästhetik (endeetisch),Bd01_A-B
Bd01_A-B:0290:0381,0,ästhetisch/,ästhetisch/ Ästhetik,Bd01_A-B:0277:0379,ästhetisch/Ästhetik,Bd01_A-B
Bd01_A-B:0290:0381,0,ästhetisch/,ästhetisch/ Ästhetik,Bd01_A-B:0288:0380,ästhetisch/Ästhetik (endeetisch),Bd01_A-B
Bd01_A-B:0293:0383,5,Platonischen,"Platonischen Körper zurückzuführen, die den Kugeln in der Reihenfolge",Bd06_O-Ra:0360:0243,Platonische Akademie (Academia Platonica),Bd06_O-Ra
Bd01_A-B:0293:0383,5,Platonischen,"Platonischen Körper zurückzuführen, die den Kugeln in der Reihenfolge",Bd06_O-Ra:0361:0244,Platonische Körper,Bd06_O-Ra
Bd01_A-B:0298:0387,25,Wiener,Wiener Kreises schulmäßig inauguriert,Bd08_Th-Z:0518:0496,Wiener,Bd08_Th-Z
Bd01_A-B:0298:0387,25,Wiener,Wiener Kreises schulmäßig inauguriert,Bd08_Th-Z:0519:0497,Wiener,Bd08_Th-Z
Bd01_A-B:0298:0387,25,Wiener,Wiener Kreises schulmäßig inauguriert,Bd08_Th-Z:0520:0498,Wiener Kreis,Bd08_Th-Z
Bd01_A-B:0308:0397,2,Kraft,Kraft eine systematische Priorität vor anderen physikalischen Beg,Bd04_Ins-Loc:0399:0315,Kraft,Bd04_Ins-Loc
Bd01_A-B:0308:0397,2,Kraft,Kraft eine systematische Priorität vor anderen physikalischen Beg,Bd04_Ins-Loc:0401:0316,Kraft,Bd04_Ins-Loc
Bd01_A-B:0321:0409,5,ästhetisch/Ästhetik,ästhetisch/Ästhetik,Bd01_A-B:0277:0379,ästhetisch/Ästhetik,Bd01_A-B
Bd01_A-B:0321:0409,5,ästhetisch/Ästhetik,ästhetisch/Ästhetik,Bd01_A-B:0288:0380,ästhetisch/Ästhetik (endeetisch),Bd01_A-B
Bd01_A-B:0324:0413,43,Begriffe,"Begriffe, abweichend vom heutigen Sprachgebrauch, als die BedeutungF",Bd01_A-B:0412:0515,"Begriffe, identische",Bd01_A-B
Bd01_A-B:0324:0413,43,Begriffe,"Begriffe, abweichend vom heutigen Sprachgebrauch, als die BedeutungF",Bd01_A-B:0412:0516,"Begriffe, theoretische",Bd01_A-B
Bd01_A-B:0324:0413,111,Implikationen,Implikationen,Bd03_G-Inn:0580:0424,Implikation,Bd03_G-Inn
Bd01_A-B:0324:0413,111,Implikationen,Implikationen,Bd03_G-Inn:0581:0425,"Implikation, induktive",Bd03_G-Inn
Bd01_A-B:0324:0413,111,Implikationen,Implikationen,Bd03_G-Inn:0582:0426,"Implikation, relevante",Bd03_G-Inn
Bd01_A-B:0324:0413,111,Implikationen,Implikationen,Bd03_G-Inn:0582:0427,"Implikation, strenge",Bd03_G-Inn
Bd01_A-B:0324:0413,111,Implikationen,Implikationen,Bd03_G-Inn:0582:0428,"Implikation, strikte",Bd03_G-Inn
Bd01_A-B:0324:0413,111,Implikationen,Implikationen,Bd06_O-Ra:0160:0136,Implikation,Bd06_O-Ra
Bd01_A-B:0331:0425,20,Zeichen,"Zeichen,",Bd08_Th-Z:0663:0583,Zeichen (logisch),Bd08_Th-Z
Bd01_A-B:0331:0425,20,Zeichen,"Zeichen,",Bd08_Th-Z:0665:0584,Zeichen (semiotisch),Bd08_Th-Z
Bd01_A-B:0358:0453,5,Kraft,Kraft,Bd04_Ins-Loc:0399:0315,Kraft,Bd04_Ins-Loc
Bd01_A-B:0358:0453,5,Kraft,Kraft,Bd04_Ins-Loc:0401:0316,Kraft,Bd04_Ins-Loc
Bd01_A-B:0358:0458,2,Wiener,Wiener Kreises auf dem Wege einer Einbettung in die Tradition des,Bd08_Th-Z:0518:0496,Wiener,Bd08_Th-Z
Bd01_A-B:0358:0458,2,Wiener,Wiener Kreises auf dem Wege einer Einbettung in die Tradition des,Bd08_Th-Z:0519:0497,Wiener,Bd08_Th-Z
Bd01_A-B:0358:0458,2,Wiener,Wiener Kreises auf dem Wege einer Einbettung in die Tradition des,Bd08_Th-Z:0520:0498,Wiener Kreis,Bd08_Th-Z
Bd01_A-B:0388:0494,5,ästhetisch/Ästhetik,ästhetisch/Ästhetik,Bd01_A-B:0277:0379,ästhetisch/Ästhetik,Bd01_A-B
Bd01_A-B:0388:0494,5,ästhetisch/Ästhetik,ästhetisch/Ästhetik,Bd01_A-B:0288:0380,ästhetisch/Ästhetik (endeetisch),Bd01_A-B
Bd01_A-B:0403:0506,7,Implikation,Implikation gesprochen und die Subjunktion demgegenüber materiale Impli,Bd03_G-Inn:0580:0424,Implikation,Bd03_G-Inn
Bd01_A-B:0403:0506,7,Implikation,Implikation gesprochen und die Subjunktion demgegenüber materiale Impli,Bd03_G-Inn:0581:0425,"Implikation, induktive",Bd03_G-Inn
Bd01_A-B:0403:0506,7,Implikation,Implikation gesprochen und die Subjunktion demgegenüber materiale Impli,Bd03_G-Inn:0582:0426,"Implikation, relevante",Bd03_G-Inn
Bd01_A-B:0403:0506,7,Implikation,Implikation gesprochen und die Subjunktion demgegenüber materiale Impli,Bd03_G-Inn:0582:0427,"Implikation, strenge",Bd03_G-Inn
Bd01_A-B:0403:0506,7,Implikation,Implikation gesprochen und die Subjunktion demgegenüber materiale Impli,Bd03_G-Inn:0582:0428,"Implikation, strikte",Bd03_G-Inn
Bd01_A-B:0403:0506,7,Implikation,Implikation gesprochen und die Subjunktion demgegenüber materiale Impli,Bd06_O-Ra:0160:0136,Implikation,Bd06_O-Ra
Bd01_A-B:0403:0506,8,Implikation,Implikation,Bd03_G-Inn:0580:0424,Implikation,Bd03_G-Inn
Bd01_A-B:0403:0506,8,Implikation,Implikation,Bd03_G-Inn:0581:0425,"Implikation, induktive",Bd03_G-Inn
Bd01_A-B:0403:0506,8,Implikation,Implikation,Bd03_G-Inn:0582:0426,"Implikation, relevante",Bd03_G-Inn
Bd01_A-B:0403:0506,8,Implikation,Implikation,Bd03_G-Inn:0582:0427,"Implikation, strenge",Bd03_G-Inn
Bd01_A-B:0403:0506,8,Implikation,Implikation,Bd03_G-Inn:0582:0428,"Implikation, strikte",Bd03_G-Inn
Bd01_A-B:0403:0506,8,Implikation,Implikation,Bd06_O-Ra:0160:0136,Implikation,Bd06_O-Ra
Bd01_A-B:0403:0506,12,Implikation,Implikation oder,Bd03_G-Inn:0580:0424,Implikation,Bd03_G-Inn
Bd01_A-B:0403:0506,12,Implikation,Implikation oder,Bd03_G-Inn:0581:0425,"Implikation, induktive",Bd03_G-Inn
Bd01_A-B:0403:0506,12,Implikation,Implikation oder,Bd03_G-Inn:0582:0426,"Implikation, relevante",Bd03_G-Inn
Bd01_A-B:0403:0506,12,Implikation,Implikation oder,Bd03_G-Inn:0582:0427,"Implikation, strenge",Bd03_G-Inn
Bd01_A-B:0403:0506,12,Implikation,Implikation oder,Bd03_G-Inn:0582:0428,"Implikation, strikte",Bd03_G-Inn
Bd01_A-B:0403:0506,12,Implikation,Implikation oder,Bd06_O-Ra:0160:0136,Implikation,Bd06_O-Ra
Bd01_A-B:0411:0514,5,Begriffe,Begriffe (notions individuelles,Bd01_A-B:0412:0515,"Begriffe, identische",Bd01_A-B
Bd01_A-B:0411:0514,5,Begriffe,Begriffe (notions individuelles,Bd01_A-B:0412:0516,"Begriffe, theoretische",Bd01_A-B
Bd01_A-B:0415:0519,16,Implikation,Implikation PaR ≺ QaR für einen beliebigen Terminus R gefolgert werden,Bd03_G-Inn:0580:0424,Implikation,Bd03_G-Inn
Bd01_A-B:0415:0519,16,Implikation,Implikation PaR ≺ QaR für einen beliebigen Terminus R gefolgert werden,Bd03_G-Inn:0581:0425,"Implikation, induktive",Bd03_G-Inn
Bd01_A-B:0415:0519,16,Implikation,Implikation PaR ≺ QaR für einen beliebigen Terminus R gefolgert werden,Bd03_G-Inn:0582:0426,"Implikation, relevante",Bd03_G-Inn
Bd01_A-B:0415:0519,16,Implikation,Implikation PaR ≺ QaR für einen beliebigen Terminus R gefolgert werden,Bd03_G-Inn:0582:0427,"Implikation, strenge",Bd03_G-Inn
Bd01_A-B:0415:0519,16,Implikation,Implikation PaR ≺ QaR für einen beliebigen Terminus R gefolgert werden,Bd03_G-Inn:0582:0428,"Implikation, strikte",Bd03_G-Inn
Bd01_A-B:0415:0519,16,Implikation,Implikation PaR ≺ QaR für einen beliebigen Terminus R gefolgert werden,Bd06_O-Ra:0160:0136,Implikation,Bd06_O-Ra
Bd01_A-B:0415:0522,2,Begriffe,Begriffe aus nicht weiter zerlegbaren Grundbegriffen zusammengesetzt,Bd01_A-B:0412:0515,"Begriffe, identische",Bd01_A-B
Bd01_A-B:0415:0522,2,Begriffe,Begriffe aus nicht weiter zerlegbaren Grundbegriffen zusammengesetzt,Bd01_A-B:0412:0516,"Begriffe, theoretische",Bd01_A-B
Bd01_A-B:0429:0538,1,ästhetisch/Ästhetik,ästhetisch/Ästhetik,Bd01_A-B:0277:0379,ästhetisch/Ästhetik,Bd01_A-B
Bd01_A-B:0429:0538,1,ästhetisch/Ästhetik,ästhetisch/Ästhetik,Bd01_A-B:0288:0380,ästhetisch/Ästhetik (endeetisch),Bd01_A-B
Bd01_A-B:0444:0553,0,Makrokosmos,Makrokosmos,Bd05_Log-N:0206:0132,Makrokosmos,Bd05_Log-N
Bd01_A-B:0444:0553,0,Makrokosmos,Makrokosmos,Bd05_Log-N:0207:0133,Makrokosmos,Bd05_Log-N
Bd01_A-B:0451:0562,0,Paradoxien,"Paradoxien (Calcul des probabilités, 1888",Bd06_O-Ra:0116:0091,"Paradoxien, kosmologische",Bd06_O-Ra
Bd01_A-B:0451:0562,0,Paradoxien,"Paradoxien (Calcul des probabilités, 1888",Bd06_O-Ra:0118:0092,"Paradoxien, zenonische",Bd06_O-Ra
Bd01_A-B:0451:0562,0,Paradoxien,"Paradoxien (Calcul des probabilités, 1888",Bd06_O-Ra:0121:0093,Paradoxien der Implikation,Bd06_O-Ra
Bd01_A-B:0451:0562,0,Paradoxien,"Paradoxien (Calcul des probabilités, 1888",Bd06_O-Ra:0121:0094,Paradoxien des Unendlichen,Bd06_O-Ra
Bd01_A-B:0457:0569,9,Paradoxien,"Paradoxien, die sich auch durch weitergehende Präzisierungen Carnaps n",Bd06_O-Ra:0116:0091,"Paradoxien, kosmologische",Bd06_O-Ra
Bd01_A-B:0457:0569,9,Paradoxien,"Paradoxien, die sich auch durch weitergehende Präzisierungen Carnaps n",Bd06_O-Ra:0118:0092,"Paradoxien, zenonische",Bd06_O-Ra
Bd01_A-B:0457:0569,9,Paradoxien,"Paradoxien, die sich auch durch weitergehende Präzisierungen Carnaps n",Bd06_O-Ra:0121:0093,Paradoxien der Implikation,Bd06_O-Ra
Bd01_A-B:0457:0569,9,Paradoxien,"Paradoxien, die sich auch durch weitergehende Präzisierungen Carnaps n",Bd06_O-Ra:0121:0094,Paradoxien des Unendlichen,Bd06_O-Ra
Bd01_A-B:0464:0581,0,Kräften,Kräften und Bewegungen von Massenpunkten oder Körpern,Bd04_Ins-Loc:0399:0315,Kraft,Bd04_Ins-Loc
Bd01_A-B:0464:0581,0,Kräften,Kräften und Bewegungen von Massenpunkten oder Körpern,Bd04_Ins-Loc:0401:0316,Kraft,Bd04_Ins-Loc
Bd01_A-B:0465:0583,53,Implikation,Implikation (,Bd03_G-Inn:0580:0424,Implikation,Bd03_G-Inn
Bd01_A-B:0465:0583,53,Implikation,Implikation (,Bd03_G-Inn:0581:0425,"Implikation, induktive",Bd03_G-Inn
Bd01_A-B:0465:0583,53,Implikation,Implikation (,Bd03_G-Inn:0582:0426,"Implikation, relevante",Bd03_G-Inn
Bd01_A-B:0465:0583,53,Implikation,Implikation (,Bd03_G-Inn:0582:0427,"Implikation, strenge",Bd03_G-Inn
Bd01_A-B:0465:0583,53,Implikation,Implikation (,Bd03_G-Inn:0582:0428,"Implikation, strikte",Bd03_G-Inn
Bd01_A-B:0465:0583,53,Implikation,Implikation (,Bd06_O-Ra:0160:0136,Implikation,Bd06_O-Ra
Bd01_A-B:0502:0633,8,unendlich/Unendlichkeit,unendlich/Unendlichkeit,Bd08_Th-Z:0192:0155,unendlich/Unendlichkeit,Bd08_Th-Z
Bd01_A-B:0502:0633,8,unendlich/Unendlichkeit,unendlich/Unendlichkeit,Bd08_Th-Z:0198:0157,"Unendlichkeit, schlechte",Bd08_Th-Z
Bd01_A-B:0530:0668,5,Kraft,Kraft,Bd04_Ins-Loc:0399:0315,Kraft,Bd04_Ins-Loc
Bd01_A-B:0530:0668,5,Kraft,Kraft,Bd04_Ins-Loc:0401:0316,Kraft,Bd04_Ins-Loc
Bd01_A-B:0533:0671,9,Makrokosmos,Makrokosmos,Bd05_Log-N:0206:0132,Makrokosmos,Bd05_Log-N
Bd01_A-B:0533:0671,9,Makrokosmos,Makrokosmos,Bd05_Log-N:0207:0133,Makrokosmos,Bd05_Log-N
Bd01_A-B:0534:0672,2,Kräften,Kräften zurück,Bd04_Ins-Loc:0399:0315,Kraft,Bd04_Ins-Loc
Bd01_A-B:0534:0672,2,Kräften,Kräften zurück,Bd04_Ins-Loc:0401:0316,Kraft,Bd04_Ins-Loc
Bd01_A-B:0541:0682,4,Makrokosmos,Makrokosmos,Bd05_Log-N:0206:0132,Makrokosmos,Bd05_Log-N
Bd01_A-B:0541:0682,4,Makrokosmos,Makrokosmos,Bd05_Log-N:0207:0133,Makrokosmos,Bd05_Log-N
Bd01_A-B:0541:0682,5,sensus,sensus com-,Bd07_Re-Te:0380:0298,sensus bonus,Bd07_Re-Te
Bd01_A-B:0541:0682,5,sensus,sensus com-,Bd07_Re-Te:0380:0299,sensus communis,Bd07_Re-Te
Bd01_A-B:0558:0699,8,Implikation,"Implikation,",Bd03_G-Inn:0580:0424,Implikation,Bd03_G-Inn
Bd01_A-B:0558:0699,8,Implikation,"Implikation,",Bd03_G-Inn:0581:0425,"Implikation, induktive",Bd03_G-Inn
Bd01_A-B:0558:0699,8,Implikation,"Implikation,",Bd03_G-Inn:0582:0426,"Implikation, relevante",Bd03_G-Inn
Bd01_A-B:0558:0699,8,Implikation,"Implikation,",Bd03_G-Inn:0582:0427,"Implikation, strenge",Bd03_G-Inn
Bd01_A-B:0558:0699,8,Implikation,"Implikation,",Bd03_G-Inn:0582:0428,"Implikation, strikte",Bd03_G-Inn
Bd01_A-B:0558:0699,8,Implikation,"Implikation,",Bd06_O-Ra:0160:0136,Implikation,Bd06_O-Ra
Bd01_A-B:0565:0707,2,Platonischen,Platonischen Körper im,Bd06_O-Ra:0360:0243,Platonische Akademie (Academia Platonica),Bd06_O-Ra
Bd01_A-B:0565:0707,2,Platonischen,Platonischen Körper im,Bd06_O-Ra:0361:0244,Platonische Körper,Bd06_O-Ra
Bd01_A-B:0570:0714,2,Zeichen,"Zeichen, semiotisch",Bd08_Th-Z:0663:0583,Zeichen (logisch),Bd08_Th-Z
Bd01_A-B:0570:0714,2,Zeichen,"Zeichen, semiotisch",Bd08_Th-Z:0665:0584,Zeichen (semiotisch),Bd08_Th-Z
Bd01_A-B:0577:0723,8,Paradoxien,"Paradoxien (Sophismata, 1489",Bd06_O-Ra:0116:0091,"Paradoxien, kosmologische",Bd06_O-Ra
Bd01_A-B:0577:0723,8,Paradoxien,"Paradoxien (Sophismata, 1489",Bd06_O-Ra:0118:0092,"Paradoxien, zenonische",Bd06_O-Ra
Bd01_A-B:0577:0723,8,Paradoxien,"Paradoxien (Sophismata, 1489",Bd06_O-Ra:0121:0093,Paradoxien der Implikation,Bd06_O-Ra
Bd01_A-B:0577:0723,8,Paradoxien,"Paradoxien (Sophismata, 1489",Bd06_O-Ra:0121:0094,Paradoxien des Unendlichen,Bd06_O-Ra
Bd01_A-B:0579:0725,7,ästhetisch/Ästhetik,ästhetisch/Ästhetik,Bd01_A-B:0277:0379,ästhetisch/Ästhetik,Bd01_A-B
Bd01_A-B:0579:0725,7,ästhetisch/Ästhetik,ästhetisch/Ästhetik,Bd01_A-B:0288:0380,ästhetisch/Ästhetik (endeetisch),Bd01_A-B
Bd02_C-F:0028:0015,0,unendlich/Unendlichkeit,unendlich/Unendlichkeit,Bd08_Th-Z:0192:0155,unendlich/Unendlichkeit,Bd08_Th-Z
Bd02_C-F:0028:0015,0,unendlich/Unendlichkeit,unendlich/Unendlichkeit,Bd08_Th-Z:0198:0157,"Unendlichkeit, schlechte",Bd08_Th-Z
Bd02_C-F:0029:0017,0,unendlich/Unendlichkeit,unendlich/Unendlichkeit,Bd08_Th-Z:0192:0155,unendlich/Unendlichkeit,Bd08_Th-Z
Bd02_C-F:0029:0017,0,unendlich/Unendlichkeit,unendlich/Unendlichkeit,Bd08_Th-Z:0198:0157,"Unendlichkeit, schlechte",Bd08_Th-Z
Bd02_C-F:0030:0019,9,Antinomien,Antinomien sowie bei den Unvollständigkeits- und Unentscheidbarkeitsbe,Bd01_A-B:0186:0253,"Antinomien, logische",Bd01_A-B
Bd02_C-F:0030:0019,9,Antinomien,Antinomien sowie bei den Unvollständigkeits- und Unentscheidbarkeitsbe,Bd01_A-B:0187:0254,"Antinomien, semantische",Bd01_A-B
Bd02_C-F:0030:0019,9,Antinomien,Antinomien sowie bei den Unvollständigkeits- und Unentscheidbarkeitsbe,Bd01_A-B:0188:0255,Antinomien der Mengenlehre,Bd01_A-B
Bd02_C-F:0034:0023,2,Wiener,"Wiener Kreises, dessen Aktivitäten er mit denen der maßgeblich von",Bd08_Th-Z:0518:0496,Wiener,Bd08_Th-Z
Bd02_C-F:0034:0023,2,Wiener,"Wiener Kreises, dessen Aktivitäten er mit denen der maßgeblich von",Bd08_Th-Z:0519:0497,Wiener,Bd08_Th-Z
Bd02_C-F:0034:0023,2,Wiener,"Wiener Kreises, dessen Aktivitäten er mit denen der maßgeblich von",Bd08_Th-Z:0520:0498,Wiener Kreis,Bd08_Th-Z
Bd02_C-F:0039:0025,2,Paradoxien,"Paradoxien in so meisterhafter Weise, daß Charaktere und Zitate aus di",Bd06_O-Ra:0116:0091,"Paradoxien, kosmologische",Bd06_O-Ra
Bd02_C-F:0039:0025,2,Paradoxien,"Paradoxien in so meisterhafter Weise, daß Charaktere und Zitate aus di",Bd06_O-Ra:0118:0092,"Paradoxien, zenonische",Bd06_O-Ra
Bd02_C-F:0039:0025,2,Paradoxien,"Paradoxien in so meisterhafter Weise, daß Charaktere und Zitate aus di",Bd06_O-Ra:0121:0093,Paradoxien der Implikation,Bd06_O-Ra
Bd02_C-F:0039:0025,2,Paradoxien,"Paradoxien in so meisterhafter Weise, daß Charaktere und Zitate aus di",Bd06_O-Ra:0121:0094,Paradoxien des Unendlichen,Bd06_O-Ra
Bd02_C-F:0053:0041,2,Erlanger,Erlanger Programms an,Bd02_C-F:0407:0458,Erlanger Programm,Bd02_C-F
Bd02_C-F:0053:0041,2,Erlanger,Erlanger Programms an,Bd02_C-F:0408:0459,Erlanger Schule,Bd02_C-F
Bd02_C-F:0065:0059,17,Wiener,Wiener Kreises (,Bd08_Th-Z:0518:0496,Wiener,Bd08_Th-Z
Bd02_C-F:0065:0059,17,Wiener,Wiener Kreises (,Bd08_Th-Z:0519:0497,Wiener,Bd08_Th-Z
Bd02_C-F:0065:0059,17,Wiener,Wiener Kreises (,Bd08_Th-Z:0520:0498,Wiener Kreis,Bd08_Th-Z
Bd02_C-F:0065:0059,29,Relativitätstheorie,Relativitätstheorie allgemeine,Bd07_Re-Te:0101:0079,"Relativitätstheorie, allgemeine",Bd07_Re-Te
Bd02_C-F:0065:0059,29,Relativitätstheorie,Relativitätstheorie allgemeine,Bd07_Re-Te:0105:0080,"Relativitätstheorie, spezielle",Bd07_Re-Te
Bd02_C-F:0076:0073,5,Strukturalismus,Strukturalismus (philosophisch/ wissenschaftstheoretisch,Bd07_Re-Te:0566:0465,"Strukturalismus (philosophisch, wissenschaftstheoretisch)",Bd07_Re-Te
Bd02_C-F:0076:0073,5,Strukturalismus,Strukturalismus (philosophisch/ wissenschaftstheoretisch,Bd07_Re-Te:0573:0466,"Strukturalismus, mathematischer",Bd07_Re-Te
Bd02_C-F:0079:0076,12,Kraft,Kraft,Bd04_Ins-Loc:0399:0315,Kraft,Bd04_Ins-Loc
Bd02_C-F:0079:0076,12,Kraft,Kraft,Bd04_Ins-Loc:0401:0316,Kraft,Bd04_Ins-Loc
Bd02_C-F:0088:0086,6,Paradoxien,Paradoxien zählenden – grammatischen Antinomien (,Bd06_O-Ra:0116:0091,"Paradoxien, kosmologische",Bd06_O-Ra
Bd02_C-F:0088:0086,6,Paradoxien,Paradoxien zählenden – grammatischen Antinomien (,Bd06_O-Ra:0118:0092,"Paradoxien, zenonische",Bd06_O-Ra
Bd02_C-F:0088:0086,6,Paradoxien,Paradoxien zählenden – grammatischen Antinomien (,Bd06_O-Ra:0121:0093,Paradoxien der Implikation,Bd06_O-Ra
Bd02_C-F:0088:0086,6,Paradoxien,Paradoxien zählenden – grammatischen Antinomien (,Bd06_O-Ra:0121:0094,Paradoxien des Unendlichen,Bd06_O-Ra
Bd02_C-F:0089:0089,5,Kräfte,Kräfte möglich,Bd04_Ins-Loc:0399:0315,Kraft,Bd04_Ins-Loc
Bd02_C-F:0089:0089,5,Kräfte,Kräfte möglich,Bd04_Ins-Loc:0401:0316,Kraft,Bd04_Ins-Loc
Bd02_C-F:0104:0109,1,Kraft,Kraft,Bd04_Ins-Loc:0399:0315,Kraft,Bd04_Ins-Loc
Bd02_C-F:0104:0109,1,Kraft,Kraft,Bd04_Ins-Loc:0401:0316,Kraft,Bd04_Ins-Loc
Bd02_C-F:0108:0116,19,De,De Morganschen Gesetze bekannt,Bd02_C-F:0147:0164,de dicto/de re,Bd02_C-F
Bd02_C-F:0108:0116,19,De,De Morganschen Gesetze bekannt,Bd02_C-F:0147:0164,de dicto/de re,Bd02_C-F
Bd02_C-F:0108:0116,19,De,De Morganschen Gesetze bekannt,Bd02_C-F:0171:0192,De Morgansche Gesetze,Bd02_C-F
Bd02_C-F:0108:0116,25,Implikationen,"Implikationen, strikte",Bd03_G-Inn:0580:0424,Implikation,Bd03_G-Inn
Bd02_C-F:0108:0116,25,Implikationen,"Implikationen, strikte",Bd03_G-Inn:0581:0425,"Implikation, induktive",Bd03_G-Inn
Bd02_C-F:0108:0116,25,Implikationen,"Implikationen, strikte",Bd03_G-Inn:0582:0426,"Implikation, relevante",Bd03_G-Inn
Bd02_C-F:0108:0116,25,Implikationen,"Implikationen, strikte",Bd03_G-Inn:0582:0427,"Implikation, strenge",Bd03_G-Inn
Bd02_C-F:0108:0116,25,Implikationen,"Implikationen, strikte",Bd03_G-Inn:0582:0428,"Implikation, strikte",Bd03_G-Inn
Bd02_C-F:0108:0116,25,Implikationen,"Implikationen, strikte",Bd06_O-Ra:0160:0136,Implikation,Bd06_O-Ra
Bd02_C-F:0113:0128,0,unendlich/Unendlichkeit,unendlich/Unendlichkeit,Bd08_Th-Z:0192:0155,unendlich/Unendlichkeit,Bd08_Th-Z
Bd02_C-F:0113:0128,0,unendlich/Unendlichkeit,unendlich/Unendlichkeit,Bd08_Th-Z:0198:0157,"Unendlichkeit, schlechte",Bd08_Th-Z
Bd02_C-F:0117:0137,14,Kraft,Kraft,Bd04_Ins-Loc:0399:0315,Kraft,Bd04_Ins-Loc
Bd02_C-F:0117:0137,14,Kraft,Kraft,Bd04_Ins-Loc:0401:0316,Kraft,Bd04_Ins-Loc
Bd02_C-F:0119:0141,0,Nikolaus,Nikolaus von Kues,Bd05_Log-N:0604:0474,Nikolaus,Bd05_Log-N
Bd02_C-F:0119:0141,0,Nikolaus,Nikolaus von Kues,Bd05_Log-N:0605:0475,Nikolaus,Bd05_Log-N
Bd02_C-F:0119:0141,0,Nikolaus,Nikolaus von Kues,Bd05_Log-N:0609:0476,Nikolaus von Oresme,Bd05_Log-N
Bd02_C-F:0122:0144,2,Kräfte,Kräfte auf einfache Weise durch Betrachtung eines dynamischen Glei,Bd04_Ins-Loc:0399:0315,Kraft,Bd04_Ins-Loc
Bd02_C-F:0122:0144,2,Kräfte,Kräfte auf einfache Weise durch Betrachtung eines dynamischen Glei,Bd04_Ins-Loc:0401:0316,Kraft,Bd04_Ins-Loc
Bd02_C-F:0126:0149,8,Implikation,Implikation,Bd03_G-Inn:0580:0424,Implikation,Bd03_G-Inn
Bd02_C-F:0126:0149,8,Implikation,Implikation,Bd03_G-Inn:0581:0425,"Implikation, induktive",Bd03_G-Inn
Bd02_C-F:0126:0149,8,Implikation,Implikation,Bd03_G-Inn:0582:0426,"Implikation, relevante",Bd03_G-Inn
Bd02_C-F:0126:0149,8,Implikation,Implikation,Bd03_G-Inn:0582:0427,"Implikation, strenge",Bd03_G-Inn
Bd02_C-F:0126:0149,8,Implikation,Implikation,Bd03_G-Inn:0582:0428,"Implikation, strikte",Bd03_G-Inn
Bd02_C-F:0126:0149,8,Implikation,Implikation,Bd06_O-Ra:0160:0136,Implikation,Bd06_O-Ra
Bd02_C-F:0133:0151,2,ästhetisch/Ästhetik,ästhetisch/Ästhetik,Bd01_A-B:0277:0379,ästhetisch/Ästhetik,Bd01_A-B
Bd02_C-F:0133:0151,2,ästhetisch/Ästhetik,ästhetisch/Ästhetik,Bd01_A-B:0288:0380,ästhetisch/Ästhetik (endeetisch),Bd01_A-B
Bd02_C-F:0135:0152,9,Begriffe,Begriffe und Beziehungen durch ein- bzw,Bd01_A-B:0412:0515,"Begriffe, identische",Bd01_A-B
Bd02_C-F:0135:0152,9,Begriffe,Begriffe und Beziehungen durch ein- bzw,Bd01_A-B:0412:0516,"Begriffe, theoretische",Bd01_A-B
Bd02_C-F:0135:0154,0,Darstellung,Darstellung (logischmengentheoretisch,Bd02_C-F:0135:0155,Darstellung (logisch-mengentheoretisch),Bd02_C-F
Bd02_C-F:0135:0154,0,Darstellung,Darstellung (logischmengentheoretisch,Bd02_C-F:0135:0156,Darstellung (semiotisch),Bd02_C-F
Bd02_C-F:0153:0173,1,Antinomien,Antinomien zu vermeiden,Bd01_A-B:0186:0253,"Antinomien, logische",Bd01_A-B
Bd02_C-F:0153:0173,1,Antinomien,Antinomien zu vermeiden,Bd01_A-B:0187:0254,"Antinomien, semantische",Bd01_A-B
Bd02_C-F:0153:0173,1,Antinomien,Antinomien zu vermeiden,Bd01_A-B:0188:0255,Antinomien der Mengenlehre,Bd01_A-B
Bd02_C-F:0170:0191,42,De,De Morganschen Gesetze,Bd02_C-F:0147:0164,de dicto/de re,Bd02_C-F
Bd02_C-F:0170:0191,42,De,De Morganschen Gesetze,Bd02_C-F:0147:0164,de dicto/de re,Bd02_C-F
Bd02_C-F:0170:0191,42,De,De Morganschen Gesetze,Bd02_C-F:0171:0192,De Morgansche Gesetze,Bd02_C-F
Bd02_C-F:0171:0192,4,Implikationen,Implikationen von links nach rechts in (J2,Bd03_G-Inn:0580:0424,Implikation,Bd03_G-Inn
Bd02_C-F:0171:0192,4,Implikationen,Implikationen von links nach rechts in (J2,Bd03_G-Inn:0581:0425,"Implikation, induktive",Bd03_G-Inn
Bd02_C-F:0171:0192,4,Implikationen,Implikationen von links nach rechts in (J2,Bd03_G-Inn:0582:0426,"Implikation, relevante",Bd03_G-Inn
Bd02_C-F:0171:0192,4,Implikationen,Implikationen von links nach rechts in (J2,Bd03_G-Inn:0582:0427,"Implikation, strenge",Bd03_G-Inn
Bd02_C-F:0171:0192,4,Implikationen,Implikationen von links nach rechts in (J2,Bd03_G-Inn:0582:0428,"Implikation, strikte",Bd03_G-Inn
Bd02_C-F:0171:0192,4,Implikationen,Implikationen von links nach rechts in (J2,Bd06_O-Ra:0160:0136,Implikation,Bd06_O-Ra
Bd02_C-F:0174:0195,2,Wiener,Wiener Kreises bereits M,Bd08_Th-Z:0518:0496,Wiener,Bd08_Th-Z
Bd02_C-F:0174:0195,2,Wiener,Wiener Kreises bereits M,Bd08_Th-Z:0519:0497,Wiener,Bd08_Th-Z
Bd02_C-F:0174:0195,2,Wiener,Wiener Kreises bereits M,Bd08_Th-Z:0520:0498,Wiener Kreis,Bd08_Th-Z
Bd02_C-F:0196:0216,7,Implikation,Implikation A ≺ B eine logische Folge der Implikation A ≺ B ist,Bd03_G-Inn:0580:0424,Implikation,Bd03_G-Inn
Bd02_C-F:0196:0216,7,Implikation,Implikation A ≺ B eine logische Folge der Implikation A ≺ B ist,Bd03_G-Inn:0581:0425,"Implikation, induktive",Bd03_G-Inn
Bd02_C-F:0196:0216,7,Implikation,Implikation A ≺ B eine logische Folge der Implikation A ≺ B ist,Bd03_G-Inn:0582:0426,"Implikation, relevante",Bd03_G-Inn
Bd02_C-F:0196:0216,7,Implikation,Implikation A ≺ B eine logische Folge der Implikation A ≺ B ist,Bd03_G-Inn:0582:0427,"Implikation, strenge",Bd03_G-Inn
Bd02_C-F:0196:0216,7,Implikation,Implikation A ≺ B eine logische Folge der Implikation A ≺ B ist,Bd03_G-Inn:0582:0428,"Implikation, strikte",Bd03_G-Inn
Bd02_C-F:0196:0216,7,Implikation,Implikation A ≺ B eine logische Folge der Implikation A ≺ B ist,Bd06_O-Ra:0160:0136,Implikation,Bd06_O-Ra
Bd02_C-F:0206:0225,12,Antinomien,Antinomien (mit denen sich die Vernunft in eine Antithetik verwickelt,Bd01_A-B:0186:0253,"Antinomien, logische",Bd01_A-B
Bd02_C-F:0206:0225,12,Antinomien,Antinomien (mit denen sich die Vernunft in eine Antithetik verwickelt,Bd01_A-B:0187:0254,"Antinomien, semantische",Bd01_A-B
Bd02_C-F:0206:0225,12,Antinomien,Antinomien (mit denen sich die Vernunft in eine Antithetik verwickelt,Bd01_A-B:0188:0255,Antinomien der Mengenlehre,Bd01_A-B
Bd02_C-F:0223:0246,2,Platonischen,Platonischen Körper und Archimedischen Berechnungen (A Mathematical Disc,Bd06_O-Ra:0360:0243,Platonische Akademie (Academia Platonica),Bd06_O-Ra
Bd02_C-F:0223:0246,2,Platonischen,Platonischen Körper und Archimedischen Berechnungen (A Mathematical Disc,Bd06_O-Ra:0361:0244,Platonische Körper,Bd06_O-Ra
Bd02_C-F:0224:0247,6,Implikation,Implikation,Bd03_G-Inn:0580:0424,Implikation,Bd03_G-Inn
Bd02_C-F:0224:0247,6,Implikation,Implikation,Bd03_G-Inn:0581:0425,"Implikation, induktive",Bd03_G-Inn
Bd02_C-F:0224:0247,6,Implikation,Implikation,Bd03_G-Inn:0582:0426,"Implikation, relevante",Bd03_G-Inn
Bd02_C-F:0224:0247,6,Implikation,Implikation,Bd03_G-Inn:0582:0427,"Implikation, strenge",Bd03_G-Inn
Bd02_C-F:0224:0247,6,Implikation,Implikation,Bd03_G-Inn:0582:0428,"Implikation, strikte",Bd03_G-Inn
Bd02_C-F:0224:0247,6,Implikation,Implikation,Bd06_O-Ra:0160:0136,Implikation,Bd06_O-Ra
Bd02_C-F:0227:0250,10,Paradoxien,Paradoxien erkannt,Bd06_O-Ra:0116:0091,"Paradoxien, kosmologische",Bd06_O-Ra
Bd02_C-F:0227:0250,10,Paradoxien,Paradoxien erkannt,Bd06_O-Ra:0118:0092,"Paradoxien, zenonische",Bd06_O-Ra
Bd02_C-F:0227:0250,10,Paradoxien,Paradoxien erkannt,Bd06_O-Ra:0121:0093,Paradoxien der Implikation,Bd06_O-Ra
Bd02_C-F:0227:0250,10,Paradoxien,Paradoxien erkannt,Bd06_O-Ra:0121:0094,Paradoxien des Unendlichen,Bd06_O-Ra
Bd02_C-F:0238:0258,5,Implikation,Implikation hält er im Rahmen einer Analyse von,Bd03_G-Inn:0580:0424,Implikation,Bd03_G-Inn
Bd02_C-F:0238:0258,5,Implikation,Implikation hält er im Rahmen einer Analyse von,Bd03_G-Inn:0581:0425,"Implikation, induktive",Bd03_G-Inn
Bd02_C-F:0238:0258,5,Implikation,Implikation hält er im Rahmen einer Analyse von,Bd03_G-Inn:0582:0426,"Implikation, relevante",Bd03_G-Inn
Bd02_C-F:0238:0258,5,Implikation,Implikation hält er im Rahmen einer Analyse von,Bd03_G-Inn:0582:0427,"Implikation, strenge",Bd03_G-Inn
Bd02_C-F:0238:0258,5,Implikation,Implikation hält er im Rahmen einer Analyse von,Bd03_G-Inn:0582:0428,"Implikation, strikte",Bd03_G-Inn
Bd02_C-F:0238:0258,5,Implikation,Implikation hält er im Rahmen einer Analyse von,Bd06_O-Ra:0160:0136,Implikation,Bd06_O-Ra
Bd02_C-F:0255:0282,15,Booleschen,Booleschen Verbände und die Mengenverbände (,Bd01_A-B:0529:0663,Boolesche Algebra,Bd01_A-B
Bd02_C-F:0255:0282,15,Booleschen,Booleschen Verbände und die Mengenverbände (,Bd01_A-B:0529:0664,Boolesche Summe,Bd01_A-B
Bd02_C-F:0267:0305,1,symmetrisch/,symmetrisch/ Symmetrie (logisch,Bd07_Re-Te:0630:0537,symmetrisch/Symmetrie (argumentationstheore tisch),Bd07_Re-Te
Bd02_C-F:0267:0305,1,symmetrisch/,symmetrisch/ Symmetrie (logisch,Bd07_Re-Te:0631:0538,symmetrisch/Symmetrie (geometrisch),Bd07_Re-Te
Bd02_C-F:0267:0305,1,symmetrisch/,symmetrisch/ Symmetrie (logisch,Bd07_Re-Te:0633:0539,symmetrisch/Symmetrie (logisch),Bd07_Re-Te
Bd02_C-F:0267:0305,1,symmetrisch/,symmetrisch/ Symmetrie (logisch,Bd07_Re-Te:0634:0540,symmetrisch/Symmetrie (naturphilosophisch),Bd07_Re-Te
Bd02_C-F:0271:0311,11,Paradoxien,Paradoxien bzw,Bd06_O-Ra:0116:0091,"Paradoxien, kosmologische",Bd06_O-Ra
Bd02_C-F:0271:0311,11,Paradoxien,Paradoxien bzw,Bd06_O-Ra:0118:0092,"Paradoxien, zenonische",Bd06_O-Ra
Bd02_C-F:0271:0311,11,Paradoxien,Paradoxien bzw,Bd06_O-Ra:0121:0093,Paradoxien der Implikation,Bd06_O-Ra
Bd02_C-F:0271:0311,11,Paradoxien,Paradoxien bzw,Bd06_O-Ra:0121:0094,Paradoxien des Unendlichen,Bd06_O-Ra
Bd02_C-F:0275:0315,1,unendlich/Unendlichkeit,unendlich/Unendlichkeit,Bd08_Th-Z:0192:0155,unendlich/Unendlichkeit,Bd08_Th-Z
Bd02_C-F:0275:0315,1,unendlich/Unendlichkeit,unendlich/Unendlichkeit,Bd08_Th-Z:0198:0157,"Unendlichkeit, schlechte",Bd08_Th-Z
Bd02_C-F:0286:0322,2,Kräften,Kräften eingeengt,Bd04_Ins-Loc:0399:0315,Kraft,Bd04_Ins-Loc
Bd02_C-F:0286:0322,2,Kräften,Kräften eingeengt,Bd04_Ins-Loc:0401:0316,Kraft,Bd04_Ins-Loc
Bd02_C-F:0288:0325,0,Kraft,Kraft bzw,Bd04_Ins-Loc:0399:0315,Kraft,Bd04_Ins-Loc
Bd02_C-F:0288:0325,0,Kraft,Kraft bzw,Bd04_Ins-Loc:0401:0316,Kraft,Bd04_Ins-Loc
Bd02_C-F:0306:0345,3,ästhetisch/Ästhetik,ästhetisch/Ästhetik,Bd01_A-B:0277:0379,ästhetisch/Ästhetik,Bd01_A-B
Bd02_C-F:0306:0345,3,ästhetisch/Ästhetik,ästhetisch/Ästhetik,Bd01_A-B:0288:0380,ästhetisch/Ästhetik (endeetisch),Bd01_A-B
Bd02_C-F:0309:0348,1,Platonischen,Platonischen Körper für die Planetenbahnen und Planetenabstände orientie,Bd06_O-Ra:0360:0243,Platonische Akademie (Academia Platonica),Bd06_O-Ra
Bd02_C-F:0309:0348,1,Platonischen,Platonischen Körper für die Planetenbahnen und Planetenabstände orientie,Bd06_O-Ra:0361:0244,Platonische Körper,Bd06_O-Ra
Bd02_C-F:0310:0349,3,ästhetisch/Ästhetik,ästhetisch/Ästhetik,Bd01_A-B:0277:0379,ästhetisch/Ästhetik,Bd01_A-B
Bd02_C-F:0310:0349,3,ästhetisch/Ästhetik,ästhetisch/Ästhetik,Bd01_A-B:0288:0380,ästhetisch/Ästhetik (endeetisch),Bd01_A-B
Bd02_C-F:0311:0350,4,Begriffe,"Begriffe nicht nur als Bedeutungen von Prädikatoren konzipiert, sond",Bd01_A-B:0412:0515,"Begriffe, identische",Bd01_A-B
Bd02_C-F:0311:0350,4,Begriffe,"Begriffe nicht nur als Bedeutungen von Prädikatoren konzipiert, sond",Bd01_A-B:0412:0516,"Begriffe, theoretische",Bd01_A-B
Bd02_C-F:0316:0354,0,Wiener,Wiener Kreises im Geiste des Logischen Empirismus (,Bd08_Th-Z:0518:0496,Wiener,Bd08_Th-Z
Bd02_C-F:0316:0354,0,Wiener,Wiener Kreises im Geiste des Logischen Empirismus (,Bd08_Th-Z:0519:0497,Wiener,Bd08_Th-Z
Bd02_C-F:0316:0354,0,Wiener,Wiener Kreises im Geiste des Logischen Empirismus (,Bd08_Th-Z:0520:0498,Wiener Kreis,Bd08_Th-Z
Bd02_C-F:0333:0385,1,ästhetisch/Ästhetik,ästhetisch/Ästhetik,Bd01_A-B:0277:0379,ästhetisch/Ästhetik,Bd01_A-B
Bd02_C-F:0333:0385,1,ästhetisch/Ästhetik,ästhetisch/Ästhetik,Bd01_A-B:0288:0380,ästhetisch/Ästhetik (endeetisch),Bd01_A-B
Bd02_C-F:0337:0388,11,Wiener,Wiener Kreises über,Bd08_Th-Z:0518:0496,Wiener,Bd08_Th-Z
Bd02_C-F:0337:0388,11,Wiener,Wiener Kreises über,Bd08_Th-Z:0519:0497,Wiener,Bd08_Th-Z
Bd02_C-F:0337:0388,11,Wiener,Wiener Kreises über,Bd08_Th-Z:0520:0498,Wiener Kreis,Bd08_Th-Z
Bd02_C-F:0338:0389,9,Wiener,Wiener Kreises (R,Bd08_Th-Z:0518:0496,Wiener,Bd08_Th-Z
Bd02_C-F:0338:0389,9,Wiener,Wiener Kreises (R,Bd08_Th-Z:0519:0497,Wiener,Bd08_Th-Z
Bd02_C-F:0338:0389,9,Wiener,Wiener Kreises (R,Bd08_Th-Z:0520:0498,Wiener Kreis,Bd08_Th-Z
Bd02_C-F:0340:0391,10,unendlich/Unendlichkeit,unendlich/Unendlichkeit,Bd08_Th-Z:0192:0155,unendlich/Unendlichkeit,Bd08_Th-Z
Bd02_C-F:0340:0391,10,unendlich/Unendlichkeit,unendlich/Unendlichkeit,Bd08_Th-Z:0198:0157,"Unendlichkeit, schlechte",Bd08_Th-Z
Bd02_C-F:0341:0393,1,unendlich/Unendlichkeit,unendlich/Unendlichkeit,Bd08_Th-Z:0192:0155,unendlich/Unendlichkeit,Bd08_Th-Z
Bd02_C-F:0341:0393,1,unendlich/Unendlichkeit,unendlich/Unendlichkeit,Bd08_Th-Z:0198:0157,"Unendlichkeit, schlechte",Bd08_Th-Z
Bd02_C-F:0341:0393,25,unendlich/Unendlichkeit,unendlich/Unendlichkeit,Bd08_Th-Z:0192:0155,unendlich/Unendlichkeit,Bd08_Th-Z
Bd02_C-F:0341:0393,25,unendlich/Unendlichkeit,unendlich/Unendlichkeit,Bd08_Th-Z:0198:0157,"Unendlichkeit, schlechte",Bd08_Th-Z
Bd02_C-F:0341:0393,27,unendlich/Unendlichkeit,unendlich/Unendlichkeit,Bd08_Th-Z:0192:0155,unendlich/Unendlichkeit,Bd08_Th-Z
Bd02_C-F:0341:0393,27,unendlich/Unendlichkeit,unendlich/Unendlichkeit,Bd08_Th-Z:0198:0157,"Unendlichkeit, schlechte",Bd08_Th-Z
Bd02_C-F:0348:0403,5,Darstellung,"Darstellung, semiotisch",Bd02_C-F:0135:0155,Darstellung (logisch-mengentheoretisch),Bd02_C-F
Bd02_C-F:0348:0403,5,Darstellung,"Darstellung, semiotisch",Bd02_C-F:0135:0156,Darstellung (semiotisch),Bd02_C-F
Bd02_C-F:0359:0418,1,komplexen,"komplexen, also",Bd04_Ins-Loc:0297:0208,komplex/Komplex,Bd04_Ins-Loc
Bd02_C-F:0359:0418,1,komplexen,"komplexen, also",Bd04_Ins-Loc:0297:0208,komplex/Komplex,Bd04_Ins-Loc
Bd02_C-F:0381:0440,0,ästhetisch/,ästhetisch/ Ästhetik,Bd01_A-B:0277:0379,ästhetisch/Ästhetik,Bd01_A-B
Bd02_C-F:0381:0440,0,ästhetisch/,ästhetisch/ Ästhetik,Bd01_A-B:0288:0380,ästhetisch/Ästhetik (endeetisch),Bd01_A-B
Bd02_C-F:0384:0442,3,unendlich/Unendlichkeit,"unendlich/Unendlichkeit,",Bd08_Th-Z:0192:0155,unendlich/Unendlichkeit,Bd08_Th-Z
Bd02_C-F:0384:0442,3,unendlich/Unendlichkeit,"unendlich/Unendlichkeit,",Bd08_Th-Z:0198:0157,"Unendlichkeit, schlechte",Bd08_Th-Z
Bd02_C-F:0384:0442,5,ästhetisch/Ästhetik,ästhetisch/Ästhetik,Bd01_A-B:0277:0379,ästhetisch/Ästhetik,Bd01_A-B
Bd02_C-F:0384:0442,5,ästhetisch/Ästhetik,ästhetisch/Ästhetik,Bd01_A-B:0288:0380,ästhetisch/Ästhetik (endeetisch),Bd01_A-B
Bd02_C-F:0393:0449,9,Revolution,"Revolution,",Bd07_Re-Te:0145:0110,Revolution (sozial),Bd07_Re-Te
Bd02_C-F:0393:0449,9,Revolution,"Revolution,",Bd07_Re-Te:0147:0111,"Revolution, wissenschaftliche",Bd07_Re-Te
Bd02_C-F:0412:0466,17,Implikation,Implikation,Bd03_G-Inn:0580:0424,Implikation,Bd03_G-Inn
Bd02_C-F:0412:0466,17,Implikation,Implikation,Bd03_G-Inn:0581:0425,"Implikation, induktive",Bd03_G-Inn
Bd02_C-F:0412:0466,17,Implikation,Implikation,Bd03_G-Inn:0582:0426,"Implikation, relevante",Bd03_G-Inn
Bd02_C-F:0412:0466,17,Implikation,Implikation,Bd03_G-Inn:0582:0427,"Implikation, strenge",Bd03_G-Inn
Bd02_C-F:0412:0466,17,Implikation,Implikation,Bd03_G-Inn:0582:0428,"Implikation, strikte",Bd03_G-Inn
Bd02_C-F:0412:0466,17,Implikation,Implikation,Bd06_O-Ra:0160:0136,Implikation,Bd06_O-Ra
Bd02_C-F:0446:0494,14,Fundamentalsatz,Fundamentalsatz der (elementaren,Bd02_C-F:0607:0647,Fundamentalsatz der Algebra,Bd02_C-F
Bd02_C-F:0446:0494,14,Fundamentalsatz,Fundamentalsatz der (elementaren,Bd02_C-F:0608:0648,Fundamentalsatz der (elementaren) Zahlentheorie,Bd02_C-F
Bd02_C-F:0462:0506,35,Booleschen,"Booleschen Algebra, während sie für nicht-exakte Mengen nur eine quasi",Bd01_A-B:0529:0663,Boolesche Algebra,Bd01_A-B
Bd02_C-F:0462:0506,35,Booleschen,"Booleschen Algebra, während sie für nicht-exakte Mengen nur eine quasi",Bd01_A-B:0529:0664,Boolesche Summe,Bd01_A-B
Bd02_C-F:0462:0506,36,Paradoxien,"Paradoxien entstehen dann, wenn man Prädikate als exakt auffaßt, die s",Bd06_O-Ra:0116:0091,"Paradoxien, kosmologische",Bd06_O-Ra
Bd02_C-F:0462:0506,36,Paradoxien,"Paradoxien entstehen dann, wenn man Prädikate als exakt auffaßt, die s",Bd06_O-Ra:0118:0092,"Paradoxien, zenonische",Bd06_O-Ra
Bd02_C-F:0462:0506,36,Paradoxien,"Paradoxien entstehen dann, wenn man Prädikate als exakt auffaßt, die s",Bd06_O-Ra:0121:0093,Paradoxien der Implikation,Bd06_O-Ra
Bd02_C-F:0462:0506,36,Paradoxien,"Paradoxien entstehen dann, wenn man Prädikate als exakt auffaßt, die s",Bd06_O-Ra:0121:0094,Paradoxien des Unendlichen,Bd06_O-Ra
Bd02_C-F:0471:0521,1,Implikation,Implikation ¬a ≺¬a oder als,Bd03_G-Inn:0580:0424,Implikation,Bd03_G-Inn
Bd02_C-F:0471:0521,1,Implikation,Implikation ¬a ≺¬a oder als,Bd03_G-Inn:0581:0425,"Implikation, induktive",Bd03_G-Inn
Bd02_C-F:0471:0521,1,Implikation,Implikation ¬a ≺¬a oder als,Bd03_G-Inn:0582:0426,"Implikation, relevante",Bd03_G-Inn
Bd02_C-F:0471:0521,1,Implikation,Implikation ¬a ≺¬a oder als,Bd03_G-Inn:0582:0427,"Implikation, strenge",Bd03_G-Inn
Bd02_C-F:0471:0521,1,Implikation,Implikation ¬a ≺¬a oder als,Bd03_G-Inn:0582:0428,"Implikation, strikte",Bd03_G-Inn
Bd02_C-F:0471:0521,1,Implikation,Implikation ¬a ≺¬a oder als,Bd06_O-Ra:0160:0136,Implikation,Bd06_O-Ra
Bd02_C-F:0490:0543,6,Sinnkriterium,Sinnkriterium [,Bd07_Re-Te:0413:0339,"Sinnkriterium, empiristisches",Bd07_Re-Te
Bd02_C-F:0490:0543,6,Sinnkriterium,Sinnkriterium [,Bd07_Re-Te:0414:0340,"Sinnkriterium, pragmatisches",Bd07_Re-Te
Bd02_C-F:0496:0552,4,vita,vita comtemplativa,Bd08_Th-Z:0358:0341,vita activa,Bd08_Th-Z
Bd02_C-F:0496:0552,4,vita,vita comtemplativa,Bd08_Th-Z:0358:0342,vita contemplativa,Bd08_Th-Z
Bd02_C-F:0496:0553,4,ästhetisch/Ästhetik,ästhetisch/Ästhetik,Bd01_A-B:0277:0379,ästhetisch/Ästhetik,Bd01_A-B
Bd02_C-F:0496:0553,4,ästhetisch/Ästhetik,ästhetisch/Ästhetik,Bd01_A-B:0288:0380,ästhetisch/Ästhetik (endeetisch),Bd01_A-B
Bd02_C-F:0497:0555,2,Implikationen,Implikationen (unzulässiger Übergangsregeln,Bd03_G-Inn:0580:0424,Implikation,Bd03_G-Inn
Bd02_C-F:0497:0555,2,Implikationen,Implikationen (unzulässiger Übergangsregeln,Bd03_G-Inn:0581:0425,"Implikation, induktive",Bd03_G-Inn
Bd02_C-F:0497:0555,2,Implikationen,Implikationen (unzulässiger Übergangsregeln,Bd03_G-Inn:0582:0426,"Implikation, relevante",Bd03_G-Inn
Bd02_C-F:0497:0555,2,Implikationen,Implikationen (unzulässiger Übergangsregeln,Bd03_G-Inn:0582:0427,"Implikation, strenge",Bd03_G-Inn
Bd02_C-F:0497:0555,2,Implikationen,Implikationen (unzulässiger Übergangsregeln,Bd03_G-Inn:0582:0428,"Implikation, strikte",Bd03_G-Inn
Bd02_C-F:0497:0555,2,Implikationen,Implikationen (unzulässiger Übergangsregeln,Bd06_O-Ra:0160:0136,Implikation,Bd06_O-Ra
Bd02_C-F:0499:0558,0,Wiener,"Wiener Kreises, Vertreter des Logischen Empirismus (",Bd08_Th-Z:0518:0496,Wiener,Bd08_Th-Z
Bd02_C-F:0499:0558,0,Wiener,"Wiener Kreises, Vertreter des Logischen Empirismus (",Bd08_Th-Z:0519:0497,Wiener,Bd08_Th-Z
Bd02_C-F:0499:0558,0,Wiener,"Wiener Kreises, Vertreter des Logischen Empirismus (",Bd08_Th-Z:0520:0498,Wiener Kreis,Bd08_Th-Z
Bd02_C-F:0501:0560,4,Kräfte,Kräfte nur als Druck bzw,Bd04_Ins-Loc:0399:0315,Kraft,Bd04_Ins-Loc
Bd02_C-F:0501:0560,4,Kräfte,Kräfte nur als Druck bzw,Bd04_Ins-Loc:0401:0316,Kraft,Bd04_Ins-Loc
Bd02_C-F:0516:0573,1,Platonischen,Platonischen Akademie (Academia Platonica,Bd06_O-Ra:0360:0243,Platonische Akademie (Academia Platonica),Bd06_O-Ra
Bd02_C-F:0516:0573,1,Platonischen,Platonischen Akademie (Academia Platonica,Bd06_O-Ra:0361:0244,Platonische Körper,Bd06_O-Ra
Bd02_C-F:0520:0579,7,Booleschen,"Booleschen Verband ⟨A|⊓, ⊔, ∗⟩ einen Ultrafilter gibt, der F umfaßt",Bd01_A-B:0529:0663,Boolesche Algebra,Bd01_A-B
Bd02_C-F:0520:0579,7,Booleschen,"Booleschen Verband ⟨A|⊓, ⊔, ∗⟩ einen Ultrafilter gibt, der F umfaßt",Bd01_A-B:0529:0664,Boolesche Summe,Bd01_A-B
Bd02_C-F:0523:0585,15,Paradoxien,Paradoxien Anlaß (sog,Bd06_O-Ra:0116:0091,"Paradoxien, kosmologische",Bd06_O-Ra
Bd02_C-F:0523:0585,15,Paradoxien,Paradoxien Anlaß (sog,Bd06_O-Ra:0118:0092,"Paradoxien, zenonische",Bd06_O-Ra
Bd02_C-F:0523:0585,15,Paradoxien,Paradoxien Anlaß (sog,Bd06_O-Ra:0121:0093,Paradoxien der Implikation,Bd06_O-Ra
Bd02_C-F:0523:0585,15,Paradoxien,Paradoxien Anlaß (sog,Bd06_O-Ra:0121:0094,Paradoxien des Unendlichen,Bd06_O-Ra
Bd02_C-F:0527:0589,5,Kraft,Kraft und sucht sie als Vektorsumme der reproduktionsrelevanten F,Bd04_Ins-Loc:0399:0315,Kraft,Bd04_Ins-Loc
Bd02_C-F:0527:0589,5,Kraft,Kraft und sucht sie als Vektorsumme der reproduktionsrelevanten F,Bd04_Ins-Loc:0401:0316,Kraft,Bd04_Ins-Loc
Bd02_C-F:0528:0590,33,Antinomien,"Antinomien, verwendet werden",Bd01_A-B:0186:0253,"Antinomien, logische",Bd01_A-B
Bd02_C-F:0528:0590,33,Antinomien,"Antinomien, verwendet werden",Bd01_A-B:0187:0254,"Antinomien, semantische",Bd01_A-B
Bd02_C-F:0528:0590,33,Antinomien,"Antinomien, verwendet werden",Bd01_A-B:0188:0255,Antinomien der Mengenlehre,Bd01_A-B
Bd02_C-F:0531:0592,0,Makrokosmos,"Makrokosmos, in der er Autoritäten wie Aristoteles und Galen angriff un",Bd05_Log-N:0206:0132,Makrokosmos,Bd05_Log-N
Bd02_C-F:0531:0592,0,Makrokosmos,"Makrokosmos, in der er Autoritäten wie Aristoteles und Galen angriff un",Bd05_Log-N:0207:0133,Makrokosmos,Bd05_Log-N
Bd02_C-F:0536:0597,7,Implikation,Implikation,Bd03_G-Inn:0580:0424,Implikation,Bd03_G-Inn
Bd02_C-F:0536:0597,7,Implikation,Implikation,Bd03_G-Inn:0581:0425,"Implikation, induktive",Bd03_G-Inn
Bd02_C-F:0536:0597,7,Implikation,Implikation,Bd03_G-Inn:0582:0426,"Implikation, relevante",Bd03_G-Inn
Bd02_C-F:0536:0597,7,Implikation,Implikation,Bd03_G-Inn:0582:0427,"Implikation, strenge",Bd03_G-Inn
Bd02_C-F:0536:0597,7,Implikation,Implikation,Bd03_G-Inn:0582:0428,"Implikation, strikte",Bd03_G-Inn
Bd02_C-F:0536:0597,7,Implikation,Implikation,Bd06_O-Ra:0160:0136,Implikation,Bd06_O-Ra
Bd02_C-F:0536:0597,26,analytische,analytische F,Bd01_A-B:0149:0202,analytische Philosophie,Bd01_A-B
Bd02_C-F:0536:0597,26,analytische,analytische F,Bd01_A-B:0149:0203,analytische Wissenschaftstheorie,Bd01_A-B
Bd02_C-F:0540:0603,0,ästhetisch/Ästhetik,ästhetisch/Ästhetik,Bd01_A-B:0277:0379,ästhetisch/Ästhetik,Bd01_A-B
Bd02_C-F:0540:0603,0,ästhetisch/Ästhetik,ästhetisch/Ästhetik,Bd01_A-B:0288:0380,ästhetisch/Ästhetik (endeetisch),Bd01_A-B
Bd02_C-F:0543:0605,7,Implikation,Implikation zwischen den,Bd03_G-Inn:0580:0424,Implikation,Bd03_G-Inn
Bd02_C-F:0543:0605,7,Implikation,Implikation zwischen den,Bd03_G-Inn:0581:0425,"Implikation, induktive",Bd03_G-Inn
Bd02_C-F:0543:0605,7,Implikation,Implikation zwischen den,Bd03_G-Inn:0582:0426,"Implikation, relevante",Bd03_G-Inn
Bd02_C-F:0543:0605,7,Implikation,Implikation zwischen den,Bd03_G-Inn:0582:0427,"Implikation, strenge",Bd03_G-Inn
Bd02_C-F:0543:0605,7,Implikation,Implikation zwischen den,Bd03_G-Inn:0582:0428,"Implikation, strikte",Bd03_G-Inn
Bd02_C-F:0543:0605,7,Implikation,Implikation zwischen den,Bd06_O-Ra:0160:0136,Implikation,Bd06_O-Ra
Bd02_C-F:0545:0608,8,ästhetisch/Ästhetik,ästhetisch/Ästhetik,Bd01_A-B:0277:0379,ästhetisch/Ästhetik,Bd01_A-B
Bd02_C-F:0545:0608,8,ästhetisch/Ästhetik,ästhetisch/Ästhetik,Bd01_A-B:0288:0380,ästhetisch/Ästhetik (endeetisch),Bd01_A-B
Bd02_C-F:0545:0608,18,Antinomien,Antinomien freien Aufbau von,Bd01_A-B:0186:0253,"Antinomien, logische",Bd01_A-B
Bd02_C-F:0545:0608,18,Antinomien,Antinomien freien Aufbau von,Bd01_A-B:0187:0254,"Antinomien, semantische",Bd01_A-B
Bd02_C-F:0545:0608,18,Antinomien,Antinomien freien Aufbau von,Bd01_A-B:0188:0255,Antinomien der Mengenlehre,Bd01_A-B
Bd02_C-F:0547:0610,0,Wiener,"Wiener Kreises Bezeichnung für diejenigen Wissenschaften, deren Sa",Bd08_Th-Z:0518:0496,Wiener,Bd08_Th-Z
Bd02_C-F:0547:0610,0,Wiener,"Wiener Kreises Bezeichnung für diejenigen Wissenschaften, deren Sa",Bd08_Th-Z:0519:0497,Wiener,Bd08_Th-Z
Bd02_C-F:0547:0610,0,Wiener,"Wiener Kreises Bezeichnung für diejenigen Wissenschaften, deren Sa",Bd08_Th-Z:0520:0498,Wiener Kreis,Bd08_Th-Z
Bd02_C-F:0566:0626,0,Wiener,"Wiener Kreises, in Prag zentraler Vertreter des Logischen Empirism",Bd08_Th-Z:0518:0496,Wiener,Bd08_Th-Z
Bd02_C-F:0566:0626,0,Wiener,"Wiener Kreises, in Prag zentraler Vertreter des Logischen Empirism",Bd08_Th-Z:0519:0497,Wiener,Bd08_Th-Z
Bd02_C-F:0566:0626,0,Wiener,"Wiener Kreises, in Prag zentraler Vertreter des Logischen Empirism",Bd08_Th-Z:0520:0498,Wiener Kreis,Bd08_Th-Z
Bd02_C-F:0571:0631,35,Paradoxien,Paradoxien der von F,Bd06_O-Ra:0116:0091,"Paradoxien, kosmologische",Bd06_O-Ra
Bd02_C-F:0571:0631,35,Paradoxien,Paradoxien der von F,Bd06_O-Ra:0118:0092,"Paradoxien, zenonische",Bd06_O-Ra
Bd02_C-F:0571:0631,35,Paradoxien,Paradoxien der von F,Bd06_O-Ra:0121:0093,Paradoxien der Implikation,Bd06_O-Ra
Bd02_C-F:0571:0631,35,Paradoxien,Paradoxien der von F,Bd06_O-Ra:0121:0094,Paradoxien des Unendlichen,Bd06_O-Ra
Bd02_C-F:0577:0633,54,Reich,Reich der F,Bd07_Re-Te:0071:0054,Reich der Freiheit,Bd07_Re-Te
Bd02_C-F:0577:0633,54,Reich,Reich der F,Bd07_Re-Te:0071:0055,Reich der Zwecke,Bd07_Re-Te
Bd02_C-F:0577:0633,64,Reich,Reich der F,Bd07_Re-Te:0071:0054,Reich der Freiheit,Bd07_Re-Te
Bd02_C-F:0577:0633,64,Reich,Reich der F,Bd07_Re-Te:0071:0055,Reich der Zwecke,Bd07_Re-Te
Bd02_C-F:0615:0661,6,Wert,"Wert, (logisch",Bd08_Th-Z:0482:0455,Wert (logisch),Bd08_Th-Z
Bd02_C-F:0615:0661,6,Wert,"Wert, (logisch",Bd08_Th-Z:0483:0456,Wert (moralisch),Bd08_Th-Z
Bd02_C-F:0615:0661,6,Wert,"Wert, (logisch",Bd08_Th-Z:0484:0457,Wert (ökonomisch),Bd08_Th-Z
Bd03_G-Inn:0037:0013,1,Wiener,Wiener Kreises,Bd08_Th-Z:0518:0496,Wiener,Bd08_Th-Z
Bd03_G-Inn:0037:0013,1,Wiener,Wiener Kreises,Bd08_Th-Z:0519:0497,Wiener,Bd08_Th-Z
Bd03_G-Inn:0037:0013,1,Wiener,Wiener Kreises,Bd08_Th-Z:0520:0498,Wiener Kreis,Bd08_Th-Z
Bd03_G-Inn:0038:0014,6,Begriffe,Begriffe und nicht,Bd01_A-B:0412:0515,"Begriffe, identische",Bd01_A-B
Bd03_G-Inn:0038:0014,6,Begriffe,Begriffe und nicht,Bd01_A-B:0412:0516,"Begriffe, theoretische",Bd01_A-B
Bd03_G-Inn:0041:0017,1,Fundamentalsatzes,Fundamentalsatzes der Algebra,Bd02_C-F:0607:0647,Fundamentalsatz der Algebra,Bd02_C-F
Bd03_G-Inn:0041:0017,1,Fundamentalsatzes,Fundamentalsatzes der Algebra,Bd02_C-F:0608:0648,Fundamentalsatz der (elementaren) Zahlentheorie,Bd02_C-F
Bd03_G-Inn:0055:0028,6,ästhetisch/Ästhetik,ästhetisch/Ästhetik,Bd01_A-B:0277:0379,ästhetisch/Ästhetik,Bd01_A-B
Bd03_G-Inn:0055:0028,6,ästhetisch/Ästhetik,ästhetisch/Ästhetik,Bd01_A-B:0288:0380,ästhetisch/Ästhetik (endeetisch),Bd01_A-B
Bd03_G-Inn:0067:0040,2,ästhetisch/,ästhetisch/ Ästhetik,Bd01_A-B:0277:0379,ästhetisch/Ästhetik,Bd01_A-B
Bd03_G-Inn:0067:0040,2,ästhetisch/,ästhetisch/ Ästhetik,Bd01_A-B:0288:0380,ästhetisch/Ästhetik (endeetisch),Bd01_A-B
Bd03_G-Inn:0095:0065,0,ästhetisch/Ästhetik,ästhetisch/Ästhetik,Bd01_A-B:0277:0379,ästhetisch/Ästhetik,Bd01_A-B
Bd03_G-Inn:0095:0065,0,ästhetisch/Ästhetik,ästhetisch/Ästhetik,Bd01_A-B:0288:0380,ästhetisch/Ästhetik (endeetisch),Bd01_A-B
Bd03_G-Inn:0099:0069,20,unendlich/Unendlichkeit,unendlich/Unendlichkeit,Bd08_Th-Z:0192:0155,unendlich/Unendlichkeit,Bd08_Th-Z
Bd03_G-Inn:0099:0069,20,unendlich/Unendlichkeit,unendlich/Unendlichkeit,Bd08_Th-Z:0198:0157,"Unendlichkeit, schlechte",Bd08_Th-Z
Bd03_G-Inn:0112:0081,5,unendlich/Unendlichkeit,unendlich/Unendlichkeit,Bd08_Th-Z:0192:0155,unendlich/Unendlichkeit,Bd08_Th-Z
Bd03_G-Inn:0112:0081,5,unendlich/Unendlichkeit,unendlich/Unendlichkeit,Bd08_Th-Z:0198:0157,"Unendlichkeit, schlechte",Bd08_Th-Z
Bd03_G-Inn:0128:0093,1,ästhetisch/Ästhetik,ästhetisch/Ästhetik,Bd01_A-B:0277:0379,ästhetisch/Ästhetik,Bd01_A-B
Bd03_G-Inn:0128:0093,1,ästhetisch/Ästhetik,ästhetisch/Ästhetik,Bd01_A-B:0288:0380,ästhetisch/Ästhetik (endeetisch),Bd01_A-B
Bd03_G-Inn:0138:0098,54,logisch,logisch wahre Aussagen oder allgemeingültige (,Bd05_Log-N:0121:0079,logisch falsch,Bd05_Log-N
Bd03_G-Inn:0138:0098,54,logisch,logisch wahre Aussagen oder allgemeingültige (,Bd05_Log-N:0121:0080,logisch wahr,Bd05_Log-N
Bd03_G-Inn:0142:0101,1,unabhängig/,unabhängig/ Unabhängigkeit (von Ereignissen,Bd08_Th-Z:0186:0143,unabhängig/Unabhängigkeit (logisch),Bd08_Th-Z
Bd03_G-Inn:0142:0101,1,unabhängig/,unabhängig/ Unabhängigkeit (von Ereignissen,Bd08_Th-Z:0186:0144,unabhängig/Unabhängigkeit (von Ereignissen),Bd08_Th-Z
Bd03_G-Inn:0143:0103,1,ästhetisch/Ästhetik,ästhetisch/Ästhetik,Bd01_A-B:0277:0379,ästhetisch/Ästhetik,Bd01_A-B
Bd03_G-Inn:0143:0103,1,ästhetisch/Ästhetik,ästhetisch/Ästhetik,Bd01_A-B:0288:0380,ästhetisch/Ästhetik (endeetisch),Bd01_A-B
Bd03_G-Inn:0143:0104,5,Wiener,Wiener Kreises in den angelsächsischen Sprachbereich übten die Ges,Bd08_Th-Z:0518:0496,Wiener,Bd08_Th-Z
Bd03_G-Inn:0143:0104,5,Wiener,Wiener Kreises in den angelsächsischen Sprachbereich übten die Ges,Bd08_Th-Z:0519:0497,Wiener,Bd08_Th-Z
Bd03_G-Inn:0143:0104,5,Wiener,Wiener Kreises in den angelsächsischen Sprachbereich übten die Ges,Bd08_Th-Z:0520:0498,Wiener Kreis,Bd08_Th-Z
Bd03_G-Inn:0178:0133,0,Wiener,"Wiener Kreises, 1930 Promotion, 1932 Habilitation, 1933–1938 Dozen",Bd08_Th-Z:0518:0496,Wiener,Bd08_Th-Z
Bd03_G-Inn:0178:0133,0,Wiener,"Wiener Kreises, 1930 Promotion, 1932 Habilitation, 1933–1938 Dozen",Bd08_Th-Z:0519:0497,Wiener,Bd08_Th-Z
Bd03_G-Inn:0178:0133,0,Wiener,"Wiener Kreises, 1930 Promotion, 1932 Habilitation, 1933–1938 Dozen",Bd08_Th-Z:0520:0498,Wiener Kreis,Bd08_Th-Z
Bd03_G-Inn:0180:0134,18,Fundamentalsatzes,Fundamentalsatzes der (elementaren,Bd02_C-F:0607:0647,Fundamentalsatz der Algebra,Bd02_C-F
Bd03_G-Inn:0180:0134,18,Fundamentalsatzes,Fundamentalsatzes der (elementaren,Bd02_C-F:0608:0648,Fundamentalsatz der (elementaren) Zahlentheorie,Bd02_C-F
Bd03_G-Inn:0184:0138,43,ästhetisch/Ästhetik,ästhetisch/Ästhetik,Bd01_A-B:0277:0379,ästhetisch/Ästhetik,Bd01_A-B
Bd03_G-Inn:0184:0138,43,ästhetisch/Ästhetik,ästhetisch/Ästhetik,Bd01_A-B:0288:0380,ästhetisch/Ästhetik (endeetisch),Bd01_A-B
Bd03_G-Inn:0191:0146,9,ästhetisch/Ästhetik,ästhetisch/Ästhetik,Bd01_A-B:0277:0379,ästhetisch/Ästhetik,Bd01_A-B
Bd03_G-Inn:0191:0146,9,ästhetisch/Ästhetik,ästhetisch/Ästhetik,Bd01_A-B:0288:0380,ästhetisch/Ästhetik (endeetisch),Bd01_A-B
Bd03_G-Inn:0267:0202,5,Wiener,Wiener Kreises eine wissenschaftstheoretische Alternative zu,Bd08_Th-Z:0518:0496,Wiener,Bd08_Th-Z
Bd03_G-Inn:0267:0202,5,Wiener,Wiener Kreises eine wissenschaftstheoretische Alternative zu,Bd08_Th-Z:0519:0497,Wiener,Bd08_Th-Z
Bd03_G-Inn:0267:0202,5,Wiener,Wiener Kreises eine wissenschaftstheoretische Alternative zu,Bd08_Th-Z:0520:0498,Wiener Kreis,Bd08_Th-Z
Bd03_G-Inn:0283:0217,24,Begriffe,Begriffe und dem Besonderen der Erfahrung resultiert aus dem idealis,Bd01_A-B:0412:0515,"Begriffe, identische",Bd01_A-B
Bd03_G-Inn:0283:0217,24,Begriffe,Begriffe und dem Besonderen der Erfahrung resultiert aus dem idealis,Bd01_A-B:0412:0516,"Begriffe, theoretische",Bd01_A-B
Bd03_G-Inn:0286:0218,8,Kraft,Kraft,Bd04_Ins-Loc:0399:0315,Kraft,Bd04_Ins-Loc
Bd03_G-Inn:0286:0218,8,Kraft,Kraft,Bd04_Ins-Loc:0401:0316,Kraft,Bd04_Ins-Loc
Bd03_G-Inn:0286:0218,11,Kraft,Kraft als Grundbegriff durch geometrische und kinematische Variab,Bd04_Ins-Loc:0399:0315,Kraft,Bd04_Ins-Loc
Bd03_G-Inn:0286:0218,11,Kraft,Kraft als Grundbegriff durch geometrische und kinematische Variab,Bd04_Ins-Loc:0401:0316,Kraft,Bd04_Ins-Loc
Bd03_G-Inn:0291:0223,83,ästhetisch/Ästhetik,ästhetisch/Ästhetik,Bd01_A-B:0277:0379,ästhetisch/Ästhetik,Bd01_A-B
Bd03_G-Inn:0291:0223,83,ästhetisch/Ästhetik,ästhetisch/Ästhetik,Bd01_A-B:0288:0380,ästhetisch/Ästhetik (endeetisch),Bd01_A-B
Bd03_G-Inn:0335:0246,7,Begriffe,Begriffe in je besonderen Horizonten eingeführt (,Bd01_A-B:0412:0515,"Begriffe, identische",Bd01_A-B
Bd03_G-Inn:0335:0246,7,Begriffe,Begriffe in je besonderen Horizonten eingeführt (,Bd01_A-B:0412:0516,"Begriffe, theoretische",Bd01_A-B
Bd03_G-Inn:0360:0258,8,Makrokosmos,Makrokosmos,Bd05_Log-N:0206:0132,Makrokosmos,Bd05_Log-N
Bd03_G-Inn:0360:0258,8,Makrokosmos,Makrokosmos,Bd05_Log-N:0207:0133,Makrokosmos,Bd05_Log-N
Bd03_G-Inn:0389:0278,0,Makrokosmos,Makrokosmos,Bd05_Log-N:0206:0132,Makrokosmos,Bd05_Log-N
Bd03_G-Inn:0389:0278,0,Makrokosmos,Makrokosmos,Bd05_Log-N:0207:0133,Makrokosmos,Bd05_Log-N
Bd03_G-Inn:0394:0281,11,Anderen,"Anderen, und das wechselseitig (vgl",Bd01_A-B:0156:0213,"Andere, das",Bd01_A-B
Bd03_G-Inn:0394:0281,11,Anderen,"Anderen, und das wechselseitig (vgl",Bd01_A-B:0156:0214,"Andere, der",Bd01_A-B
Bd03_G-Inn:0397:0283,15,Darstellung,"Darstellung, doch nur bei Beschreibungen gehören darstellender und darg",Bd02_C-F:0135:0155,Darstellung (logisch-mengentheoretisch),Bd02_C-F
Bd03_G-Inn:0397:0283,15,Darstellung,"Darstellung, doch nur bei Beschreibungen gehören darstellender und darg",Bd02_C-F:0135:0156,Darstellung (semiotisch),Bd02_C-F
Bd03_G-Inn:0398:0285,4,Kraft,Kraft,Bd04_Ins-Loc:0399:0315,Kraft,Bd04_Ins-Loc
Bd03_G-Inn:0398:0285,4,Kraft,Kraft,Bd04_Ins-Loc:0401:0316,Kraft,Bd04_Ins-Loc
Bd03_G-Inn:0413:0299,12,unendlich/Unendlichkeit,unendlich/Unendlichkeit,Bd08_Th-Z:0192:0155,unendlich/Unendlichkeit,Bd08_Th-Z
Bd03_G-Inn:0413:0299,12,unendlich/Unendlichkeit,unendlich/Unendlichkeit,Bd08_Th-Z:0198:0157,"Unendlichkeit, schlechte",Bd08_Th-Z
Bd03_G-Inn:0438:0315,2,Begriffe,Begriffe nur,Bd01_A-B:0412:0515,"Begriffe, identische",Bd01_A-B
Bd03_G-Inn:0438:0315,2,Begriffe,Begriffe nur,Bd01_A-B:0412:0516,"Begriffe, theoretische",Bd01_A-B
Bd03_G-Inn:0450:0324,27,Platonischen,"Platonischen Körpern gezeigt hatte, daß der volle Raum auf fünf verschie",Bd06_O-Ra:0360:0243,Platonische Akademie (Academia Platonica),Bd06_O-Ra
Bd03_G-Inn:0450:0324,27,Platonischen,"Platonischen Körpern gezeigt hatte, daß der volle Raum auf fünf verschie",Bd06_O-Ra:0361:0244,Platonische Körper,Bd06_O-Ra
Bd03_G-Inn:0456:0329,11,symmetrisch/Symmetrie,symmetrisch/Symmetrie (handlungstheoretisch,Bd07_Re-Te:0630:0537,symmetrisch/Symmetrie (argumentationstheore tisch),Bd07_Re-Te
Bd03_G-Inn:0456:0329,11,symmetrisch/Symmetrie,symmetrisch/Symmetrie (handlungstheoretisch,Bd07_Re-Te:0631:0538,symmetrisch/Symmetrie (geometrisch),Bd07_Re-Te
Bd03_G-Inn:0456:0329,11,symmetrisch/Symmetrie,symmetrisch/Symmetrie (handlungstheoretisch,Bd07_Re-Te:0633:0539,symmetrisch/Symmetrie (logisch),Bd07_Re-Te
Bd03_G-Inn:0456:0329,11,symmetrisch/Symmetrie,symmetrisch/Symmetrie (handlungstheoretisch,Bd07_Re-Te:0634:0540,symmetrisch/Symmetrie (naturphilosophisch),Bd07_Re-Te
Bd03_G-Inn:0467:0341,13,Strukturalismus,Strukturalismus (philosophisch/wissenschaftstheoretisch,Bd07_Re-Te:0566:0465,"Strukturalismus (philosophisch, wissenschaftstheoretisch)",Bd07_Re-Te
Bd03_G-Inn:0467:0341,13,Strukturalismus,Strukturalismus (philosophisch/wissenschaftstheoretisch,Bd07_Re-Te:0573:0466,"Strukturalismus, mathematischer",Bd07_Re-Te
Bd03_G-Inn:0486:0346,0,ästhetisch/Ästhetik,ästhetisch/Ästhetik,Bd01_A-B:0277:0379,ästhetisch/Ästhetik,Bd01_A-B
Bd03_G-Inn:0486:0346,0,ästhetisch/Ästhetik,ästhetisch/Ästhetik,Bd01_A-B:0288:0380,ästhetisch/Ästhetik (endeetisch),Bd01_A-B
Bd03_G-Inn:0507:0359,4,Begriffe,Begriffe,Bd01_A-B:0412:0515,"Begriffe, identische",Bd01_A-B
Bd03_G-Inn:0507:0359,4,Begriffe,Begriffe,Bd01_A-B:0412:0516,"Begriffe, theoretische",Bd01_A-B
Bd03_G-Inn:0537:0387,37,Begriffe,"Begriffe, und d",Bd01_A-B:0412:0515,"Begriffe, identische",Bd01_A-B
Bd03_G-Inn:0537:0387,37,Begriffe,"Begriffe, und d",Bd01_A-B:0412:0516,"Begriffe, theoretische",Bd01_A-B
Bd03_G-Inn:0561:0403,7,Bacon,"Bacon, F",Bd01_A-B:0366:0465,Bacon,Bd01_A-B
Bd03_G-Inn:0561:0403,7,Bacon,"Bacon, F",Bd01_A-B:0367:0466,Bacon,Bd01_A-B
Bd03_G-Inn:0566:0410,7,ästhetisch/Ästhetik,ästhetisch/Ästhetik,Bd01_A-B:0277:0379,ästhetisch/Ästhetik,Bd01_A-B
Bd03_G-Inn:0566:0410,7,ästhetisch/Ästhetik,ästhetisch/Ästhetik,Bd01_A-B:0288:0380,ästhetisch/Ästhetik (endeetisch),Bd01_A-B
Bd03_G-Inn:0567:0411,1,komplexen,"komplexen Zahlenebene, die erst dank C",Bd04_Ins-Loc:0297:0208,komplex/Komplex,Bd04_Ins-Loc
Bd03_G-Inn:0567:0411,1,komplexen,"komplexen Zahlenebene, die erst dank C",Bd04_Ins-Loc:0297:0208,komplex/Komplex,Bd04_Ins-Loc
Bd03_G-Inn:0567:0411,3,ästhetisch/Ästhetik,ästhetisch/Ästhetik,Bd01_A-B:0277:0379,ästhetisch/Ästhetik,Bd01_A-B
Bd03_G-Inn:0567:0411,3,ästhetisch/Ästhetik,ästhetisch/Ästhetik,Bd01_A-B:0288:0380,ästhetisch/Ästhetik (endeetisch),Bd01_A-B
Bd03_G-Inn:0571:0419,5,Darstellung,Darstellung seiner Forschungsresultate (,Bd02_C-F:0135:0155,Darstellung (logisch-mengentheoretisch),Bd02_C-F
Bd03_G-Inn:0571:0419,5,Darstellung,Darstellung seiner Forschungsresultate (,Bd02_C-F:0135:0156,Darstellung (semiotisch),Bd02_C-F
Bd03_G-Inn:0579:0423,4,Kraft,Kraft und die Einführung des Begriffs des,Bd04_Ins-Loc:0399:0315,Kraft,Bd04_Ins-Loc
Bd03_G-Inn:0579:0423,4,Kraft,Kraft und die Einführung des Begriffs des,Bd04_Ins-Loc:0401:0316,Kraft,Bd04_Ins-Loc
Bd03_G-Inn:0580:0424,35,Paradoxien,Paradoxien der (mate-,Bd06_O-Ra:0116:0091,"Paradoxien, kosmologische",Bd06_O-Ra
Bd03_G-Inn:0580:0424,35,Paradoxien,Paradoxien der (mate-,Bd06_O-Ra:0118:0092,"Paradoxien, zenonische",Bd06_O-Ra
Bd03_G-Inn:0580:0424,35,Paradoxien,Paradoxien der (mate-,Bd06_O-Ra:0121:0093,Paradoxien der Implikation,Bd06_O-Ra
Bd03_G-Inn:0580:0424,35,Paradoxien,Paradoxien der (mate-,Bd06_O-Ra:0121:0094,Paradoxien des Unendlichen,Bd06_O-Ra
Bd03_G-Inn:0612:0459,33,Paradoxien,Paradoxien und ist inzwischen aufgegeben,Bd06_O-Ra:0116:0091,"Paradoxien, kosmologische",Bd06_O-Ra
Bd03_G-Inn:0612:0459,33,Paradoxien,Paradoxien und ist inzwischen aufgegeben,Bd06_O-Ra:0118:0092,"Paradoxien, zenonische",Bd06_O-Ra
Bd03_G-Inn:0612:0459,33,Paradoxien,Paradoxien und ist inzwischen aufgegeben,Bd06_O-Ra:0121:0093,Paradoxien der Implikation,Bd06_O-Ra
Bd03_G-Inn:0612:0459,33,Paradoxien,Paradoxien und ist inzwischen aufgegeben,Bd06_O-Ra:0121:0094,Paradoxien des Unendlichen,Bd06_O-Ra
Bd03_G-Inn:0634:0479,6,Begriffe,"Begriffe, im Beispiel das des Begriffes Weiß in der begrifflichen Ex",Bd01_A-B:0412:0515,"Begriffe, identische",Bd01_A-B
Bd03_G-Inn:0634:0479,6,Begriffe,"Begriffe, im Beispiel das des Begriffes Weiß in der begrifflichen Ex",Bd01_A-B:0412:0516,"Begriffe, theoretische",Bd01_A-B
Bd04_Ins-Loc:0037:0015,13,Begriffe,"Begriffe, sondern auf die Begriffswörter (",Bd01_A-B:0412:0515,"Begriffe, identische",Bd01_A-B
Bd04_Ins-Loc:0037:0015,13,Begriffe,"Begriffe, sondern auf die Begriffswörter (",Bd01_A-B:0412:0516,"Begriffe, theoretische",Bd01_A-B
Bd04_Ins-Loc:0060:0029,17,Paradoxien,Paradoxien,Bd06_O-Ra:0116:0091,"Paradoxien, kosmologische",Bd06_O-Ra
Bd04_Ins-Loc:0060:0029,17,Paradoxien,Paradoxien,Bd06_O-Ra:0118:0092,"Paradoxien, zenonische",Bd06_O-Ra
Bd04_Ins-Loc:0060:0029,17,Paradoxien,Paradoxien,Bd06_O-Ra:0121:0093,Paradoxien der Implikation,Bd06_O-Ra
Bd04_Ins-Loc:0060:0029,17,Paradoxien,Paradoxien,Bd06_O-Ra:0121:0094,Paradoxien des Unendlichen,Bd06_O-Ra
Bd04_Ins-Loc:0062:0032,21,Paradoxien,Paradoxien führe,Bd06_O-Ra:0116:0091,"Paradoxien, kosmologische",Bd06_O-Ra
Bd04_Ins-Loc:0062:0032,21,Paradoxien,Paradoxien führe,Bd06_O-Ra:0118:0092,"Paradoxien, zenonische",Bd06_O-Ra
Bd04_Ins-Loc:0062:0032,21,Paradoxien,Paradoxien führe,Bd06_O-Ra:0121:0093,Paradoxien der Implikation,Bd06_O-Ra
Bd04_Ins-Loc:0062:0032,21,Paradoxien,Paradoxien führe,Bd06_O-Ra:0121:0094,Paradoxien des Unendlichen,Bd06_O-Ra
Bd04_Ins-Loc:0081:0039,31,unendlich/Unendlichkeit,unendlich/Unendlichkeit,Bd08_Th-Z:0192:0155,unendlich/Unendlichkeit,Bd08_Th-Z
Bd04_Ins-Loc:0081:0039,31,unendlich/Unendlichkeit,unendlich/Unendlichkeit,Bd08_Th-Z:0198:0157,"Unendlichkeit, schlechte",Bd08_Th-Z
Bd04_Ins-Loc:0085:0041,12,Platonischen,"Platonischen Körper, charakterisieren (",Bd06_O-Ra:0360:0243,Platonische Akademie (Academia Platonica),Bd06_O-Ra
Bd04_Ins-Loc:0085:0041,12,Platonischen,"Platonischen Körper, charakterisieren (",Bd06_O-Ra:0361:0244,Platonische Körper,Bd06_O-Ra
Bd04_Ins-Loc:0092:0046,28,analytische,analytische und empirische (erfahrungswissenschaftliche,Bd01_A-B:0149:0202,analytische Philosophie,Bd01_A-B
Bd04_Ins-Loc:0092:0046,28,analytische,analytische und empirische (erfahrungswissenschaftliche,Bd01_A-B:0149:0203,analytische Wissenschaftstheorie,Bd01_A-B
Bd04_Ins-Loc:0130:0084,2,Booleschen,Booleschen Algebra für Aussagen und Funktionen mit,Bd01_A-B:0529:0663,Boolesche Algebra,Bd01_A-B
Bd04_Ins-Loc:0130:0084,2,Booleschen,Booleschen Algebra für Aussagen und Funktionen mit,Bd01_A-B:0529:0664,Boolesche Summe,Bd01_A-B
Bd04_Ins-Loc:0130:0084,6,Implikation,"Implikation, Theorie der ostensiven",Bd03_G-Inn:0580:0424,Implikation,Bd03_G-Inn
Bd04_Ins-Loc:0130:0084,6,Implikation,"Implikation, Theorie der ostensiven",Bd03_G-Inn:0581:0425,"Implikation, induktive",Bd03_G-Inn
Bd04_Ins-Loc:0130:0084,6,Implikation,"Implikation, Theorie der ostensiven",Bd03_G-Inn:0582:0426,"Implikation, relevante",Bd03_G-Inn
Bd04_Ins-Loc:0130:0084,6,Implikation,"Implikation, Theorie der ostensiven",Bd03_G-Inn:0582:0427,"Implikation, strenge",Bd03_G-Inn
Bd04_Ins-Loc:0130:0084,6,Implikation,"Implikation, Theorie der ostensiven",Bd03_G-Inn:0582:0428,"Implikation, strikte",Bd03_G-Inn
Bd04_Ins-Loc:0130:0084,6,Implikation,"Implikation, Theorie der ostensiven",Bd06_O-Ra:0160:0136,Implikation,Bd06_O-Ra
Bd04_Ins-Loc:0132:0086,3,Kraft,Kraft,Bd04_Ins-Loc:0399:0315,Kraft,Bd04_Ins-Loc
Bd04_Ins-Loc:0132:0086,3,Kraft,Kraft,Bd04_Ins-Loc:0401:0316,Kraft,Bd04_Ins-Loc
Bd04_Ins-Loc:0139:0091,0,Wiener,"Wiener Kreises, das während des 2",Bd08_Th-Z:0518:0496,Wiener,Bd08_Th-Z
Bd04_Ins-Loc:0139:0091,0,Wiener,"Wiener Kreises, das während des 2",Bd08_Th-Z:0519:0497,Wiener,Bd08_Th-Z
Bd04_Ins-Loc:0139:0091,0,Wiener,"Wiener Kreises, das während des 2",Bd08_Th-Z:0520:0498,Wiener Kreis,Bd08_Th-Z
Bd04_Ins-Loc:0145:0096,7,Implikation,Implikation,Bd03_G-Inn:0580:0424,Implikation,Bd03_G-Inn
Bd04_Ins-Loc:0145:0096,7,Implikation,Implikation,Bd03_G-Inn:0581:0425,"Implikation, induktive",Bd03_G-Inn
Bd04_Ins-Loc:0145:0096,7,Implikation,Implikation,Bd03_G-Inn:0582:0426,"Implikation, relevante",Bd03_G-Inn
Bd04_Ins-Loc:0145:0096,7,Implikation,Implikation,Bd03_G-Inn:0582:0427,"Implikation, strenge",Bd03_G-Inn
Bd04_Ins-Loc:0145:0096,7,Implikation,Implikation,Bd03_G-Inn:0582:0428,"Implikation, strikte",Bd03_G-Inn
Bd04_Ins-Loc:0145:0096,7,Implikation,Implikation,Bd06_O-Ra:0160:0136,Implikation,Bd06_O-Ra
Bd04_Ins-Loc:0146:0097,5,Implikationen,"Implikationen A1,",Bd03_G-Inn:0580:0424,Implikation,Bd03_G-Inn
Bd04_Ins-Loc:0146:0097,5,Implikationen,"Implikationen A1,",Bd03_G-Inn:0581:0425,"Implikation, induktive",Bd03_G-Inn
Bd04_Ins-Loc:0146:0097,5,Implikationen,"Implikationen A1,",Bd03_G-Inn:0582:0426,"Implikation, relevante",Bd03_G-Inn
Bd04_Ins-Loc:0146:0097,5,Implikationen,"Implikationen A1,",Bd03_G-Inn:0582:0427,"Implikation, strenge",Bd03_G-Inn
Bd04_Ins-Loc:0146:0097,5,Implikationen,"Implikationen A1,",Bd03_G-Inn:0582:0428,"Implikation, strikte",Bd03_G-Inn
Bd04_Ins-Loc:0146:0097,5,Implikationen,"Implikationen A1,",Bd06_O-Ra:0160:0136,Implikation,Bd06_O-Ra
Bd04_Ins-Loc:0146:0097,36,Booleschen,Booleschen Verbandes über den Aussagesymbolen als (unendlichem,Bd01_A-B:0529:0663,Boolesche Algebra,Bd01_A-B
Bd04_Ins-Loc:0146:0097,36,Booleschen,Booleschen Verbandes über den Aussagesymbolen als (unendlichem,Bd01_A-B:0529:0664,Boolesche Summe,Bd01_A-B
Bd04_Ins-Loc:0146:0097,49,De,"De Morganschen Gesetze, daß ¬(A ∧ B",Bd02_C-F:0147:0164,de dicto/de re,Bd02_C-F
Bd04_Ins-Loc:0146:0097,49,De,"De Morganschen Gesetze, daß ¬(A ∧ B",Bd02_C-F:0147:0164,de dicto/de re,Bd02_C-F
Bd04_Ins-Loc:0146:0097,49,De,"De Morganschen Gesetze, daß ¬(A ∧ B",Bd02_C-F:0171:0192,De Morgansche Gesetze,Bd02_C-F
Bd04_Ins-Loc:0150:0099,12,Makrokosmos,Makrokosmos,Bd05_Log-N:0206:0132,Makrokosmos,Bd05_Log-N
Bd04_Ins-Loc:0150:0099,12,Makrokosmos,Makrokosmos,Bd05_Log-N:0207:0133,Makrokosmos,Bd05_Log-N
Bd04_Ins-Loc:0165:0112,69,Antinomien,Antinomien der reinen Vernunft,Bd01_A-B:0186:0253,"Antinomien, logische",Bd01_A-B
Bd04_Ins-Loc:0165:0112,69,Antinomien,Antinomien der reinen Vernunft,Bd01_A-B:0187:0254,"Antinomien, semantische",Bd01_A-B
Bd04_Ins-Loc:0165:0112,69,Antinomien,Antinomien der reinen Vernunft,Bd01_A-B:0188:0255,Antinomien der Mengenlehre,Bd01_A-B
Bd04_Ins-Loc:0191:0127,0,Hartmann,"Hartmann, Nicolai",Bd03_G-Inn:0315:0235,Hartmann,Bd03_G-Inn
Bd04_Ins-Loc:0191:0127,0,Hartmann,"Hartmann, Nicolai",Bd03_G-Inn:0316:0236,Hartmann,Bd03_G-Inn
Bd04_Ins-Loc:0208:0146,1,Platonischen,"Platonischen Körper in der Reihenfolge Würfel, Tetraeder, Dodekaeder, Ik",Bd06_O-Ra:0360:0243,Platonische Akademie (Academia Platonica),Bd06_O-Ra
Bd04_Ins-Loc:0208:0146,1,Platonischen,"Platonischen Körper in der Reihenfolge Würfel, Tetraeder, Dodekaeder, Ik",Bd06_O-Ra:0361:0244,Platonische Körper,Bd06_O-Ra
Bd04_Ins-Loc:0217:0147,11,Implikation,"Implikation a → b, b → c ≺ a → c (E",Bd03_G-Inn:0580:0424,Implikation,Bd03_G-Inn
Bd04_Ins-Loc:0217:0147,11,Implikation,"Implikation a → b, b → c ≺ a → c (E",Bd03_G-Inn:0581:0425,"Implikation, induktive",Bd03_G-Inn
Bd04_Ins-Loc:0217:0147,11,Implikation,"Implikation a → b, b → c ≺ a → c (E",Bd03_G-Inn:0582:0426,"Implikation, relevante",Bd03_G-Inn
Bd04_Ins-Loc:0217:0147,11,Implikation,"Implikation a → b, b → c ≺ a → c (E",Bd03_G-Inn:0582:0427,"Implikation, strenge",Bd03_G-Inn
Bd04_Ins-Loc:0217:0147,11,Implikation,"Implikation a → b, b → c ≺ a → c (E",Bd03_G-Inn:0582:0428,"Implikation, strikte",Bd03_G-Inn
Bd04_Ins-Loc:0217:0147,11,Implikation,"Implikation a → b, b → c ≺ a → c (E",Bd06_O-Ra:0160:0136,Implikation,Bd06_O-Ra
Bd04_Ins-Loc:0228:0151,6,Paradoxien,Paradoxien formulierte und deshalb in der Regel mehrdeutige Aussagen (,Bd06_O-Ra:0116:0091,"Paradoxien, kosmologische",Bd06_O-Ra
Bd04_Ins-Loc:0228:0151,6,Paradoxien,Paradoxien formulierte und deshalb in der Regel mehrdeutige Aussagen (,Bd06_O-Ra:0118:0092,"Paradoxien, zenonische",Bd06_O-Ra
Bd04_Ins-Loc:0228:0151,6,Paradoxien,Paradoxien formulierte und deshalb in der Regel mehrdeutige Aussagen (,Bd06_O-Ra:0121:0093,Paradoxien der Implikation,Bd06_O-Ra
Bd04_Ins-Loc:0228:0151,6,Paradoxien,Paradoxien formulierte und deshalb in der Regel mehrdeutige Aussagen (,Bd06_O-Ra:0121:0094,Paradoxien des Unendlichen,Bd06_O-Ra
Bd04_Ins-Loc:0238:0156,6,Kräften,Kräften erklären soll,Bd04_Ins-Loc:0399:0315,Kraft,Bd04_Ins-Loc
Bd04_Ins-Loc:0238:0156,6,Kräften,Kräften erklären soll,Bd04_Ins-Loc:0401:0316,Kraft,Bd04_Ins-Loc
Bd04_Ins-Loc:0241:0158,5,komplex/Komplex,komplex/Komplex,Bd04_Ins-Loc:0297:0208,komplex/Komplex,Bd04_Ins-Loc
Bd04_Ins-Loc:0241:0158,5,komplex/Komplex,komplex/Komplex,Bd04_Ins-Loc:0297:0208,komplex/Komplex,Bd04_Ins-Loc
Bd04_Ins-Loc:0242:0160,20,komplex/Komplex,komplex/Komplex,Bd04_Ins-Loc:0297:0208,komplex/Komplex,Bd04_Ins-Loc
Bd04_Ins-Loc:0242:0160,20,komplex/Komplex,komplex/Komplex,Bd04_Ins-Loc:0297:0208,komplex/Komplex,Bd04_Ins-Loc
Bd04_Ins-Loc:0242:0160,45,Begriffe,Begriffe als Abstrakta aus Prädikatoren in apprädikativer Verwendung,Bd01_A-B:0412:0515,"Begriffe, identische",Bd01_A-B
Bd04_Ins-Loc:0242:0160,45,Begriffe,Begriffe als Abstrakta aus Prädikatoren in apprädikativer Verwendung,Bd01_A-B:0412:0516,"Begriffe, theoretische",Bd01_A-B
Bd04_Ins-Loc:0248:0164,6,Booleschen,"Booleschen Verband dar, wobei ¸ (",Bd01_A-B:0529:0663,Boolesche Algebra,Bd01_A-B
Bd04_Ins-Loc:0248:0164,6,Booleschen,"Booleschen Verband dar, wobei ¸ (",Bd01_A-B:0529:0664,Boolesche Summe,Bd01_A-B
Bd04_Ins-Loc:0251:0168,10,ästhetisch/,ästhetisch/ �sthetik,Bd01_A-B:0277:0379,ästhetisch/Ästhetik,Bd01_A-B
Bd04_Ins-Loc:0251:0168,10,ästhetisch/,ästhetisch/ �sthetik,Bd01_A-B:0288:0380,ästhetisch/Ästhetik (endeetisch),Bd01_A-B
Bd04_Ins-Loc:0255:0170,10,Makrokosmos,Makrokosmos gelten,Bd05_Log-N:0206:0132,Makrokosmos,Bd05_Log-N
Bd04_Ins-Loc:0255:0170,10,Makrokosmos,Makrokosmos gelten,Bd05_Log-N:0207:0133,Makrokosmos,Bd05_Log-N
Bd04_Ins-Loc:0280:0190,3,Markov,"Markov, Andrej Andreevicˇ [1856–1922",Bd05_Log-N:0237:0162,Markov,Bd05_Log-N
Bd04_Ins-Loc:0280:0190,3,Markov,"Markov, Andrej Andreevicˇ [1856–1922",Bd05_Log-N:0238:0163,Markov,Bd05_Log-N
Bd04_Ins-Loc:0283:0197,10,symmetrisch/Symmetrie,symmetrisch/Symmetrie (argumentationstheoretisch,Bd07_Re-Te:0630:0537,symmetrisch/Symmetrie (argumentationstheore tisch),Bd07_Re-Te
Bd04_Ins-Loc:0283:0197,10,symmetrisch/Symmetrie,symmetrisch/Symmetrie (argumentationstheoretisch,Bd07_Re-Te:0631:0538,symmetrisch/Symmetrie (geometrisch),Bd07_Re-Te
Bd04_Ins-Loc:0283:0197,10,symmetrisch/Symmetrie,symmetrisch/Symmetrie (argumentationstheoretisch,Bd07_Re-Te:0633:0539,symmetrisch/Symmetrie (logisch),Bd07_Re-Te
Bd04_Ins-Loc:0283:0197,10,symmetrisch/Symmetrie,symmetrisch/Symmetrie (argumentationstheoretisch,Bd07_Re-Te:0634:0540,symmetrisch/Symmetrie (naturphilosophisch),Bd07_Re-Te
Bd04_Ins-Loc:0296:0206,3,Boolesche,Boolesche Verbände oder orthomodulare Verbände (,Bd01_A-B:0529:0663,Boolesche Algebra,Bd01_A-B
Bd04_Ins-Loc:0296:0206,3,Boolesche,Boolesche Verbände oder orthomodulare Verbände (,Bd01_A-B:0529:0664,Boolesche Summe,Bd01_A-B
Bd04_Ins-Loc:0297:0208,19,Idee,Idee,Bd03_G-Inn:0534:0386,Idee (historisch),Bd03_G-Inn
Bd04_Ins-Loc:0297:0208,19,Idee,Idee,Bd03_G-Inn:0537:0387,Idee (systematisch),Bd03_G-Inn
Bd04_Ins-Loc:0297:0208,19,Idee,Idee,Bd03_G-Inn:0540:0388,"Idee, absolute",Bd03_G-Inn
Bd04_Ins-Loc:0297:0208,19,Idee,Idee,Bd03_G-Inn:0541:0389,"Idee, angeborene",Bd03_G-Inn
Bd04_Ins-Loc:0299:0209,0,komplex/Komplex,komplex/Komplex,Bd04_Ins-Loc:0297:0208,komplex/Komplex,Bd04_Ins-Loc
Bd04_Ins-Loc:0299:0209,0,komplex/Komplex,komplex/Komplex,Bd04_Ins-Loc:0297:0208,komplex/Komplex,Bd04_Ins-Loc
Bd04_Ins-Loc:0299:0210,5,komplex/Komplex,komplex/Komplex,Bd04_Ins-Loc:0297:0208,komplex/Komplex,Bd04_Ins-Loc
Bd04_Ins-Loc:0299:0210,5,komplex/Komplex,komplex/Komplex,Bd04_Ins-Loc:0297:0208,komplex/Komplex,Bd04_Ins-Loc
Bd04_Ins-Loc:0303:0219,3,Implikation,Implikation,Bd03_G-Inn:0580:0424,Implikation,Bd03_G-Inn
Bd04_Ins-Loc:0303:0219,3,Implikation,Implikation,Bd03_G-Inn:0581:0425,"Implikation, induktive",Bd03_G-Inn
Bd04_Ins-Loc:0303:0219,3,Implikation,Implikation,Bd03_G-Inn:0582:0426,"Implikation, relevante",Bd03_G-Inn
Bd04_Ins-Loc:0303:0219,3,Implikation,Implikation,Bd03_G-Inn:0582:0427,"Implikation, strenge",Bd03_G-Inn
Bd04_Ins-Loc:0303:0219,3,Implikation,Implikation,Bd03_G-Inn:0582:0428,"Implikation, strikte",Bd03_G-Inn
Bd04_Ins-Loc:0303:0219,3,Implikation,Implikation,Bd06_O-Ra:0160:0136,Implikation,Bd06_O-Ra
Bd04_Ins-Loc:0304:0220,15,Implikation,Implikation,Bd03_G-Inn:0580:0424,Implikation,Bd03_G-Inn
Bd04_Ins-Loc:0304:0220,15,Implikation,Implikation,Bd03_G-Inn:0581:0425,"Implikation, induktive",Bd03_G-Inn
Bd04_Ins-Loc:0304:0220,15,Implikation,Implikation,Bd03_G-Inn:0582:0426,"Implikation, relevante",Bd03_G-Inn
Bd04_Ins-Loc:0304:0220,15,Implikation,Implikation,Bd03_G-Inn:0582:0427,"Implikation, strenge",Bd03_G-Inn
Bd04_Ins-Loc:0304:0220,15,Implikation,Implikation,Bd03_G-Inn:0582:0428,"Implikation, strikte",Bd03_G-Inn
Bd04_Ins-Loc:0304:0220,15,Implikation,Implikation,Bd06_O-Ra:0160:0136,Implikation,Bd06_O-Ra
Bd04_Ins-Loc:0304:0220,19,Paradoxien,Paradoxien (trivialen und kontraintuitiven Explikationen,Bd06_O-Ra:0116:0091,"Paradoxien, kosmologische",Bd06_O-Ra
Bd04_Ins-Loc:0304:0220,19,Paradoxien,Paradoxien (trivialen und kontraintuitiven Explikationen,Bd06_O-Ra:0118:0092,"Paradoxien, zenonische",Bd06_O-Ra
Bd04_Ins-Loc:0304:0220,19,Paradoxien,Paradoxien (trivialen und kontraintuitiven Explikationen,Bd06_O-Ra:0121:0093,Paradoxien der Implikation,Bd06_O-Ra
Bd04_Ins-Loc:0304:0220,19,Paradoxien,Paradoxien (trivialen und kontraintuitiven Explikationen,Bd06_O-Ra:0121:0094,Paradoxien des Unendlichen,Bd06_O-Ra
Bd04_Ins-Loc:0308:0222,6,Makrokosmos,Makrokosmos der Natur spiegelt oder doch um des harmonischen Gleichgewi,Bd05_Log-N:0206:0132,Makrokosmos,Bd05_Log-N
Bd04_Ins-Loc:0308:0222,6,Makrokosmos,Makrokosmos der Natur spiegelt oder doch um des harmonischen Gleichgewi,Bd05_Log-N:0207:0133,Makrokosmos,Bd05_Log-N
Bd04_Ins-Loc:0311:0224,16,Länge,Länge,Bd04_Ins-Loc:0471:0374,Lange,Bd04_Ins-Loc
Bd04_Ins-Loc:0311:0224,16,Länge,Länge,Bd04_Ins-Loc:0473:0375,Länge,Bd04_Ins-Loc
Bd04_Ins-Loc:0312:0225,10,Implikation,Implikation ⋀x(f (x,Bd03_G-Inn:0580:0424,Implikation,Bd03_G-Inn
Bd04_Ins-Loc:0312:0225,10,Implikation,Implikation ⋀x(f (x,Bd03_G-Inn:0581:0425,"Implikation, induktive",Bd03_G-Inn
Bd04_Ins-Loc:0312:0225,10,Implikation,Implikation ⋀x(f (x,Bd03_G-Inn:0582:0426,"Implikation, relevante",Bd03_G-Inn
Bd04_Ins-Loc:0312:0225,10,Implikation,Implikation ⋀x(f (x,Bd03_G-Inn:0582:0427,"Implikation, strenge",Bd03_G-Inn
Bd04_Ins-Loc:0312:0225,10,Implikation,Implikation ⋀x(f (x,Bd03_G-Inn:0582:0428,"Implikation, strikte",Bd03_G-Inn
Bd04_Ins-Loc:0312:0225,10,Implikation,Implikation ⋀x(f (x,Bd06_O-Ra:0160:0136,Implikation,Bd06_O-Ra
Bd04_Ins-Loc:0317:0232,10,Implikation,"Implikation A1,",Bd03_G-Inn:0580:0424,Implikation,Bd03_G-Inn
Bd04_Ins-Loc:0317:0232,10,Implikation,"Implikation A1,",Bd03_G-Inn:0581:0425,"Implikation, induktive",Bd03_G-Inn
Bd04_Ins-Loc:0317:0232,10,Implikation,"Implikation A1,",Bd03_G-Inn:0582:0426,"Implikation, relevante",Bd03_G-Inn
Bd04_Ins-Loc:0317:0232,10,Implikation,"Implikation A1,",Bd03_G-Inn:0582:0427,"Implikation, strenge",Bd03_G-Inn
Bd04_Ins-Loc:0317:0232,10,Implikation,"Implikation A1,",Bd03_G-Inn:0582:0428,"Implikation, strikte",Bd03_G-Inn
Bd04_Ins-Loc:0317:0232,10,Implikation,"Implikation A1,",Bd06_O-Ra:0160:0136,Implikation,Bd06_O-Ra
Bd04_Ins-Loc:0322:0242,3,Implikation,"Implikation A1,",Bd03_G-Inn:0580:0424,Implikation,Bd03_G-Inn
Bd04_Ins-Loc:0322:0242,3,Implikation,"Implikation A1,",Bd03_G-Inn:0581:0425,"Implikation, induktive",Bd03_G-Inn
Bd04_Ins-Loc:0322:0242,3,Implikation,"Implikation A1,",Bd03_G-Inn:0582:0426,"Implikation, relevante",Bd03_G-Inn
Bd04_Ins-Loc:0322:0242,3,Implikation,"Implikation A1,",Bd03_G-Inn:0582:0427,"Implikation, strenge",Bd03_G-Inn
Bd04_Ins-Loc:0322:0242,3,Implikation,"Implikation A1,",Bd03_G-Inn:0582:0428,"Implikation, strikte",Bd03_G-Inn
Bd04_Ins-Loc:0322:0242,3,Implikation,"Implikation A1,",Bd06_O-Ra:0160:0136,Implikation,Bd06_O-Ra
Bd04_Ins-Loc:0322:0243,6,Realismus,"Realismus, moralischer",Bd07_Re-Te:0023:0006,Realismus (erkenntnistheoretisch),Bd07_Re-Te
Bd04_Ins-Loc:0322:0243,6,Realismus,"Realismus, moralischer",Bd07_Re-Te:0025:0007,Realismus (ontologisch),Bd07_Re-Te
Bd04_Ins-Loc:0322:0243,6,Realismus,"Realismus, moralischer",Bd07_Re-Te:0026:0008,"Realismus, ethischer",Bd07_Re-Te
Bd04_Ins-Loc:0322:0243,6,Realismus,"Realismus, moralischer",Bd07_Re-Te:0030:0009,"Realismus, kritischer",Bd07_Re-Te
Bd04_Ins-Loc:0322:0243,6,Realismus,"Realismus, moralischer",Bd07_Re-Te:0031:0010,"Realismus, semantischer",Bd07_Re-Te
Bd04_Ins-Loc:0322:0243,6,Realismus,"Realismus, moralischer",Bd07_Re-Te:0033:0011,"Realismus, wissenschaftlicher",Bd07_Re-Te
Bd04_Ins-Loc:0325:0244,7,Implikation,"Implikation A1,",Bd03_G-Inn:0580:0424,Implikation,Bd03_G-Inn
Bd04_Ins-Loc:0325:0244,7,Implikation,"Implikation A1,",Bd03_G-Inn:0581:0425,"Implikation, induktive",Bd03_G-Inn
Bd04_Ins-Loc:0325:0244,7,Implikation,"Implikation A1,",Bd03_G-Inn:0582:0426,"Implikation, relevante",Bd03_G-Inn
Bd04_Ins-Loc:0325:0244,7,Implikation,"Implikation A1,",Bd03_G-Inn:0582:0427,"Implikation, strenge",Bd03_G-Inn
Bd04_Ins-Loc:0325:0244,7,Implikation,"Implikation A1,",Bd03_G-Inn:0582:0428,"Implikation, strikte",Bd03_G-Inn
Bd04_Ins-Loc:0325:0244,7,Implikation,"Implikation A1,",Bd06_O-Ra:0160:0136,Implikation,Bd06_O-Ra
Bd04_Ins-Loc:0328:0254,20,Klasse,"Klasse, logisch",Bd04_Ins-Loc:0242:0160,Klasse (logisch),Bd04_Ins-Loc
Bd04_Ins-Loc:0328:0254,20,Klasse,"Klasse, logisch",Bd04_Ins-Loc:0244:0161,Klasse (sozialwissenschaftlich),Bd04_Ins-Loc
Bd04_Ins-Loc:0328:0254,20,Klasse,"Klasse, logisch",Bd04_Ins-Loc:0247:0162,"Klasse, leere",Bd04_Ins-Loc
Bd04_Ins-Loc:0330:0257,9,Länge,Länge,Bd04_Ins-Loc:0471:0374,Lange,Bd04_Ins-Loc
Bd04_Ins-Loc:0330:0257,9,Länge,Länge,Bd04_Ins-Loc:0473:0375,Länge,Bd04_Ins-Loc
Bd04_Ins-Loc:0330:0257,35,komplex/Komplex,komplex/Komplex,Bd04_Ins-Loc:0297:0208,komplex/Komplex,Bd04_Ins-Loc
Bd04_Ins-Loc:0330:0257,35,komplex/Komplex,komplex/Komplex,Bd04_Ins-Loc:0297:0208,komplex/Komplex,Bd04_Ins-Loc
Bd04_Ins-Loc:0334:0261,24,unendlich/Unendlichkeit,unendlich/Unendlichkeit,Bd08_Th-Z:0192:0155,unendlich/Unendlichkeit,Bd08_Th-Z
Bd04_Ins-Loc:0334:0261,24,unendlich/Unendlichkeit,unendlich/Unendlichkeit,Bd08_Th-Z:0198:0157,"Unendlichkeit, schlechte",Bd08_Th-Z
Bd04_Ins-Loc:0334:0261,27,Darstellung,Darstellung (logischmengentheoretisch,Bd02_C-F:0135:0155,Darstellung (logisch-mengentheoretisch),Bd02_C-F
Bd04_Ins-Loc:0334:0261,27,Darstellung,Darstellung (logischmengentheoretisch,Bd02_C-F:0135:0156,Darstellung (semiotisch),Bd02_C-F
Bd04_Ins-Loc:0346:0271,10,unendlich/Unendlichkeit,unendlich/Unendlichkeit,Bd08_Th-Z:0192:0155,unendlich/Unendlichkeit,Bd08_Th-Z
Bd04_Ins-Loc:0346:0271,10,unendlich/Unendlichkeit,unendlich/Unendlichkeit,Bd08_Th-Z:0198:0157,"Unendlichkeit, schlechte",Bd08_Th-Z
Bd04_Ins-Loc:0349:0272,19,unendlich/Unendlichkeit,unendlich/Unendlichkeit,Bd08_Th-Z:0192:0155,unendlich/Unendlichkeit,Bd08_Th-Z
Bd04_Ins-Loc:0349:0272,19,unendlich/Unendlichkeit,unendlich/Unendlichkeit,Bd08_Th-Z:0198:0157,"Unendlichkeit, schlechte",Bd08_Th-Z
Bd04_Ins-Loc:0354:0278,3,Implikation,"Implikation A → B ≺¬B →¬A konverse logische Implikation, also ¬B →¬A ≺",Bd03_G-Inn:0580:0424,Implikation,Bd03_G-Inn
Bd04_Ins-Loc:0354:0278,3,Implikation,"Implikation A → B ≺¬B →¬A konverse logische Implikation, also ¬B →¬A ≺",Bd03_G-Inn:0581:0425,"Implikation, induktive",Bd03_G-Inn
Bd04_Ins-Loc:0354:0278,3,Implikation,"Implikation A → B ≺¬B →¬A konverse logische Implikation, also ¬B →¬A ≺",Bd03_G-Inn:0582:0426,"Implikation, relevante",Bd03_G-Inn
Bd04_Ins-Loc:0354:0278,3,Implikation,"Implikation A → B ≺¬B →¬A konverse logische Implikation, also ¬B →¬A ≺",Bd03_G-Inn:0582:0427,"Implikation, strenge",Bd03_G-Inn
Bd04_Ins-Loc:0354:0278,3,Implikation,"Implikation A → B ≺¬B →¬A konverse logische Implikation, also ¬B →¬A ≺",Bd03_G-Inn:0582:0428,"Implikation, strikte",Bd03_G-Inn
Bd04_Ins-Loc:0354:0278,3,Implikation,"Implikation A → B ≺¬B →¬A konverse logische Implikation, also ¬B →¬A ≺",Bd06_O-Ra:0160:0136,Implikation,Bd06_O-Ra
Bd04_Ins-Loc:0354:0279,6,Begriffe,Begriffe |P| und |Q| bzw,Bd01_A-B:0412:0515,"Begriffe, identische",Bd01_A-B
Bd04_Ins-Loc:0354:0279,6,Begriffe,Begriffe |P| und |Q| bzw,Bd01_A-B:0412:0516,"Begriffe, theoretische",Bd01_A-B
Bd04_Ins-Loc:0363:0285,9,Implikation,Implikation,Bd03_G-Inn:0580:0424,Implikation,Bd03_G-Inn
Bd04_Ins-Loc:0363:0285,9,Implikation,Implikation,Bd03_G-Inn:0581:0425,"Implikation, induktive",Bd03_G-Inn
Bd04_Ins-Loc:0363:0285,9,Implikation,Implikation,Bd03_G-Inn:0582:0426,"Implikation, relevante",Bd03_G-Inn
Bd04_Ins-Loc:0363:0285,9,Implikation,Implikation,Bd03_G-Inn:0582:0427,"Implikation, strenge",Bd03_G-Inn
Bd04_Ins-Loc:0363:0285,9,Implikation,Implikation,Bd03_G-Inn:0582:0428,"Implikation, strikte",Bd03_G-Inn
Bd04_Ins-Loc:0363:0285,9,Implikation,Implikation,Bd06_O-Ra:0160:0136,Implikation,Bd06_O-Ra
Bd04_Ins-Loc:0382:0297,0,Platonischen,Platonischen Körper durch vollkommene Drehungs- und Spiegelungssymmetrie,Bd06_O-Ra:0360:0243,Platonische Akademie (Academia Platonica),Bd06_O-Ra
Bd04_Ins-Loc:0382:0297,0,Platonischen,Platonischen Körper durch vollkommene Drehungs- und Spiegelungssymmetrie,Bd06_O-Ra:0361:0244,Platonische Körper,Bd06_O-Ra
Bd04_Ins-Loc:0383:0299,8,Länge,Länge,Bd04_Ins-Loc:0471:0374,Lange,Bd04_Ins-Loc
Bd04_Ins-Loc:0383:0299,8,Länge,Länge,Bd04_Ins-Loc:0473:0375,Länge,Bd04_Ins-Loc
Bd04_Ins-Loc:0390:0308,11,Kraft,"Kraft voraussetzt, womit in kosmologischen Zusammenhängen die Ann",Bd04_Ins-Loc:0399:0315,Kraft,Bd04_Ins-Loc
Bd04_Ins-Loc:0390:0308,11,Kraft,"Kraft voraussetzt, womit in kosmologischen Zusammenhängen die Ann",Bd04_Ins-Loc:0401:0316,Kraft,Bd04_Ins-Loc
Bd04_Ins-Loc:0390:0308,27,unendlich/Unendlichkeit,unendlich/Unendlichkeit,Bd08_Th-Z:0192:0155,unendlich/Unendlichkeit,Bd08_Th-Z
Bd04_Ins-Loc:0390:0308,27,unendlich/Unendlichkeit,unendlich/Unendlichkeit,Bd08_Th-Z:0198:0157,"Unendlichkeit, schlechte",Bd08_Th-Z
Bd04_Ins-Loc:0395:0309,24,Makrokosmos,Makrokosmos zur naturphilosophischen Lehre von einer umfassenden Analog,Bd05_Log-N:0206:0132,Makrokosmos,Bd05_Log-N
Bd04_Ins-Loc:0395:0309,24,Makrokosmos,Makrokosmos zur naturphilosophischen Lehre von einer umfassenden Analog,Bd05_Log-N:0207:0133,Makrokosmos,Bd05_Log-N
Bd04_Ins-Loc:0401:0316,0,Wiener,Wiener Kreises,Bd08_Th-Z:0518:0496,Wiener,Bd08_Th-Z
Bd04_Ins-Loc:0401:0316,0,Wiener,Wiener Kreises,Bd08_Th-Z:0519:0497,Wiener,Bd08_Th-Z
Bd04_Ins-Loc:0401:0316,0,Wiener,Wiener Kreises,Bd08_Th-Z:0520:0498,Wiener Kreis,Bd08_Th-Z
Bd04_Ins-Loc:0409:0324,26,Antinomien,Antinomien verwendet werden,Bd01_A-B:0186:0253,"Antinomien, logische",Bd01_A-B
Bd04_Ins-Loc:0409:0324,26,Antinomien,Antinomien verwendet werden,Bd01_A-B:0187:0254,"Antinomien, semantische",Bd01_A-B
Bd04_Ins-Loc:0409:0324,26,Antinomien,Antinomien verwendet werden,Bd01_A-B:0188:0255,Antinomien der Mengenlehre,Bd01_A-B
Bd04_Ins-Loc:0435:0348,39,ästhetisch/,ästhetisch/ �sthetik,Bd01_A-B:0277:0379,ästhetisch/Ästhetik,Bd01_A-B
Bd04_Ins-Loc:0435:0348,39,ästhetisch/,ästhetisch/ �sthetik,Bd01_A-B:0288:0380,ästhetisch/Ästhetik (endeetisch),Bd01_A-B
Bd04_Ins-Loc:0450:0357,4,Länge,"Länge,",Bd04_Ins-Loc:0471:0374,Lange,Bd04_Ins-Loc
Bd04_Ins-Loc:0450:0357,4,Länge,"Länge,",Bd04_Ins-Loc:0473:0375,Länge,Bd04_Ins-Loc
Bd04_Ins-Loc:0458:0363,10,komplex/Komplex,komplex/Komplex,Bd04_Ins-Loc:0297:0208,komplex/Komplex,Bd04_Ins-Loc
Bd04_Ins-Loc:0458:0363,10,komplex/Komplex,komplex/Komplex,Bd04_Ins-Loc:0297:0208,komplex/Komplex,Bd04_Ins-Loc
Bd04_Ins-Loc:0474:0376,0,ästhetisch/,ästhetisch/ �sthetik,Bd01_A-B:0277:0379,ästhetisch/Ästhetik,Bd01_A-B
Bd04_Ins-Loc:0474:0376,0,ästhetisch/,ästhetisch/ �sthetik,Bd01_A-B:0288:0380,ästhetisch/Ästhetik (endeetisch),Bd01_A-B
Bd04_Ins-Loc:0494:0393,60,irrational/,irrational/ Irrationalismus,Bd04_Ins-Loc:0092:0046,irrational/Irrationalismus,Bd04_Ins-Loc
Bd04_Ins-Loc:0494:0393,60,irrational/,irrational/ Irrationalismus,Bd04_Ins-Loc:0094:0047,irrational (mathematisch),Bd04_Ins-Loc
Bd04_Ins-Loc:0500:0397,16,irrational/,irrational/ Irrationalismus,Bd04_Ins-Loc:0092:0046,irrational/Irrationalismus,Bd04_Ins-Loc
Bd04_Ins-Loc:0500:0397,16,irrational/,irrational/ Irrationalismus,Bd04_Ins-Loc:0094:0047,irrational (mathematisch),Bd04_Ins-Loc
Bd04_Ins-Loc:0502:0399,1,Makrokosmos,Makrokosmos,Bd05_Log-N:0206:0132,Makrokosmos,Bd05_Log-N
Bd04_Ins-Loc:0502:0399,1,Makrokosmos,Makrokosmos,Bd05_Log-N:0207:0133,Makrokosmos,Bd05_Log-N
Bd04_Ins-Loc:0524:0418,9,Kraft,Kraft,Bd04_Ins-Loc:0399:0315,Kraft,Bd04_Ins-Loc
Bd04_Ins-Loc:0524:0418,9,Kraft,Kraft,Bd04_Ins-Loc:0401:0316,Kraft,Bd04_Ins-Loc
Bd04_Ins-Loc:0524:0418,90,Implikation,Implikation und eine Substitutionsregel (,Bd03_G-Inn:0580:0424,Implikation,Bd03_G-Inn
Bd04_Ins-Loc:0524:0418,90,Implikation,Implikation und eine Substitutionsregel (,Bd03_G-Inn:0581:0425,"Implikation, induktive",Bd03_G-Inn
Bd04_Ins-Loc:0524:0418,90,Implikation,Implikation und eine Substitutionsregel (,Bd03_G-Inn:0582:0426,"Implikation, relevante",Bd03_G-Inn
Bd04_Ins-Loc:0524:0418,90,Implikation,Implikation und eine Substitutionsregel (,Bd03_G-Inn:0582:0427,"Implikation, strenge",Bd03_G-Inn
Bd04_Ins-Loc:0524:0418,90,Implikation,Implikation und eine Substitutionsregel (,Bd03_G-Inn:0582:0428,"Implikation, strikte",Bd03_G-Inn
Bd04_Ins-Loc:0524:0418,90,Implikation,Implikation und eine Substitutionsregel (,Bd06_O-Ra:0160:0136,Implikation,Bd06_O-Ra
Bd04_Ins-Loc:0556:0431,1,Kraft,Kraft (vgl,Bd04_Ins-Loc:0399:0315,Kraft,Bd04_Ins-Loc
Bd04_Ins-Loc:0556:0431,1,Kraft,Kraft (vgl,Bd04_Ins-Loc:0401:0316,Kraft,Bd04_Ins-Loc
Bd04_Ins-Loc:0556:0431,4,Makrokosmos,"Makrokosmos und Mikrokosmos, sollten im Sinne einer einheitlichen Natur",Bd05_Log-N:0206:0132,Makrokosmos,Bd05_Log-N
Bd04_Ins-Loc:0556:0431,4,Makrokosmos,"Makrokosmos und Mikrokosmos, sollten im Sinne einer einheitlichen Natur",Bd05_Log-N:0207:0133,Makrokosmos,Bd05_Log-N
Bd04_Ins-Loc:0575:0440,9,Anderen,"Anderen, entgegen",Bd01_A-B:0156:0213,"Andere, das",Bd01_A-B
Bd04_Ins-Loc:0575:0440,9,Anderen,"Anderen, entgegen",Bd01_A-B:0156:0214,"Andere, der",Bd01_A-B
Bd04_Ins-Loc:0580:0444,12,logisch,logisch wahren A Aussagen als ableitbare (,Bd05_Log-N:0121:0079,logisch falsch,Bd05_Log-N
Bd04_Ins-Loc:0580:0444,12,logisch,logisch wahren A Aussagen als ableitbare (,Bd05_Log-N:0121:0080,logisch wahr,Bd05_Log-N
Bd04_Ins-Loc:0596:0459,4,Booleschen,"Booleschen Verband bildet, d",Bd01_A-B:0529:0663,Boolesche Algebra,Bd01_A-B
Bd04_Ins-Loc:0596:0459,4,Booleschen,"Booleschen Verband bildet, d",Bd01_A-B:0529:0664,Boolesche Summe,Bd01_A-B
Bd04_Ins-Loc:0596:0461,3,Begriffe,Begriffe und,Bd01_A-B:0412:0515,"Begriffe, identische",Bd01_A-B
Bd04_Ins-Loc:0596:0461,3,Begriffe,Begriffe und,Bd01_A-B:0412:0516,"Begriffe, theoretische",Bd01_A-B
Bd04_Ins-Loc:0606:0467,1,ästhetisch/�sthetik,ästhetisch/�sthetik,Bd01_A-B:0277:0379,ästhetisch/Ästhetik,Bd01_A-B
Bd04_Ins-Loc:0606:0467,1,ästhetisch/�sthetik,ästhetisch/�sthetik,Bd01_A-B:0288:0380,ästhetisch/Ästhetik (endeetisch),Bd01_A-B
Bd04_Ins-Loc:0611:0472,5,analytische,analytische und damit apriorische Aussagen,Bd01_A-B:0149:0202,analytische Philosophie,Bd01_A-B
Bd04_Ins-Loc:0611:0472,5,analytische,analytische und damit apriorische Aussagen,Bd01_A-B:0149:0203,analytische Wissenschaftstheorie,Bd01_A-B
Bd05_Log-N:0025:0006,5,Booleschen,Booleschen Algebra,Bd01_A-B:0529:0663,Boolesche Algebra,Bd01_A-B
Bd05_Log-N:0025:0006,5,Booleschen,Booleschen Algebra,Bd01_A-B:0529:0664,Boolesche Summe,Bd01_A-B
Bd05_Log-N:0029:0007,30,Implikationen,"Implikationen zwischen den Prämissen und der Konklusion, sind",Bd03_G-Inn:0580:0424,Implikation,Bd03_G-Inn
Bd05_Log-N:0029:0007,30,Implikationen,"Implikationen zwischen den Prämissen und der Konklusion, sind",Bd03_G-Inn:0581:0425,"Implikation, induktive",Bd03_G-Inn
Bd05_Log-N:0029:0007,30,Implikationen,"Implikationen zwischen den Prämissen und der Konklusion, sind",Bd03_G-Inn:0582:0426,"Implikation, relevante",Bd03_G-Inn
Bd05_Log-N:0029:0007,30,Implikationen,"Implikationen zwischen den Prämissen und der Konklusion, sind",Bd03_G-Inn:0582:0427,"Implikation, strenge",Bd03_G-Inn
Bd05_Log-N:0029:0007,30,Implikationen,"Implikationen zwischen den Prämissen und der Konklusion, sind",Bd03_G-Inn:0582:0428,"Implikation, strikte",Bd03_G-Inn
Bd05_Log-N:0029:0007,30,Implikationen,"Implikationen zwischen den Prämissen und der Konklusion, sind",Bd06_O-Ra:0160:0136,Implikation,Bd06_O-Ra
Bd05_Log-N:0032:0010,2,ästhetisch/Ästhetik,ästhetisch/Ästhetik,Bd01_A-B:0277:0379,ästhetisch/Ästhetik,Bd01_A-B
Bd05_Log-N:0032:0010,2,ästhetisch/Ästhetik,ästhetisch/Ästhetik,Bd01_A-B:0288:0380,ästhetisch/Ästhetik (endeetisch),Bd01_A-B
Bd05_Log-N:0034:0013,9,Paradoxien,Paradoxien verantwortlich ist,Bd06_O-Ra:0116:0091,"Paradoxien, kosmologische",Bd06_O-Ra
Bd05_Log-N:0034:0013,9,Paradoxien,Paradoxien verantwortlich ist,Bd06_O-Ra:0118:0092,"Paradoxien, zenonische",Bd06_O-Ra
Bd05_Log-N:0034:0013,9,Paradoxien,Paradoxien verantwortlich ist,Bd06_O-Ra:0121:0093,Paradoxien der Implikation,Bd06_O-Ra
Bd05_Log-N:0034:0013,9,Paradoxien,Paradoxien verantwortlich ist,Bd06_O-Ra:0121:0094,Paradoxien des Unendlichen,Bd06_O-Ra
Bd05_Log-N:0034:0013,13,Wiener,Wiener Kreises und der,Bd08_Th-Z:0518:0496,Wiener,Bd08_Th-Z
Bd05_Log-N:0034:0013,13,Wiener,Wiener Kreises und der,Bd08_Th-Z:0519:0497,Wiener,Bd08_Th-Z
Bd05_Log-N:0034:0013,13,Wiener,Wiener Kreises und der,Bd08_Th-Z:0520:0498,Wiener Kreis,Bd08_Th-Z
Bd05_Log-N:0034:0013,33,Antinomien,Antinomien und Paradoxien,Bd01_A-B:0186:0253,"Antinomien, logische",Bd01_A-B
Bd05_Log-N:0034:0013,33,Antinomien,Antinomien und Paradoxien,Bd01_A-B:0187:0254,"Antinomien, semantische",Bd01_A-B
Bd05_Log-N:0034:0013,33,Antinomien,Antinomien und Paradoxien,Bd01_A-B:0188:0255,Antinomien der Mengenlehre,Bd01_A-B
Bd05_Log-N:0042:0015,27,Implikation,Implikation zwischen Aussageschemata die Geltung zweier Prinzipien,Bd03_G-Inn:0580:0424,Implikation,Bd03_G-Inn
Bd05_Log-N:0042:0015,27,Implikation,Implikation zwischen Aussageschemata die Geltung zweier Prinzipien,Bd03_G-Inn:0581:0425,"Implikation, induktive",Bd03_G-Inn
Bd05_Log-N:0042:0015,27,Implikation,Implikation zwischen Aussageschemata die Geltung zweier Prinzipien,Bd03_G-Inn:0582:0426,"Implikation, relevante",Bd03_G-Inn
Bd05_Log-N:0042:0015,27,Implikation,Implikation zwischen Aussageschemata die Geltung zweier Prinzipien,Bd03_G-Inn:0582:0427,"Implikation, strenge",Bd03_G-Inn
Bd05_Log-N:0042:0015,27,Implikation,Implikation zwischen Aussageschemata die Geltung zweier Prinzipien,Bd03_G-Inn:0582:0428,"Implikation, strikte",Bd03_G-Inn
Bd05_Log-N:0042:0015,27,Implikation,Implikation zwischen Aussageschemata die Geltung zweier Prinzipien,Bd06_O-Ra:0160:0136,Implikation,Bd06_O-Ra
Bd05_Log-N:0046:0019,24,Paradoxien,"Paradoxien gemeinsam, d",Bd06_O-Ra:0116:0091,"Paradoxien, kosmologische",Bd06_O-Ra
Bd05_Log-N:0046:0019,24,Paradoxien,"Paradoxien gemeinsam, d",Bd06_O-Ra:0118:0092,"Paradoxien, zenonische",Bd06_O-Ra
Bd05_Log-N:0046:0019,24,Paradoxien,"Paradoxien gemeinsam, d",Bd06_O-Ra:0121:0093,Paradoxien der Implikation,Bd06_O-Ra
Bd05_Log-N:0046:0019,24,Paradoxien,"Paradoxien gemeinsam, d",Bd06_O-Ra:0121:0094,Paradoxien des Unendlichen,Bd06_O-Ra
Bd05_Log-N:0050:0022,2,Implikation,"Implikation zwischen Hypothesen und einer These, um angeben zu können,",Bd03_G-Inn:0580:0424,Implikation,Bd03_G-Inn
Bd05_Log-N:0050:0022,2,Implikation,"Implikation zwischen Hypothesen und einer These, um angeben zu können,",Bd03_G-Inn:0581:0425,"Implikation, induktive",Bd03_G-Inn
Bd05_Log-N:0050:0022,2,Implikation,"Implikation zwischen Hypothesen und einer These, um angeben zu können,",Bd03_G-Inn:0582:0426,"Implikation, relevante",Bd03_G-Inn
Bd05_Log-N:0050:0022,2,Implikation,"Implikation zwischen Hypothesen und einer These, um angeben zu können,",Bd03_G-Inn:0582:0427,"Implikation, strenge",Bd03_G-Inn
Bd05_Log-N:0050:0022,2,Implikation,"Implikation zwischen Hypothesen und einer These, um angeben zu können,",Bd03_G-Inn:0582:0428,"Implikation, strikte",Bd03_G-Inn
Bd05_Log-N:0050:0022,2,Implikation,"Implikation zwischen Hypothesen und einer These, um angeben zu können,",Bd06_O-Ra:0160:0136,Implikation,Bd06_O-Ra
Bd05_Log-N:0054:0023,30,Paradoxien,Paradoxien (,Bd06_O-Ra:0116:0091,"Paradoxien, kosmologische",Bd06_O-Ra
Bd05_Log-N:0054:0023,30,Paradoxien,Paradoxien (,Bd06_O-Ra:0118:0092,"Paradoxien, zenonische",Bd06_O-Ra
Bd05_Log-N:0054:0023,30,Paradoxien,Paradoxien (,Bd06_O-Ra:0121:0093,Paradoxien der Implikation,Bd06_O-Ra
Bd05_Log-N:0054:0023,30,Paradoxien,Paradoxien (,Bd06_O-Ra:0121:0094,Paradoxien des Unendlichen,Bd06_O-Ra
Bd05_Log-N:0063:0028,6,Implikationen,Implikationen gedeutet,Bd03_G-Inn:0580:0424,Implikation,Bd03_G-Inn
Bd05_Log-N:0063:0028,6,Implikationen,Implikationen gedeutet,Bd03_G-Inn:0581:0425,"Implikation, induktive",Bd03_G-Inn
Bd05_Log-N:0063:0028,6,Implikationen,Implikationen gedeutet,Bd03_G-Inn:0582:0426,"Implikation, relevante",Bd03_G-Inn
Bd05_Log-N:0063:0028,6,Implikationen,Implikationen gedeutet,Bd03_G-Inn:0582:0427,"Implikation, strenge",Bd03_G-Inn
Bd05_Log-N:0063:0028,6,Implikationen,Implikationen gedeutet,Bd03_G-Inn:0582:0428,"Implikation, strikte",Bd03_G-Inn
Bd05_Log-N:0063:0028,6,Implikationen,Implikationen gedeutet,Bd06_O-Ra:0160:0136,Implikation,Bd06_O-Ra
Bd05_Log-N:0065:0030,18,Implikation,Implikation,Bd03_G-Inn:0580:0424,Implikation,Bd03_G-Inn
Bd05_Log-N:0065:0030,18,Implikation,Implikation,Bd03_G-Inn:0581:0425,"Implikation, induktive",Bd03_G-Inn
Bd05_Log-N:0065:0030,18,Implikation,Implikation,Bd03_G-Inn:0582:0426,"Implikation, relevante",Bd03_G-Inn
Bd05_Log-N:0065:0030,18,Implikation,Implikation,Bd03_G-Inn:0582:0427,"Implikation, strenge",Bd03_G-Inn
Bd05_Log-N:0065:0030,18,Implikation,Implikation,Bd03_G-Inn:0582:0428,"Implikation, strikte",Bd03_G-Inn
Bd05_Log-N:0065:0030,18,Implikation,Implikation,Bd06_O-Ra:0160:0136,Implikation,Bd06_O-Ra
Bd05_Log-N:0068:0034,0,unendlich/Unendlichkeit,unendlich/Unendlichkeit,Bd08_Th-Z:0192:0155,unendlich/Unendlichkeit,Bd08_Th-Z
Bd05_Log-N:0068:0034,0,unendlich/Unendlichkeit,unendlich/Unendlichkeit,Bd08_Th-Z:0198:0157,"Unendlichkeit, schlechte",Bd08_Th-Z
Bd05_Log-N:0068:0034,28,Implikationen,Implikationen,Bd03_G-Inn:0580:0424,Implikation,Bd03_G-Inn
Bd05_Log-N:0068:0034,28,Implikationen,Implikationen,Bd03_G-Inn:0581:0425,"Implikation, induktive",Bd03_G-Inn
Bd05_Log-N:0068:0034,28,Implikationen,Implikationen,Bd03_G-Inn:0582:0426,"Implikation, relevante",Bd03_G-Inn
Bd05_Log-N:0068:0034,28,Implikationen,Implikationen,Bd03_G-Inn:0582:0427,"Implikation, strenge",Bd03_G-Inn
Bd05_Log-N:0068:0034,28,Implikationen,Implikationen,Bd03_G-Inn:0582:0428,"Implikation, strikte",Bd03_G-Inn
Bd05_Log-N:0068:0034,28,Implikationen,Implikationen,Bd06_O-Ra:0160:0136,Implikation,Bd06_O-Ra
Bd05_Log-N:0075:0036,7,logisch,"logisch wahre Aussage von geeigneten tertium-non-datur-Hypothesen,",Bd05_Log-N:0121:0079,logisch falsch,Bd05_Log-N
Bd05_Log-N:0075:0036,7,logisch,"logisch wahre Aussage von geeigneten tertium-non-datur-Hypothesen,",Bd05_Log-N:0121:0080,logisch wahr,Bd05_Log-N
Bd05_Log-N:0075:0036,8,Implikation,"Implikation,",Bd03_G-Inn:0580:0424,Implikation,Bd03_G-Inn
Bd05_Log-N:0075:0036,8,Implikation,"Implikation,",Bd03_G-Inn:0581:0425,"Implikation, induktive",Bd03_G-Inn
Bd05_Log-N:0075:0036,8,Implikation,"Implikation,",Bd03_G-Inn:0582:0426,"Implikation, relevante",Bd03_G-Inn
Bd05_Log-N:0075:0036,8,Implikation,"Implikation,",Bd03_G-Inn:0582:0427,"Implikation, strenge",Bd03_G-Inn
Bd05_Log-N:0075:0036,8,Implikation,"Implikation,",Bd03_G-Inn:0582:0428,"Implikation, strikte",Bd03_G-Inn
Bd05_Log-N:0075:0036,8,Implikation,"Implikation,",Bd06_O-Ra:0160:0136,Implikation,Bd06_O-Ra
Bd05_Log-N:0076:0037,1,Antinomien,Antinomien (,Bd01_A-B:0186:0253,"Antinomien, logische",Bd01_A-B
Bd05_Log-N:0076:0037,1,Antinomien,Antinomien (,Bd01_A-B:0187:0254,"Antinomien, semantische",Bd01_A-B
Bd05_Log-N:0076:0037,1,Antinomien,Antinomien (,Bd01_A-B:0188:0255,Antinomien der Mengenlehre,Bd01_A-B
Bd05_Log-N:0077:0038,1,Implikation,Implikation,Bd03_G-Inn:0580:0424,Implikation,Bd03_G-Inn
Bd05_Log-N:0077:0038,1,Implikation,Implikation,Bd03_G-Inn:0581:0425,"Implikation, induktive",Bd03_G-Inn
Bd05_Log-N:0077:0038,1,Implikation,Implikation,Bd03_G-Inn:0582:0426,"Implikation, relevante",Bd03_G-Inn
Bd05_Log-N:0077:0038,1,Implikation,Implikation,Bd03_G-Inn:0582:0427,"Implikation, strenge",Bd03_G-Inn
Bd05_Log-N:0077:0038,1,Implikation,Implikation,Bd03_G-Inn:0582:0428,"Implikation, strikte",Bd03_G-Inn
Bd05_Log-N:0077:0038,1,Implikation,Implikation,Bd06_O-Ra:0160:0136,Implikation,Bd06_O-Ra
Bd05_Log-N:0081:0042,26,Antinomien,"Antinomien, das sich dadurch lösen lasse, daß man den antinomischen Au",Bd01_A-B:0186:0253,"Antinomien, logische",Bd01_A-B
Bd05_Log-N:0081:0042,26,Antinomien,"Antinomien, das sich dadurch lösen lasse, daß man den antinomischen Au",Bd01_A-B:0187:0254,"Antinomien, semantische",Bd01_A-B
Bd05_Log-N:0081:0042,26,Antinomien,"Antinomien, das sich dadurch lösen lasse, daß man den antinomischen Au",Bd01_A-B:0188:0255,Antinomien der Mengenlehre,Bd01_A-B
Bd05_Log-N:0091:0048,10,unendlich/Unendlichkeit,unendlich/Unendlichkeit,Bd08_Th-Z:0192:0155,unendlich/Unendlichkeit,Bd08_Th-Z
Bd05_Log-N:0091:0048,10,unendlich/Unendlichkeit,unendlich/Unendlichkeit,Bd08_Th-Z:0198:0157,"Unendlichkeit, schlechte",Bd08_Th-Z
Bd05_Log-N:0091:0048,11,Antinomien,Antinomien vom Russell-Typ (,Bd01_A-B:0186:0253,"Antinomien, logische",Bd01_A-B
Bd05_Log-N:0091:0048,11,Antinomien,Antinomien vom Russell-Typ (,Bd01_A-B:0187:0254,"Antinomien, semantische",Bd01_A-B
Bd05_Log-N:0091:0048,11,Antinomien,Antinomien vom Russell-Typ (,Bd01_A-B:0188:0255,Antinomien der Mengenlehre,Bd01_A-B
Bd05_Log-N:0095:0051,33,Paradoxien,Paradoxien angeregt,Bd06_O-Ra:0116:0091,"Paradoxien, kosmologische",Bd06_O-Ra
Bd05_Log-N:0095:0051,33,Paradoxien,Paradoxien angeregt,Bd06_O-Ra:0118:0092,"Paradoxien, zenonische",Bd06_O-Ra
Bd05_Log-N:0095:0051,33,Paradoxien,Paradoxien angeregt,Bd06_O-Ra:0121:0093,Paradoxien der Implikation,Bd06_O-Ra
Bd05_Log-N:0095:0051,33,Paradoxien,Paradoxien angeregt,Bd06_O-Ra:0121:0094,Paradoxien des Unendlichen,Bd06_O-Ra
Bd05_Log-N:0099:0056,24,Implikation,Implikation zu entkommen,Bd03_G-Inn:0580:0424,Implikation,Bd03_G-Inn
Bd05_Log-N:0099:0056,24,Implikation,Implikation zu entkommen,Bd03_G-Inn:0581:0425,"Implikation, induktive",Bd03_G-Inn
Bd05_Log-N:0099:0056,24,Implikation,Implikation zu entkommen,Bd03_G-Inn:0582:0426,"Implikation, relevante",Bd03_G-Inn
Bd05_Log-N:0099:0056,24,Implikation,Implikation zu entkommen,Bd03_G-Inn:0582:0427,"Implikation, strenge",Bd03_G-Inn
Bd05_Log-N:0099:0056,24,Implikation,Implikation zu entkommen,Bd03_G-Inn:0582:0428,"Implikation, strikte",Bd03_G-Inn
Bd05_Log-N:0099:0056,24,Implikation,Implikation zu entkommen,Bd06_O-Ra:0160:0136,Implikation,Bd06_O-Ra
Bd05_Log-N:0099:0056,26,De,De Morganschen Gesetze verbunden gewesen zu sein,Bd02_C-F:0147:0164,de dicto/de re,Bd02_C-F
Bd05_Log-N:0099:0056,26,De,De Morganschen Gesetze verbunden gewesen zu sein,Bd02_C-F:0147:0164,de dicto/de re,Bd02_C-F
Bd05_Log-N:0099:0056,26,De,De Morganschen Gesetze verbunden gewesen zu sein,Bd02_C-F:0171:0192,De Morgansche Gesetze,Bd02_C-F
Bd05_Log-N:0107:0061,26,Booleschen,"Booleschen Algebra um einen monadischen Operator, von dessen Eigenscha",Bd01_A-B:0529:0663,Boolesche Algebra,Bd01_A-B
Bd05_Log-N:0107:0061,26,Booleschen,"Booleschen Algebra um einen monadischen Operator, von dessen Eigenscha",Bd01_A-B:0529:0664,Boolesche Summe,Bd01_A-B
Bd05_Log-N:0107:0061,37,Implikation,Implikation und in 24 Fällen bei der,Bd03_G-Inn:0580:0424,Implikation,Bd03_G-Inn
Bd05_Log-N:0107:0061,37,Implikation,Implikation und in 24 Fällen bei der,Bd03_G-Inn:0581:0425,"Implikation, induktive",Bd03_G-Inn
Bd05_Log-N:0107:0061,37,Implikation,Implikation und in 24 Fällen bei der,Bd03_G-Inn:0582:0426,"Implikation, relevante",Bd03_G-Inn
Bd05_Log-N:0107:0061,37,Implikation,Implikation und in 24 Fällen bei der,Bd03_G-Inn:0582:0427,"Implikation, strenge",Bd03_G-Inn
Bd05_Log-N:0107:0061,37,Implikation,Implikation und in 24 Fällen bei der,Bd03_G-Inn:0582:0428,"Implikation, strikte",Bd03_G-Inn
Bd05_Log-N:0107:0061,37,Implikation,Implikation und in 24 Fällen bei der,Bd06_O-Ra:0160:0136,Implikation,Bd06_O-Ra
Bd05_Log-N:0112:0066,10,Implikation,Implikation (oder,Bd03_G-Inn:0580:0424,Implikation,Bd03_G-Inn
Bd05_Log-N:0112:0066,10,Implikation,Implikation (oder,Bd03_G-Inn:0581:0425,"Implikation, induktive",Bd03_G-Inn
Bd05_Log-N:0112:0066,10,Implikation,Implikation (oder,Bd03_G-Inn:0582:0426,"Implikation, relevante",Bd03_G-Inn
Bd05_Log-N:0112:0066,10,Implikation,Implikation (oder,Bd03_G-Inn:0582:0427,"Implikation, strenge",Bd03_G-Inn
Bd05_Log-N:0112:0066,10,Implikation,Implikation (oder,Bd03_G-Inn:0582:0428,"Implikation, strikte",Bd03_G-Inn
Bd05_Log-N:0112:0066,10,Implikation,Implikation (oder,Bd06_O-Ra:0160:0136,Implikation,Bd06_O-Ra
Bd05_Log-N:0115:0070,5,Implikationen,Implikationen,Bd03_G-Inn:0580:0424,Implikation,Bd03_G-Inn
Bd05_Log-N:0115:0070,5,Implikationen,Implikationen,Bd03_G-Inn:0581:0425,"Implikation, induktive",Bd03_G-Inn
Bd05_Log-N:0115:0070,5,Implikationen,Implikationen,Bd03_G-Inn:0582:0426,"Implikation, relevante",Bd03_G-Inn
Bd05_Log-N:0115:0070,5,Implikationen,Implikationen,Bd03_G-Inn:0582:0427,"Implikation, strenge",Bd03_G-Inn
Bd05_Log-N:0115:0070,5,Implikationen,Implikationen,Bd03_G-Inn:0582:0428,"Implikation, strikte",Bd03_G-Inn
Bd05_Log-N:0115:0070,5,Implikationen,Implikationen,Bd06_O-Ra:0160:0136,Implikation,Bd06_O-Ra
Bd05_Log-N:0117:0072,12,Implikationen,Implikationen (ºόªοØ σıνÆŒτØŒοί bzw,Bd03_G-Inn:0580:0424,Implikation,Bd03_G-Inn
Bd05_Log-N:0117:0072,12,Implikationen,Implikationen (ºόªοØ σıνÆŒτØŒοί bzw,Bd03_G-Inn:0581:0425,"Implikation, induktive",Bd03_G-Inn
Bd05_Log-N:0117:0072,12,Implikationen,Implikationen (ºόªοØ σıνÆŒτØŒοί bzw,Bd03_G-Inn:0582:0426,"Implikation, relevante",Bd03_G-Inn
Bd05_Log-N:0117:0072,12,Implikationen,Implikationen (ºόªοØ σıνÆŒτØŒοί bzw,Bd03_G-Inn:0582:0427,"Implikation, strenge",Bd03_G-Inn
Bd05_Log-N:0117:0072,12,Implikationen,Implikationen (ºόªοØ σıνÆŒτØŒοί bzw,Bd03_G-Inn:0582:0428,"Implikation, strikte",Bd03_G-Inn
Bd05_Log-N:0117:0072,12,Implikationen,Implikationen (ºόªοØ σıνÆŒτØŒοί bzw,Bd06_O-Ra:0160:0136,Implikation,Bd06_O-Ra
Bd05_Log-N:0117:0072,49,Booleschen,Booleschen Algebra bzw,Bd01_A-B:0529:0663,Boolesche Algebra,Bd01_A-B
Bd05_Log-N:0117:0072,49,Booleschen,Booleschen Algebra bzw,Bd01_A-B:0529:0664,Boolesche Summe,Bd01_A-B
Bd05_Log-N:0117:0072,50,Booleschen,Booleschen Verbandes (,Bd01_A-B:0529:0663,Boolesche Algebra,Bd01_A-B
Bd05_Log-N:0117:0072,50,Booleschen,Booleschen Verbandes (,Bd01_A-B:0529:0664,Boolesche Summe,Bd01_A-B
Bd05_Log-N:0123:0083,29,Makrokosmos,"Makrokosmos bestimmt, so leitet die menschliche Vernunft das Denken und",Bd05_Log-N:0206:0132,Makrokosmos,Bd05_Log-N
Bd05_Log-N:0123:0083,29,Makrokosmos,"Makrokosmos bestimmt, so leitet die menschliche Vernunft das Denken und",Bd05_Log-N:0207:0133,Makrokosmos,Bd05_Log-N
Bd05_Log-N:0129:0087,17,Länge,Länge,Bd04_Ins-Loc:0471:0374,Lange,Bd04_Ins-Loc
Bd05_Log-N:0129:0087,17,Länge,Länge,Bd04_Ins-Loc:0473:0375,Länge,Bd04_Ins-Loc
Bd05_Log-N:0139:0093,12,Strukturalismus,Strukturalismus (philosophisch/ wissenschaftstheoretisch,Bd07_Re-Te:0566:0465,"Strukturalismus (philosophisch, wissenschaftstheoretisch)",Bd07_Re-Te
Bd05_Log-N:0139:0093,12,Strukturalismus,Strukturalismus (philosophisch/ wissenschaftstheoretisch,Bd07_Re-Te:0573:0466,"Strukturalismus, mathematischer",Bd07_Re-Te
Bd05_Log-N:0149:0100,12,Paradoxien,"Paradoxien ergeben, nicht unbedingt beheben, sondern nur deren Konsequ",Bd06_O-Ra:0116:0091,"Paradoxien, kosmologische",Bd06_O-Ra
Bd05_Log-N:0149:0100,12,Paradoxien,"Paradoxien ergeben, nicht unbedingt beheben, sondern nur deren Konsequ",Bd06_O-Ra:0118:0092,"Paradoxien, zenonische",Bd06_O-Ra
Bd05_Log-N:0149:0100,12,Paradoxien,"Paradoxien ergeben, nicht unbedingt beheben, sondern nur deren Konsequ",Bd06_O-Ra:0121:0093,Paradoxien der Implikation,Bd06_O-Ra
Bd05_Log-N:0149:0100,12,Paradoxien,"Paradoxien ergeben, nicht unbedingt beheben, sondern nur deren Konsequ",Bd06_O-Ra:0121:0094,Paradoxien des Unendlichen,Bd06_O-Ra
Bd05_Log-N:0151:0101,17,komplex/,komplex/ Komplex,Bd04_Ins-Loc:0297:0208,komplex/Komplex,Bd04_Ins-Loc
Bd05_Log-N:0151:0101,17,komplex/,komplex/ Komplex,Bd04_Ins-Loc:0297:0208,komplex/Komplex,Bd04_Ins-Loc
Bd05_Log-N:0157:0103,2,Booleschen,Booleschen Algebra angeregten Studie über die logischen Grundlagen der,Bd01_A-B:0529:0663,Boolesche Algebra,Bd01_A-B
Bd05_Log-N:0157:0103,2,Booleschen,Booleschen Algebra angeregten Studie über die logischen Grundlagen der,Bd01_A-B:0529:0664,Boolesche Summe,Bd01_A-B
Bd05_Log-N:0174:0115,2,Wiener,Wiener Kreises (,Bd08_Th-Z:0518:0496,Wiener,Bd08_Th-Z
Bd05_Log-N:0174:0115,2,Wiener,Wiener Kreises (,Bd08_Th-Z:0519:0497,Wiener,Bd08_Th-Z
Bd05_Log-N:0174:0115,2,Wiener,Wiener Kreises (,Bd08_Th-Z:0520:0498,Wiener Kreis,Bd08_Th-Z
Bd05_Log-N:0184:0119,20,Wert,"Wert, moralisch",Bd08_Th-Z:0482:0455,Wert (logisch),Bd08_Th-Z
Bd05_Log-N:0184:0119,20,Wert,"Wert, moralisch",Bd08_Th-Z:0483:0456,Wert (moralisch),Bd08_Th-Z
Bd05_Log-N:0184:0119,20,Wert,"Wert, moralisch",Bd08_Th-Z:0484:0457,Wert (ökonomisch),Bd08_Th-Z
Bd05_Log-N:0199:0129,19,Realismus,"Realismus, moralischer",Bd07_Re-Te:0023:0006,Realismus (erkenntnistheoretisch),Bd07_Re-Te
Bd05_Log-N:0199:0129,19,Realismus,"Realismus, moralischer",Bd07_Re-Te:0025:0007,Realismus (ontologisch),Bd07_Re-Te
Bd05_Log-N:0199:0129,19,Realismus,"Realismus, moralischer",Bd07_Re-Te:0026:0008,"Realismus, ethischer",Bd07_Re-Te
Bd05_Log-N:0199:0129,19,Realismus,"Realismus, moralischer",Bd07_Re-Te:0030:0009,"Realismus, kritischer",Bd07_Re-Te
Bd05_Log-N:0199:0129,19,Realismus,"Realismus, moralischer",Bd07_Re-Te:0031:0010,"Realismus, semantischer",Bd07_Re-Te
Bd05_Log-N:0199:0129,19,Realismus,"Realismus, moralischer",Bd07_Re-Te:0033:0011,"Realismus, wissenschaftlicher",Bd07_Re-Te
Bd05_Log-N:0223:0148,10,Wiener,Wiener Kreises – er stand in regem wissenschaftlichem Kontakt insb,Bd08_Th-Z:0518:0496,Wiener,Bd08_Th-Z
Bd05_Log-N:0223:0148,10,Wiener,Wiener Kreises – er stand in regem wissenschaftlichem Kontakt insb,Bd08_Th-Z:0519:0497,Wiener,Bd08_Th-Z
Bd05_Log-N:0223:0148,10,Wiener,Wiener Kreises – er stand in regem wissenschaftlichem Kontakt insb,Bd08_Th-Z:0520:0498,Wiener Kreis,Bd08_Th-Z
Bd05_Log-N:0223:0148,14,unendlich/Unendlichkeit,unendlich/Unendlichkeit,Bd08_Th-Z:0192:0155,unendlich/Unendlichkeit,Bd08_Th-Z
Bd05_Log-N:0223:0148,14,unendlich/Unendlichkeit,unendlich/Unendlichkeit,Bd08_Th-Z:0198:0157,"Unendlichkeit, schlechte",Bd08_Th-Z
Bd05_Log-N:0227:0154,5,Makrokosmos,Makrokosmos und Mikrokosmos in einer,Bd05_Log-N:0206:0132,Makrokosmos,Bd05_Log-N
Bd05_Log-N:0227:0154,5,Makrokosmos,Makrokosmos und Mikrokosmos in einer,Bd05_Log-N:0207:0133,Makrokosmos,Bd05_Log-N
Bd05_Log-N:0234:0159,9,ästhetisch/Ästhetik,ästhetisch/Ästhetik,Bd01_A-B:0277:0379,ästhetisch/Ästhetik,Bd01_A-B
Bd05_Log-N:0234:0159,9,ästhetisch/Ästhetik,ästhetisch/Ästhetik,Bd01_A-B:0288:0380,ästhetisch/Ästhetik (endeetisch),Bd01_A-B
Bd05_Log-N:0239:0165,0,Markov,"Markov, A",Bd05_Log-N:0237:0162,Markov,Bd05_Log-N
Bd05_Log-N:0239:0165,0,Markov,"Markov, A",Bd05_Log-N:0238:0163,Markov,Bd05_Log-N
Bd05_Log-N:0239:0166,0,Markov,"Markov, A",Bd05_Log-N:0237:0162,Markov,Bd05_Log-N
Bd05_Log-N:0239:0166,0,Markov,"Markov, A",Bd05_Log-N:0238:0163,Markov,Bd05_Log-N
Bd05_Log-N:0242:0169,2,Kraft,Kraft fest (nach M,Bd04_Ins-Loc:0399:0315,Kraft,Bd04_Ins-Loc
Bd05_Log-N:0242:0169,2,Kraft,Kraft fest (nach M,Bd04_Ins-Loc:0401:0316,Kraft,Bd04_Ins-Loc
Bd05_Log-N:0259:0181,2,Kraft,Kraft,Bd04_Ins-Loc:0399:0315,Kraft,Bd04_Ins-Loc
Bd05_Log-N:0259:0181,2,Kraft,Kraft,Bd04_Ins-Loc:0401:0316,Kraft,Bd04_Ins-Loc
Bd05_Log-N:0272:0193,17,Kraft,Kraft (zur Erklärung der realen Bewegungen der Körper,Bd04_Ins-Loc:0399:0315,Kraft,Bd04_Ins-Loc
Bd05_Log-N:0272:0193,17,Kraft,Kraft (zur Erklärung der realen Bewegungen der Körper,Bd04_Ins-Loc:0401:0316,Kraft,Bd04_Ins-Loc
Bd05_Log-N:0273:0194,51,Makrokosmos,Makrokosmos ordnen,Bd05_Log-N:0206:0132,Makrokosmos,Bd05_Log-N
Bd05_Log-N:0273:0194,51,Makrokosmos,Makrokosmos ordnen,Bd05_Log-N:0207:0133,Makrokosmos,Bd05_Log-N
Bd05_Log-N:0299:0209,12,Länge,Länge,Bd04_Ins-Loc:0471:0374,Lange,Bd04_Ins-Loc
Bd05_Log-N:0299:0209,12,Länge,Länge,Bd04_Ins-Loc:0473:0375,Länge,Bd04_Ins-Loc
Bd05_Log-N:0309:0217,58,Länge,Länge und Dauer zwar auf der technisch erfolgreichen Reproduktion,Bd04_Ins-Loc:0471:0374,Lange,Bd04_Ins-Loc
Bd05_Log-N:0309:0217,58,Länge,Länge und Dauer zwar auf der technisch erfolgreichen Reproduktion,Bd04_Ins-Loc:0473:0375,Länge,Bd04_Ins-Loc
Bd05_Log-N:0317:0222,16,ästhetisch/Ästhetik,ästhetisch/Ästhetik,Bd01_A-B:0277:0379,ästhetisch/Ästhetik,Bd01_A-B
Bd05_Log-N:0317:0222,16,ästhetisch/Ästhetik,ästhetisch/Ästhetik,Bd01_A-B:0288:0380,ästhetisch/Ästhetik (endeetisch),Bd01_A-B
Bd05_Log-N:0323:0227,3,Begriffe,"Begriffe darstellen, z",Bd01_A-B:0412:0515,"Begriffe, identische",Bd01_A-B
Bd05_Log-N:0323:0227,3,Begriffe,"Begriffe darstellen, z",Bd01_A-B:0412:0516,"Begriffe, theoretische",Bd01_A-B
Bd05_Log-N:0324:0229,6,ästhetisch/Ästhetik,ästhetisch/Ästhetik,Bd01_A-B:0277:0379,ästhetisch/Ästhetik,Bd01_A-B
Bd05_Log-N:0324:0229,6,ästhetisch/Ästhetik,ästhetisch/Ästhetik,Bd01_A-B:0288:0380,ästhetisch/Ästhetik (endeetisch),Bd01_A-B
Bd05_Log-N:0338:0236,7,komplex/Komplex,komplex/Komplex,Bd04_Ins-Loc:0297:0208,komplex/Komplex,Bd04_Ins-Loc
Bd05_Log-N:0338:0236,7,komplex/Komplex,komplex/Komplex,Bd04_Ins-Loc:0297:0208,komplex/Komplex,Bd04_Ins-Loc
Bd05_Log-N:0344:0237,10,ästhetisch/Ästhetik,ästhetisch/Ästhetik,Bd01_A-B:0277:0379,ästhetisch/Ästhetik,Bd01_A-B
Bd05_Log-N:0344:0237,10,ästhetisch/Ästhetik,ästhetisch/Ästhetik,Bd01_A-B:0288:0380,ästhetisch/Ästhetik (endeetisch),Bd01_A-B
Bd05_Log-N:0352:0248,15,unendlich/Unendlichkeit,unendlich/Unendlichkeit,Bd08_Th-Z:0192:0155,unendlich/Unendlichkeit,Bd08_Th-Z
Bd05_Log-N:0352:0248,15,unendlich/Unendlichkeit,unendlich/Unendlichkeit,Bd08_Th-Z:0198:0157,"Unendlichkeit, schlechte",Bd08_Th-Z
Bd05_Log-N:0353:0250,0,Wiener,Wiener Kreises,Bd08_Th-Z:0518:0496,Wiener,Bd08_Th-Z
Bd05_Log-N:0353:0250,0,Wiener,Wiener Kreises,Bd08_Th-Z:0519:0497,Wiener,Bd08_Th-Z
Bd05_Log-N:0353:0250,0,Wiener,Wiener Kreises,Bd08_Th-Z:0520:0498,Wiener Kreis,Bd08_Th-Z
Bd05_Log-N:0361:0258,26,Booleschen,Booleschen Verbandes ohne Nullelement,Bd01_A-B:0529:0663,Boolesche Algebra,Bd01_A-B
Bd05_Log-N:0361:0258,26,Booleschen,Booleschen Verbandes ohne Nullelement,Bd01_A-B:0529:0664,Boolesche Summe,Bd01_A-B
Bd05_Log-N:0378:0266,7,Länge,Länge,Bd04_Ins-Loc:0471:0374,Lange,Bd04_Ins-Loc
Bd05_Log-N:0378:0266,7,Länge,Länge,Bd04_Ins-Loc:0473:0375,Länge,Bd04_Ins-Loc
Bd05_Log-N:0395:0279,44,Wiener,Wiener Kreises (R,Bd08_Th-Z:0518:0496,Wiener,Bd08_Th-Z
Bd05_Log-N:0395:0279,44,Wiener,Wiener Kreises (R,Bd08_Th-Z:0519:0497,Wiener,Bd08_Th-Z
Bd05_Log-N:0395:0279,44,Wiener,Wiener Kreises (R,Bd08_Th-Z:0520:0498,Wiener Kreis,Bd08_Th-Z
Bd05_Log-N:0417:0309,0,Makrokosmos,Makrokosmos,Bd05_Log-N:0206:0132,Makrokosmos,Bd05_Log-N
Bd05_Log-N:0417:0309,0,Makrokosmos,Makrokosmos,Bd05_Log-N:0207:0133,Makrokosmos,Bd05_Log-N
Bd05_Log-N:0423:0315,2,ästhetisch/,ästhetisch/ Ästhetik,Bd01_A-B:0277:0379,ästhetisch/Ästhetik,Bd01_A-B
Bd05_Log-N:0423:0315,2,ästhetisch/,ästhetisch/ Ästhetik,Bd01_A-B:0288:0380,ästhetisch/Ästhetik (endeetisch),Bd01_A-B
Bd05_Log-N:0437:0335,4,Implikationen,Implikationen,Bd03_G-Inn:0580:0424,Implikation,Bd03_G-Inn
Bd05_Log-N:0437:0335,4,Implikationen,Implikationen,Bd03_G-Inn:0581:0425,"Implikation, induktive",Bd03_G-Inn
Bd05_Log-N:0437:0335,4,Implikationen,Implikationen,Bd03_G-Inn:0582:0426,"Implikation, relevante",Bd03_G-Inn
Bd05_Log-N:0437:0335,4,Implikationen,Implikationen,Bd03_G-Inn:0582:0427,"Implikation, strenge",Bd03_G-Inn
Bd05_Log-N:0437:0335,4,Implikationen,Implikationen,Bd03_G-Inn:0582:0428,"Implikation, strikte",Bd03_G-Inn
Bd05_Log-N:0437:0335,4,Implikationen,Implikationen,Bd06_O-Ra:0160:0136,Implikation,Bd06_O-Ra
Bd05_Log-N:0437:0335,7,Paradoxien,Paradoxien der (materialen,Bd06_O-Ra:0116:0091,"Paradoxien, kosmologische",Bd06_O-Ra
Bd05_Log-N:0437:0335,7,Paradoxien,Paradoxien der (materialen,Bd06_O-Ra:0118:0092,"Paradoxien, zenonische",Bd06_O-Ra
Bd05_Log-N:0437:0335,7,Paradoxien,Paradoxien der (materialen,Bd06_O-Ra:0121:0093,Paradoxien der Implikation,Bd06_O-Ra
Bd05_Log-N:0437:0335,7,Paradoxien,Paradoxien der (materialen,Bd06_O-Ra:0121:0094,Paradoxien des Unendlichen,Bd06_O-Ra
Bd05_Log-N:0437:0335,8,Implikation,"Implikation, die zum Teil in der logischen",Bd03_G-Inn:0580:0424,Implikation,Bd03_G-Inn
Bd05_Log-N:0437:0335,8,Implikation,"Implikation, die zum Teil in der logischen",Bd03_G-Inn:0581:0425,"Implikation, induktive",Bd03_G-Inn
Bd05_Log-N:0437:0335,8,Implikation,"Implikation, die zum Teil in der logischen",Bd03_G-Inn:0582:0426,"Implikation, relevante",Bd03_G-Inn
Bd05_Log-N:0437:0335,8,Implikation,"Implikation, die zum Teil in der logischen",Bd03_G-Inn:0582:0427,"Implikation, strenge",Bd03_G-Inn
Bd05_Log-N:0437:0335,8,Implikation,"Implikation, die zum Teil in der logischen",Bd03_G-Inn:0582:0428,"Implikation, strikte",Bd03_G-Inn
Bd05_Log-N:0437:0335,8,Implikation,"Implikation, die zum Teil in der logischen",Bd06_O-Ra:0160:0136,Implikation,Bd06_O-Ra
Bd05_Log-N:0439:0336,11,Implikationen,"Implikationen A1,",Bd03_G-Inn:0580:0424,Implikation,Bd03_G-Inn
Bd05_Log-N:0439:0336,11,Implikationen,"Implikationen A1,",Bd03_G-Inn:0581:0425,"Implikation, induktive",Bd03_G-Inn
Bd05_Log-N:0439:0336,11,Implikationen,"Implikationen A1,",Bd03_G-Inn:0582:0426,"Implikation, relevante",Bd03_G-Inn
Bd05_Log-N:0439:0336,11,Implikationen,"Implikationen A1,",Bd03_G-Inn:0582:0427,"Implikation, strenge",Bd03_G-Inn
Bd05_Log-N:0439:0336,11,Implikationen,"Implikationen A1,",Bd03_G-Inn:0582:0428,"Implikation, strikte",Bd03_G-Inn
Bd05_Log-N:0439:0336,11,Implikationen,"Implikationen A1,",Bd06_O-Ra:0160:0136,Implikation,Bd06_O-Ra
Bd05_Log-N:0439:0336,30,symmetrisch/,symmetrisch/ Symmetrie (logisch,Bd07_Re-Te:0630:0537,symmetrisch/Symmetrie (argumentationstheore tisch),Bd07_Re-Te
Bd05_Log-N:0439:0336,30,symmetrisch/,symmetrisch/ Symmetrie (logisch,Bd07_Re-Te:0631:0538,symmetrisch/Symmetrie (geometrisch),Bd07_Re-Te
Bd05_Log-N:0439:0336,30,symmetrisch/,symmetrisch/ Symmetrie (logisch,Bd07_Re-Te:0633:0539,symmetrisch/Symmetrie (logisch),Bd07_Re-Te
Bd05_Log-N:0439:0336,30,symmetrisch/,symmetrisch/ Symmetrie (logisch,Bd07_Re-Te:0634:0540,symmetrisch/Symmetrie (naturphilosophisch),Bd07_Re-Te
Bd05_Log-N:0443:0337,21,Kraft,Kraft beschreiben lassen,Bd04_Ins-Loc:0399:0315,Kraft,Bd04_Ins-Loc
Bd05_Log-N:0443:0337,21,Kraft,Kraft beschreiben lassen,Bd04_Ins-Loc:0401:0316,Kraft,Bd04_Ins-Loc
Bd05_Log-N:0450:0344,7,Implikationen,Implikationen,Bd03_G-Inn:0580:0424,Implikation,Bd03_G-Inn
Bd05_Log-N:0450:0344,7,Implikationen,Implikationen,Bd03_G-Inn:0581:0425,"Implikation, induktive",Bd03_G-Inn
Bd05_Log-N:0450:0344,7,Implikationen,Implikationen,Bd03_G-Inn:0582:0426,"Implikation, relevante",Bd03_G-Inn
Bd05_Log-N:0450:0344,7,Implikationen,Implikationen,Bd03_G-Inn:0582:0427,"Implikation, strenge",Bd03_G-Inn
Bd05_Log-N:0450:0344,7,Implikationen,Implikationen,Bd03_G-Inn:0582:0428,"Implikation, strikte",Bd03_G-Inn
Bd05_Log-N:0450:0344,7,Implikationen,Implikationen,Bd06_O-Ra:0160:0136,Implikation,Bd06_O-Ra
Bd05_Log-N:0452:0345,8,Implikationen,"Implikationen A → B, A ≺ B (modus ponendo ponens, wörtlich",Bd03_G-Inn:0580:0424,Implikation,Bd03_G-Inn
Bd05_Log-N:0452:0345,8,Implikationen,"Implikationen A → B, A ≺ B (modus ponendo ponens, wörtlich",Bd03_G-Inn:0581:0425,"Implikation, induktive",Bd03_G-Inn
Bd05_Log-N:0452:0345,8,Implikationen,"Implikationen A → B, A ≺ B (modus ponendo ponens, wörtlich",Bd03_G-Inn:0582:0426,"Implikation, relevante",Bd03_G-Inn
Bd05_Log-N:0452:0345,8,Implikationen,"Implikationen A → B, A ≺ B (modus ponendo ponens, wörtlich",Bd03_G-Inn:0582:0427,"Implikation, strenge",Bd03_G-Inn
Bd05_Log-N:0452:0345,8,Implikationen,"Implikationen A → B, A ≺ B (modus ponendo ponens, wörtlich",Bd03_G-Inn:0582:0428,"Implikation, strikte",Bd03_G-Inn
Bd05_Log-N:0452:0345,8,Implikationen,"Implikationen A → B, A ≺ B (modus ponendo ponens, wörtlich",Bd06_O-Ra:0160:0136,Implikation,Bd06_O-Ra
Bd05_Log-N:0461:0358,17,Helmont,"Helmont, Franciscus Mercurius van",Bd03_G-Inn:0358:0257,Helmont,Bd03_G-Inn
Bd05_Log-N:0461:0358,17,Helmont,"Helmont, Franciscus Mercurius van",Bd03_G-Inn:0360:0258,Helmont,Bd03_G-Inn
Bd05_Log-N:0465:0360,5,Wiener,Wiener Kreises und dessen Programm einer,Bd08_Th-Z:0518:0496,Wiener,Bd08_Th-Z
Bd05_Log-N:0465:0360,5,Wiener,Wiener Kreises und dessen Programm einer,Bd08_Th-Z:0519:0497,Wiener,Bd08_Th-Z
Bd05_Log-N:0465:0360,5,Wiener,Wiener Kreises und dessen Programm einer,Bd08_Th-Z:0520:0498,Wiener Kreis,Bd08_Th-Z
Bd05_Log-N:0490:0386,1,Wiener,"Wiener Kreises, vor allem mit R",Bd08_Th-Z:0518:0496,Wiener,Bd08_Th-Z
Bd05_Log-N:0490:0386,1,Wiener,"Wiener Kreises, vor allem mit R",Bd08_Th-Z:0519:0497,Wiener,Bd08_Th-Z
Bd05_Log-N:0490:0386,1,Wiener,"Wiener Kreises, vor allem mit R",Bd08_Th-Z:0520:0498,Wiener Kreis,Bd08_Th-Z
Bd05_Log-N:0490:0386,8,ästhetisch/Ästhetik,ästhetisch/Ästhetik,Bd01_A-B:0277:0379,ästhetisch/Ästhetik,Bd01_A-B
Bd05_Log-N:0490:0386,8,ästhetisch/Ästhetik,ästhetisch/Ästhetik,Bd01_A-B:0288:0380,ästhetisch/Ästhetik (endeetisch),Bd01_A-B
Bd05_Log-N:0507:0403,0,Wiener,"Wiener Kreises, des Symbolischen Interaktionismus (",Bd08_Th-Z:0518:0496,Wiener,Bd08_Th-Z
Bd05_Log-N:0507:0403,0,Wiener,"Wiener Kreises, des Symbolischen Interaktionismus (",Bd08_Th-Z:0519:0497,Wiener,Bd08_Th-Z
Bd05_Log-N:0507:0403,0,Wiener,"Wiener Kreises, des Symbolischen Interaktionismus (",Bd08_Th-Z:0520:0498,Wiener Kreis,Bd08_Th-Z
Bd05_Log-N:0511:0405,1,Wiener,"Wiener Kreises, dem N",Bd08_Th-Z:0518:0496,Wiener,Bd08_Th-Z
Bd05_Log-N:0511:0405,1,Wiener,"Wiener Kreises, dem N",Bd08_Th-Z:0519:0497,Wiener,Bd08_Th-Z
Bd05_Log-N:0511:0405,1,Wiener,"Wiener Kreises, dem N",Bd08_Th-Z:0520:0498,Wiener Kreis,Bd08_Th-Z
Bd05_Log-N:0531:0419,13,Makrokosmos,Makrokosmos und Mikrokosmos sowie die vom Ursprung und von den Eigensch,Bd05_Log-N:0206:0132,Makrokosmos,Bd05_Log-N
Bd05_Log-N:0531:0419,13,Makrokosmos,Makrokosmos und Mikrokosmos sowie die vom Ursprung und von den Eigensch,Bd05_Log-N:0207:0133,Makrokosmos,Bd05_Log-N
Bd05_Log-N:0534:0420,14,Ritter,Ritter,Bd07_Re-Te:0180:0135,Ritter,Bd07_Re-Te
Bd05_Log-N:0534:0420,14,Ritter,Ritter,Bd07_Re-Te:0181:0136,Ritter,Bd07_Re-Te
Bd05_Log-N:0541:0422,21,Makrokosmos,Makrokosmos,Bd05_Log-N:0206:0132,Makrokosmos,Bd05_Log-N
Bd05_Log-N:0541:0422,21,Makrokosmos,Makrokosmos,Bd05_Log-N:0207:0133,Makrokosmos,Bd05_Log-N
Bd05_Log-N:0541:0422,27,Länge,"Länge,",Bd04_Ins-Loc:0471:0374,Lange,Bd04_Ins-Loc
Bd05_Log-N:0541:0422,27,Länge,"Länge,",Bd04_Ins-Loc:0473:0375,Länge,Bd04_Ins-Loc
Bd05_Log-N:0550:0431,5,Anderen,Anderen sowie von sich selbst unterscheidendes Tun (,Bd01_A-B:0156:0213,"Andere, das",Bd01_A-B
Bd05_Log-N:0550:0431,5,Anderen,Anderen sowie von sich selbst unterscheidendes Tun (,Bd01_A-B:0156:0214,"Andere, der",Bd01_A-B
Bd05_Log-N:0551:0436,8,De,"De Morganschen Gesetze, erlaube",Bd02_C-F:0147:0164,de dicto/de re,Bd02_C-F
Bd05_Log-N:0551:0436,8,De,"De Morganschen Gesetze, erlaube",Bd02_C-F:0147:0164,de dicto/de re,Bd02_C-F
Bd05_Log-N:0551:0436,8,De,"De Morganschen Gesetze, erlaube",Bd02_C-F:0171:0192,De Morgansche Gesetze,Bd02_C-F
Bd05_Log-N:0555:0440,14,analytische,analytische Charakter logisch-mathematischer Begriffe und Sätze führt d,Bd01_A-B:0149:0202,analytische Philosophie,Bd01_A-B
Bd05_Log-N:0555:0440,14,analytische,analytische Charakter logisch-mathematischer Begriffe und Sätze führt d,Bd01_A-B:0149:0203,analytische Wissenschaftstheorie,Bd01_A-B
Bd05_Log-N:0563:0449,48,Platonischen,Platonischen Akademie in Florenz (1459,Bd06_O-Ra:0360:0243,Platonische Akademie (Academia Platonica),Bd06_O-Ra
Bd05_Log-N:0563:0449,48,Platonischen,Platonischen Akademie in Florenz (1459,Bd06_O-Ra:0361:0244,Platonische Körper,Bd06_O-Ra
Bd05_Log-N:0567:0451,0,Wiener,Wiener Kreises des Logischen Empirismus (,Bd08_Th-Z:0518:0496,Wiener,Bd08_Th-Z
Bd05_Log-N:0567:0451,0,Wiener,Wiener Kreises des Logischen Empirismus (,Bd08_Th-Z:0519:0497,Wiener,Bd08_Th-Z
Bd05_Log-N:0567:0451,0,Wiener,Wiener Kreises des Logischen Empirismus (,Bd08_Th-Z:0520:0498,Wiener Kreis,Bd08_Th-Z
Bd05_Log-N:0575:0459,4,Kraft,Kraft,Bd04_Ins-Loc:0399:0315,Kraft,Bd04_Ins-Loc
Bd05_Log-N:0575:0459,4,Kraft,Kraft,Bd04_Ins-Loc:0401:0316,Kraft,Bd04_Ins-Loc
Bd05_Log-N:0575:0459,47,Mores,Mores,Bd05_Log-N:0482:0380,More,Bd05_Log-N
Bd05_Log-N:0575:0459,47,Mores,Mores,Bd05_Log-N:0485:0381,More,Bd05_Log-N
Bd05_Log-N:0575:0459,47,Mores,Mores,Bd05_Log-N:0488:0382,more geometrico,Bd05_Log-N
Bd05_Log-N:0585:0461,8,Länge,Länge,Bd04_Ins-Loc:0471:0374,Lange,Bd04_Ins-Loc
Bd05_Log-N:0585:0461,8,Länge,Länge,Bd04_Ins-Loc:0473:0375,Länge,Bd04_Ins-Loc
Bd05_Log-N:0587:0463,2,Fichte,"Fichte, Johann Gottlieb",Bd02_C-F:0511:0571,Fichte,Bd02_C-F
Bd05_Log-N:0587:0463,2,Fichte,"Fichte, Johann Gottlieb",Bd02_C-F:0512:0572,Fichte,Bd02_C-F
Bd05_Log-N:0589:0467,3,irrational/,irrational/ Irrationalismus,Bd04_Ins-Loc:0092:0046,irrational/Irrationalismus,Bd04_Ins-Loc
Bd05_Log-N:0589:0467,3,irrational/,irrational/ Irrationalismus,Bd04_Ins-Loc:0094:0047,irrational (mathematisch),Bd04_Ins-Loc
Bd05_Log-N:0605:0475,7,unendlich/Unendlichkeit,unendlich/Unendlichkeit,Bd08_Th-Z:0192:0155,unendlich/Unendlichkeit,Bd08_Th-Z
Bd05_Log-N:0605:0475,7,unendlich/Unendlichkeit,unendlich/Unendlichkeit,Bd08_Th-Z:0198:0157,"Unendlichkeit, schlechte",Bd08_Th-Z
Bd05_Log-N:0605:0475,13,Makrokosmos,Makrokosmos,Bd05_Log-N:0206:0132,Makrokosmos,Bd05_Log-N
Bd05_Log-N:0605:0475,13,Makrokosmos,Makrokosmos,Bd05_Log-N:0207:0133,Makrokosmos,Bd05_Log-N
Bd05_Log-N:0613:0486,16,Paradoxien,"Paradoxien, die sich aus der platonistischen/ realistischen Auffassung",Bd06_O-Ra:0116:0091,"Paradoxien, kosmologische",Bd06_O-Ra
Bd05_Log-N:0613:0486,16,Paradoxien,"Paradoxien, die sich aus der platonistischen/ realistischen Auffassung",Bd06_O-Ra:0118:0092,"Paradoxien, zenonische",Bd06_O-Ra
Bd05_Log-N:0613:0486,16,Paradoxien,"Paradoxien, die sich aus der platonistischen/ realistischen Auffassung",Bd06_O-Ra:0121:0093,Paradoxien der Implikation,Bd06_O-Ra
Bd05_Log-N:0613:0486,16,Paradoxien,"Paradoxien, die sich aus der platonistischen/ realistischen Auffassung",Bd06_O-Ra:0121:0094,Paradoxien des Unendlichen,Bd06_O-Ra
Bd05_Log-N:0613:0486,45,Realismus,Realismus,Bd07_Re-Te:0023:0006,Realismus (erkenntnistheoretisch),Bd07_Re-Te
Bd05_Log-N:0613:0486,45,Realismus,Realismus,Bd07_Re-Te:0025:0007,Realismus (ontologisch),Bd07_Re-Te
Bd05_Log-N:0613:0486,45,Realismus,Realismus,Bd07_Re-Te:0026:0008,"Realismus, ethischer",Bd07_Re-Te
Bd05_Log-N:0613:0486,45,Realismus,Realismus,Bd07_Re-Te:0030:0009,"Realismus, kritischer",Bd07_Re-Te
Bd05_Log-N:0613:0486,45,Realismus,Realismus,Bd07_Re-Te:0031:0010,"Realismus, semantischer",Bd07_Re-Te
Bd05_Log-N:0613:0486,45,Realismus,Realismus,Bd07_Re-Te:0033:0011,"Realismus, wissenschaftlicher",Bd07_Re-Te
Bd05_Log-N:0613:0486,49,unendlich/Unendlichkeit,unendlich/Unendlichkeit,Bd08_Th-Z:0192:0155,unendlich/Unendlichkeit,Bd08_Th-Z
Bd05_Log-N:0613:0486,49,unendlich/Unendlichkeit,unendlich/Unendlichkeit,Bd08_Th-Z:0198:0157,"Unendlichkeit, schlechte",Bd08_Th-Z
Bd05_Log-N:0623:0492,0,Strukturalismus,Strukturalismus,Bd07_Re-Te:0566:0465,"Strukturalismus (philosophisch, wissenschaftstheoretisch)",Bd07_Re-Te
Bd05_Log-N:0623:0492,0,Strukturalismus,Strukturalismus,Bd07_Re-Te:0573:0466,"Strukturalismus, mathematischer",Bd07_Re-Te
Bd05_Log-N:0633:0503,60,Implikation,Implikation – notiert man meist mit,Bd03_G-Inn:0580:0424,Implikation,Bd03_G-Inn
Bd05_Log-N:0633:0503,60,Implikation,Implikation – notiert man meist mit,Bd03_G-Inn:0581:0425,"Implikation, induktive",Bd03_G-Inn
Bd05_Log-N:0633:0503,60,Implikation,Implikation – notiert man meist mit,Bd03_G-Inn:0582:0426,"Implikation, relevante",Bd03_G-Inn
Bd05_Log-N:0633:0503,60,Implikation,Implikation – notiert man meist mit,Bd03_G-Inn:0582:0427,"Implikation, strenge",Bd03_G-Inn
Bd05_Log-N:0633:0503,60,Implikation,Implikation – notiert man meist mit,Bd03_G-Inn:0582:0428,"Implikation, strikte",Bd03_G-Inn
Bd05_Log-N:0633:0503,60,Implikation,Implikation – notiert man meist mit,Bd06_O-Ra:0160:0136,Implikation,Bd06_O-Ra
Bd05_Log-N:0637:0505,29,Implikation,"Implikation A ≺ ΔA natürlich nicht für ein beliebiges Σ, sondern nur re",Bd03_G-Inn:0580:0424,Implikation,Bd03_G-Inn
Bd05_Log-N:0637:0505,29,Implikation,"Implikation A ≺ ΔA natürlich nicht für ein beliebiges Σ, sondern nur re",Bd03_G-Inn:0581:0425,"Implikation, induktive",Bd03_G-Inn
Bd05_Log-N:0637:0505,29,Implikation,"Implikation A ≺ ΔA natürlich nicht für ein beliebiges Σ, sondern nur re",Bd03_G-Inn:0582:0426,"Implikation, relevante",Bd03_G-Inn
Bd05_Log-N:0637:0505,29,Implikation,"Implikation A ≺ ΔA natürlich nicht für ein beliebiges Σ, sondern nur re",Bd03_G-Inn:0582:0427,"Implikation, strenge",Bd03_G-Inn
Bd05_Log-N:0637:0505,29,Implikation,"Implikation A ≺ ΔA natürlich nicht für ein beliebiges Σ, sondern nur re",Bd03_G-Inn:0582:0428,"Implikation, strikte",Bd03_G-Inn
Bd05_Log-N:0637:0505,29,Implikation,"Implikation A ≺ ΔA natürlich nicht für ein beliebiges Σ, sondern nur re",Bd06_O-Ra:0160:0136,Implikation,Bd06_O-Ra
Bd05_Log-N:0645:0514,2,Paradoxien,"Paradoxien umlagertes Problem stellt sich dann die Aufgabe, eine gesam",Bd06_O-Ra:0116:0091,"Paradoxien, kosmologische",Bd06_O-Ra
Bd05_Log-N:0645:0514,2,Paradoxien,"Paradoxien umlagertes Problem stellt sich dann die Aufgabe, eine gesam",Bd06_O-Ra:0118:0092,"Paradoxien, zenonische",Bd06_O-Ra
Bd05_Log-N:0645:0514,2,Paradoxien,"Paradoxien umlagertes Problem stellt sich dann die Aufgabe, eine gesam",Bd06_O-Ra:0121:0093,Paradoxien der Implikation,Bd06_O-Ra
Bd05_Log-N:0645:0514,2,Paradoxien,"Paradoxien umlagertes Problem stellt sich dann die Aufgabe, eine gesam",Bd06_O-Ra:0121:0094,Paradoxien des Unendlichen,Bd06_O-Ra
Bd06_O-Ra:0026:0006,9,Antinomien,Antinomien eine sorgfältige Trennung zwischen objektsprachlichen und m,Bd01_A-B:0186:0253,"Antinomien, logische",Bd01_A-B
Bd06_O-Ra:0026:0006,9,Antinomien,Antinomien eine sorgfältige Trennung zwischen objektsprachlichen und m,Bd01_A-B:0187:0254,"Antinomien, semantische",Bd01_A-B
Bd06_O-Ra:0026:0006,9,Antinomien,Antinomien eine sorgfältige Trennung zwischen objektsprachlichen und m,Bd01_A-B:0188:0255,Antinomien der Mengenlehre,Bd01_A-B
Bd06_O-Ra:0038:0018,16,analytische,"analytische Sätze als sicher gelten können, nicht-analytische Sätze hin",Bd01_A-B:0149:0202,analytische Philosophie,Bd01_A-B
Bd06_O-Ra:0038:0018,16,analytische,"analytische Sätze als sicher gelten können, nicht-analytische Sätze hin",Bd01_A-B:0149:0203,analytische Wissenschaftstheorie,Bd01_A-B
Bd06_O-Ra:0053:0033,0,Kraft,"Kraft F, die, geteilt durch die Summe der Widerstände W (abhängig",Bd04_Ins-Loc:0399:0315,Kraft,Bd04_Ins-Loc
Bd06_O-Ra:0053:0033,0,Kraft,"Kraft F, die, geteilt durch die Summe der Widerstände W (abhängig",Bd04_Ins-Loc:0401:0316,Kraft,Bd04_Ins-Loc
Bd06_O-Ra:0058:0037,18,Länge,Länge,Bd04_Ins-Loc:0471:0374,Lange,Bd04_Ins-Loc
Bd06_O-Ra:0058:0037,18,Länge,Länge,Bd04_Ins-Loc:0473:0375,Länge,Bd04_Ins-Loc
Bd06_O-Ra:0105:0085,8,Makrokosmos,Makrokosmos,Bd05_Log-N:0206:0132,Makrokosmos,Bd05_Log-N
Bd06_O-Ra:0105:0085,8,Makrokosmos,Makrokosmos,Bd05_Log-N:0207:0133,Makrokosmos,Bd05_Log-N
Bd06_O-Ra:0116:0091,6,unendlich/Unendlichkeit,unendlich/Unendlichkeit,Bd08_Th-Z:0192:0155,unendlich/Unendlichkeit,Bd08_Th-Z
Bd06_O-Ra:0116:0091,6,unendlich/Unendlichkeit,unendlich/Unendlichkeit,Bd08_Th-Z:0198:0157,"Unendlichkeit, schlechte",Bd08_Th-Z
Bd06_O-Ra:0118:0092,0,Paradoxien,Paradoxien (,Bd06_O-Ra:0116:0091,"Paradoxien, kosmologische",Bd06_O-Ra
Bd06_O-Ra:0118:0092,0,Paradoxien,Paradoxien (,Bd06_O-Ra:0118:0092,"Paradoxien, zenonische",Bd06_O-Ra
Bd06_O-Ra:0118:0092,0,Paradoxien,Paradoxien (,Bd06_O-Ra:0121:0093,Paradoxien der Implikation,Bd06_O-Ra
Bd06_O-Ra:0118:0092,0,Paradoxien,Paradoxien (,Bd06_O-Ra:0121:0094,Paradoxien des Unendlichen,Bd06_O-Ra
Bd06_O-Ra:0118:0092,4,unendlich/Unendlichkeit,unendlich/Unendlichkeit,Bd08_Th-Z:0192:0155,unendlich/Unendlichkeit,Bd08_Th-Z
Bd06_O-Ra:0118:0092,4,unendlich/Unendlichkeit,unendlich/Unendlichkeit,Bd08_Th-Z:0198:0157,"Unendlichkeit, schlechte",Bd08_Th-Z
Bd06_O-Ra:0121:0094,1,unendlich/Unendlichkeit,unendlich/Unendlichkeit,Bd08_Th-Z:0192:0155,unendlich/Unendlichkeit,Bd08_Th-Z
Bd06_O-Ra:0121:0094,1,unendlich/Unendlichkeit,unendlich/Unendlichkeit,Bd08_Th-Z:0198:0157,"Unendlichkeit, schlechte",Bd08_Th-Z
Bd06_O-Ra:0121:0094,2,Paradoxien,Paradoxien (mysteria infiniti,Bd06_O-Ra:0116:0091,"Paradoxien, kosmologische",Bd06_O-Ra
Bd06_O-Ra:0121:0094,2,Paradoxien,Paradoxien (mysteria infiniti,Bd06_O-Ra:0118:0092,"Paradoxien, zenonische",Bd06_O-Ra
Bd06_O-Ra:0121:0094,2,Paradoxien,Paradoxien (mysteria infiniti,Bd06_O-Ra:0121:0093,Paradoxien der Implikation,Bd06_O-Ra
Bd06_O-Ra:0121:0094,2,Paradoxien,Paradoxien (mysteria infiniti,Bd06_O-Ra:0121:0094,Paradoxien des Unendlichen,Bd06_O-Ra
Bd06_O-Ra:0123:0096,14,Paradoxien,Paradoxien kann durch die Verwendung einer p,Bd06_O-Ra:0116:0091,"Paradoxien, kosmologische",Bd06_O-Ra
Bd06_O-Ra:0123:0096,14,Paradoxien,Paradoxien kann durch die Verwendung einer p,Bd06_O-Ra:0118:0092,"Paradoxien, zenonische",Bd06_O-Ra
Bd06_O-Ra:0123:0096,14,Paradoxien,Paradoxien kann durch die Verwendung einer p,Bd06_O-Ra:0121:0093,Paradoxien der Implikation,Bd06_O-Ra
Bd06_O-Ra:0123:0096,14,Paradoxien,Paradoxien kann durch die Verwendung einer p,Bd06_O-Ra:0121:0094,Paradoxien des Unendlichen,Bd06_O-Ra
Bd06_O-Ra:0127:0100,0,Kräften,Kräften – analog zur heutigen Vektoraddition (,Bd04_Ins-Loc:0399:0315,Kraft,Bd04_Ins-Loc
Bd06_O-Ra:0127:0100,0,Kräften,Kräften – analog zur heutigen Vektoraddition (,Bd04_Ins-Loc:0401:0316,Kraft,Bd04_Ins-Loc
Bd06_O-Ra:0142:0122,11,analytische,analytische Wesenseinsichten nicht ohne weiteres zur Verfügung stehen,Bd01_A-B:0149:0202,analytische Philosophie,Bd01_A-B
Bd06_O-Ra:0142:0122,11,analytische,analytische Wesenseinsichten nicht ohne weiteres zur Verfügung stehen,Bd01_A-B:0149:0203,analytische Wissenschaftstheorie,Bd01_A-B
Bd06_O-Ra:0148:0127,8,symmetrisch/,symmetrisch/ Symmetrie (naturphilosophisch,Bd07_Re-Te:0630:0537,symmetrisch/Symmetrie (argumentationstheore tisch),Bd07_Re-Te
Bd06_O-Ra:0148:0127,8,symmetrisch/,symmetrisch/ Symmetrie (naturphilosophisch,Bd07_Re-Te:0631:0538,symmetrisch/Symmetrie (geometrisch),Bd07_Re-Te
Bd06_O-Ra:0148:0127,8,symmetrisch/,symmetrisch/ Symmetrie (naturphilosophisch,Bd07_Re-Te:0633:0539,symmetrisch/Symmetrie (logisch),Bd07_Re-Te
Bd06_O-Ra:0148:0127,8,symmetrisch/,symmetrisch/ Symmetrie (naturphilosophisch,Bd07_Re-Te:0634:0540,symmetrisch/Symmetrie (naturphilosophisch),Bd07_Re-Te
Bd06_O-Ra:0214:0189,111,ästhetisch/Ästhetik,ästhetisch/Ästhetik,Bd01_A-B:0277:0379,ästhetisch/Ästhetik,Bd01_A-B
Bd06_O-Ra:0214:0189,111,ästhetisch/Ästhetik,ästhetisch/Ästhetik,Bd01_A-B:0288:0380,ästhetisch/Ästhetik (endeetisch),Bd01_A-B
Bd06_O-Ra:0222:0190,29,Antinomien,Antinomien – als auch Kennzeichnungsterme – zur Vermeidung bloß theore,Bd01_A-B:0186:0253,"Antinomien, logische",Bd01_A-B
Bd06_O-Ra:0222:0190,29,Antinomien,Antinomien – als auch Kennzeichnungsterme – zur Vermeidung bloß theore,Bd01_A-B:0187:0254,"Antinomien, semantische",Bd01_A-B
Bd06_O-Ra:0222:0190,29,Antinomien,Antinomien – als auch Kennzeichnungsterme – zur Vermeidung bloß theore,Bd01_A-B:0188:0255,Antinomien der Mengenlehre,Bd01_A-B
Bd06_O-Ra:0268:0203,10,Kraft,Kraft,Bd04_Ins-Loc:0399:0315,Kraft,Bd04_Ins-Loc
Bd06_O-Ra:0268:0203,10,Kraft,Kraft,Bd04_Ins-Loc:0401:0316,Kraft,Bd04_Ins-Loc
Bd06_O-Ra:0269:0204,4,Makrokosmos,Makrokosmos,Bd05_Log-N:0206:0132,Makrokosmos,Bd05_Log-N
Bd06_O-Ra:0269:0204,4,Makrokosmos,Makrokosmos,Bd05_Log-N:0207:0133,Makrokosmos,Bd05_Log-N
Bd06_O-Ra:0277:0206,17,Makrokosmos,"Makrokosmos eine Gesetzmäßigkeit zugrundeliegt, in die der Mikrokosmos",Bd05_Log-N:0206:0132,Makrokosmos,Bd05_Log-N
Bd06_O-Ra:0277:0206,17,Makrokosmos,"Makrokosmos eine Gesetzmäßigkeit zugrundeliegt, in die der Mikrokosmos",Bd05_Log-N:0207:0133,Makrokosmos,Bd05_Log-N
Bd06_O-Ra:0304:0217,15,ästhetisch/Ästhetik,ästhetisch/Ästhetik,Bd01_A-B:0277:0379,ästhetisch/Ästhetik,Bd01_A-B
Bd06_O-Ra:0304:0217,15,ästhetisch/Ästhetik,ästhetisch/Ästhetik,Bd01_A-B:0288:0380,ästhetisch/Ästhetik (endeetisch),Bd01_A-B
Bd06_O-Ra:0321:0226,69,Kraft,Kraft,Bd04_Ins-Loc:0399:0315,Kraft,Bd04_Ins-Loc
Bd06_O-Ra:0321:0226,69,Kraft,Kraft,Bd04_Ins-Loc:0401:0316,Kraft,Bd04_Ins-Loc
Bd06_O-Ra:0330:0227,8,Wiener,Wiener Kreises (vor allem O,Bd08_Th-Z:0518:0496,Wiener,Bd08_Th-Z
Bd06_O-Ra:0330:0227,8,Wiener,Wiener Kreises (vor allem O,Bd08_Th-Z:0519:0497,Wiener,Bd08_Th-Z
Bd06_O-Ra:0330:0227,8,Wiener,Wiener Kreises (vor allem O,Bd08_Th-Z:0520:0498,Wiener Kreis,Bd08_Th-Z
Bd06_O-Ra:0339:0235,6,Frieden,Frieden (historischjuristisch,Bd02_C-F:0593:0638,Frieden (historisch-juristisch),Bd02_C-F
Bd06_O-Ra:0339:0235,6,Frieden,Frieden (historischjuristisch,Bd02_C-F:0595:0639,Frieden (systematisch),Bd02_C-F
Bd06_O-Ra:0340:0236,3,Makrokosmos,Makrokosmos,Bd05_Log-N:0206:0132,Makrokosmos,Bd05_Log-N
Bd06_O-Ra:0340:0236,3,Makrokosmos,Makrokosmos,Bd05_Log-N:0207:0133,Makrokosmos,Bd05_Log-N
Bd06_O-Ra:0344:0239,11,ästhetisch/Ästhetik,ästhetisch/Ästhetik,Bd01_A-B:0277:0379,ästhetisch/Ästhetik,Bd01_A-B
Bd06_O-Ra:0344:0239,11,ästhetisch/Ästhetik,ästhetisch/Ästhetik,Bd01_A-B:0288:0380,ästhetisch/Ästhetik (endeetisch),Bd01_A-B
Bd06_O-Ra:0349:0242,58,Begriffe,Begriffe (Ideen der empirischen Gegenstände,Bd01_A-B:0412:0515,"Begriffe, identische",Bd01_A-B
Bd06_O-Ra:0349:0242,58,Begriffe,Begriffe (Ideen der empirischen Gegenstände,Bd01_A-B:0412:0516,"Begriffe, theoretische",Bd01_A-B
Bd06_O-Ra:0361:0244,5,symmetrisch/Symmetrie,symmetrisch/Symmetrie,Bd07_Re-Te:0630:0537,symmetrisch/Symmetrie (argumentationstheore tisch),Bd07_Re-Te
Bd06_O-Ra:0361:0244,5,symmetrisch/Symmetrie,symmetrisch/Symmetrie,Bd07_Re-Te:0631:0538,symmetrisch/Symmetrie (geometrisch),Bd07_Re-Te
Bd06_O-Ra:0361:0244,5,symmetrisch/Symmetrie,symmetrisch/Symmetrie,Bd07_Re-Te:0633:0539,symmetrisch/Symmetrie (logisch),Bd07_Re-Te
Bd06_O-Ra:0361:0244,5,symmetrisch/Symmetrie,symmetrisch/Symmetrie,Bd07_Re-Te:0634:0540,symmetrisch/Symmetrie (naturphilosophisch),Bd07_Re-Te
Bd06_O-Ra:0363:0245,25,Platonischen,Platonischen Akademie in Florenz gewinnt der P,Bd06_O-Ra:0360:0243,Platonische Akademie (Academia Platonica),Bd06_O-Ra
Bd06_O-Ra:0363:0245,25,Platonischen,Platonischen Akademie in Florenz gewinnt der P,Bd06_O-Ra:0361:0244,Platonische Körper,Bd06_O-Ra
Bd06_O-Ra:0364:0246,9,unendlich/Unendlichkeit,unendlich/Unendlichkeit,Bd08_Th-Z:0192:0155,unendlich/Unendlichkeit,Bd08_Th-Z
Bd06_O-Ra:0364:0246,9,unendlich/Unendlichkeit,unendlich/Unendlichkeit,Bd08_Th-Z:0198:0157,"Unendlichkeit, schlechte",Bd08_Th-Z
Bd06_O-Ra:0364:0246,17,Antinomien,Antinomien,Bd01_A-B:0186:0253,"Antinomien, logische",Bd01_A-B
Bd06_O-Ra:0364:0246,17,Antinomien,Antinomien,Bd01_A-B:0187:0254,"Antinomien, semantische",Bd01_A-B
Bd06_O-Ra:0364:0246,17,Antinomien,Antinomien,Bd01_A-B:0188:0255,Antinomien der Mengenlehre,Bd01_A-B
Bd06_O-Ra:0369:0250,8,Idee,Idee,Bd03_G-Inn:0534:0386,Idee (historisch),Bd03_G-Inn
Bd06_O-Ra:0369:0250,8,Idee,Idee,Bd03_G-Inn:0537:0387,Idee (systematisch),Bd03_G-Inn
Bd06_O-Ra:0369:0250,8,Idee,Idee,Bd03_G-Inn:0540:0388,"Idee, absolute",Bd03_G-Inn
Bd06_O-Ra:0369:0250,8,Idee,Idee,Bd03_G-Inn:0541:0389,"Idee, angeborene",Bd03_G-Inn
Bd06_O-Ra:0374:0254,2,Makrokosmos,Makrokosmos und Mikrokosmos durchdringende und erhaltende göttliche Kra,Bd05_Log-N:0206:0132,Makrokosmos,Bd05_Log-N
Bd06_O-Ra:0374:0254,2,Makrokosmos,Makrokosmos und Mikrokosmos durchdringende und erhaltende göttliche Kra,Bd05_Log-N:0207:0133,Makrokosmos,Bd05_Log-N
Bd06_O-Ra:0375:0256,0,ästhetisch/Ästhetik,ästhetisch/Ästhetik,Bd01_A-B:0277:0379,ästhetisch/Ästhetik,Bd01_A-B
Bd06_O-Ra:0375:0256,0,ästhetisch/Ästhetik,ästhetisch/Ästhetik,Bd01_A-B:0288:0380,ästhetisch/Ästhetik (endeetisch),Bd01_A-B
Bd06_O-Ra:0379:0257,14,ästhetisch/Ästhetik,ästhetisch/Ästhetik,Bd01_A-B:0277:0379,ästhetisch/Ästhetik,Bd01_A-B
Bd06_O-Ra:0379:0257,14,ästhetisch/Ästhetik,ästhetisch/Ästhetik,Bd01_A-B:0288:0380,ästhetisch/Ästhetik (endeetisch),Bd01_A-B
Bd06_O-Ra:0388:0271,0,Wiener,"Wiener Kreises, insbes",Bd08_Th-Z:0518:0496,Wiener,Bd08_Th-Z
Bd06_O-Ra:0388:0271,0,Wiener,"Wiener Kreises, insbes",Bd08_Th-Z:0519:0497,Wiener,Bd08_Th-Z
Bd06_O-Ra:0388:0271,0,Wiener,"Wiener Kreises, insbes",Bd08_Th-Z:0520:0498,Wiener Kreis,Bd08_Th-Z
Bd06_O-Ra:0388:0271,124,ästhetisch/Ästhetik,ästhetisch/Ästhetik,Bd01_A-B:0277:0379,ästhetisch/Ästhetik,Bd01_A-B
Bd06_O-Ra:0388:0271,124,ästhetisch/Ästhetik,ästhetisch/Ästhetik,Bd01_A-B:0288:0380,ästhetisch/Ästhetik (endeetisch),Bd01_A-B
Bd06_O-Ra:0400:0275,6,Makrokosmos,Makrokosmos und Mikrokosmos hindurch bestimmt,Bd05_Log-N:0206:0132,Makrokosmos,Bd05_Log-N
Bd06_O-Ra:0400:0275,6,Makrokosmos,Makrokosmos und Mikrokosmos hindurch bestimmt,Bd05_Log-N:0207:0133,Makrokosmos,Bd05_Log-N
Bd06_O-Ra:0421:0303,41,Begriffe,Begriffe,Bd01_A-B:0412:0515,"Begriffe, identische",Bd01_A-B
Bd06_O-Ra:0421:0303,41,Begriffe,Begriffe,Bd01_A-B:0412:0516,"Begriffe, theoretische",Bd01_A-B
Bd06_O-Ra:0424:0307,47,Paradoxien,"Paradoxien, die Verbindung mit bzw",Bd06_O-Ra:0116:0091,"Paradoxien, kosmologische",Bd06_O-Ra
Bd06_O-Ra:0424:0307,47,Paradoxien,"Paradoxien, die Verbindung mit bzw",Bd06_O-Ra:0118:0092,"Paradoxien, zenonische",Bd06_O-Ra
Bd06_O-Ra:0424:0307,47,Paradoxien,"Paradoxien, die Verbindung mit bzw",Bd06_O-Ra:0121:0093,Paradoxien der Implikation,Bd06_O-Ra
Bd06_O-Ra:0424:0307,47,Paradoxien,"Paradoxien, die Verbindung mit bzw",Bd06_O-Ra:0121:0094,Paradoxien des Unendlichen,Bd06_O-Ra
Bd06_O-Ra:0448:0335,7,Antinomien,Antinomien verursachten,Bd01_A-B:0186:0253,"Antinomien, logische",Bd01_A-B
Bd06_O-Ra:0448:0335,7,Antinomien,Antinomien verursachten,Bd01_A-B:0187:0254,"Antinomien, semantische",Bd01_A-B
Bd06_O-Ra:0448:0335,7,Antinomien,Antinomien verursachten,Bd01_A-B:0188:0255,Antinomien der Mengenlehre,Bd01_A-B
Bd06_O-Ra:0450:0342,5,Begriffe,"Begriffe, die am Anfang eines definitorischen Aufbaus stehen, in der",Bd01_A-B:0412:0515,"Begriffe, identische",Bd01_A-B
Bd06_O-Ra:0450:0342,5,Begriffe,"Begriffe, die am Anfang eines definitorischen Aufbaus stehen, in der",Bd01_A-B:0412:0516,"Begriffe, theoretische",Bd01_A-B
Bd06_O-Ra:0456:0349,11,Kraft,Kraft (,Bd04_Ins-Loc:0399:0315,Kraft,Bd04_Ins-Loc
Bd06_O-Ra:0456:0349,11,Kraft,Kraft (,Bd04_Ins-Loc:0401:0316,Kraft,Bd04_Ins-Loc
Bd06_O-Ra:0485:0389,27,Lehr-,Lehr- und Lernsituationen weitere Handlungsmöglichkeiten zu eröff,Bd04_Ins-Loc:0516:0414,Lehr- und Lernbarkeit,Bd04_Ins-Loc
Bd06_O-Ra:0485:0389,27,Lehr-,Lehr- und Lernsituationen weitere Handlungsmöglichkeiten zu eröff,Bd04_Ins-Loc:0518:0415,Lehr- und Lernsituation,Bd04_Ins-Loc
Bd06_O-Ra:0489:0391,0,Wiener,Wiener Kreises und des Logischen Empirismus (,Bd08_Th-Z:0518:0496,Wiener,Bd08_Th-Z
Bd06_O-Ra:0489:0391,0,Wiener,Wiener Kreises und des Logischen Empirismus (,Bd08_Th-Z:0519:0497,Wiener,Bd08_Th-Z
Bd06_O-Ra:0489:0391,0,Wiener,Wiener Kreises und des Logischen Empirismus (,Bd08_Th-Z:0520:0498,Wiener Kreis,Bd08_Th-Z
Bd06_O-Ra:0493:0395,17,Länge,"Länge, Dauer,",Bd04_Ins-Loc:0471:0374,Lange,Bd04_Ins-Loc
Bd06_O-Ra:0493:0395,17,Länge,"Länge, Dauer,",Bd04_Ins-Loc:0473:0375,Länge,Bd04_Ins-Loc
Bd06_O-Ra:0498:0399,2,Fourier,Fourier,Bd02_C-F:0557:0618,Fourier,Bd02_C-F
Bd06_O-Ra:0498:0399,2,Fourier,Fourier,Bd02_C-F:0558:0619,Fourier,Bd02_C-F
Bd06_O-Ra:0502:0401,13,komplex/Komplex,komplex/Komplex,Bd04_Ins-Loc:0297:0208,komplex/Komplex,Bd04_Ins-Loc
Bd06_O-Ra:0502:0401,13,komplex/Komplex,komplex/Komplex,Bd04_Ins-Loc:0297:0208,komplex/Komplex,Bd04_Ins-Loc
Bd06_O-Ra:0509:0408,0,ästhetisch/Ästhetik,ästhetisch/Ästhetik,Bd01_A-B:0277:0379,ästhetisch/Ästhetik,Bd01_A-B
Bd06_O-Ra:0509:0408,0,ästhetisch/Ästhetik,ästhetisch/Ästhetik,Bd01_A-B:0288:0380,ästhetisch/Ästhetik (endeetisch),Bd01_A-B
Bd06_O-Ra:0530:0419,18,analytische,analytische Sätze bilden zu können,Bd01_A-B:0149:0202,analytische Philosophie,Bd01_A-B
Bd06_O-Ra:0530:0419,18,analytische,analytische Sätze bilden zu können,Bd01_A-B:0149:0203,analytische Wissenschaftstheorie,Bd01_A-B
Bd06_O-Ra:0540:0425,8,Makrokosmos,Makrokosmos,Bd05_Log-N:0206:0132,Makrokosmos,Bd05_Log-N
Bd06_O-Ra:0540:0425,8,Makrokosmos,Makrokosmos,Bd05_Log-N:0207:0133,Makrokosmos,Bd05_Log-N
Bd06_O-Ra:0540:0425,9,Makrokosmos,Makrokosmos [Illustration von R,Bd05_Log-N:0206:0132,Makrokosmos,Bd05_Log-N
Bd06_O-Ra:0540:0425,9,Makrokosmos,Makrokosmos [Illustration von R,Bd05_Log-N:0207:0133,Makrokosmos,Bd05_Log-N
Bd06_O-Ra:0546:0430,4,komplex/Komplex,komplex/Komplex,Bd04_Ins-Loc:0297:0208,komplex/Komplex,Bd04_Ins-Loc
Bd06_O-Ra:0546:0430,4,komplex/Komplex,komplex/Komplex,Bd04_Ins-Loc:0297:0208,komplex/Komplex,Bd04_Ins-Loc
Bd06_O-Ra:0565:0442,6,komplex/Komplex,komplex/Komplex,Bd04_Ins-Loc:0297:0208,komplex/Komplex,Bd04_Ins-Loc
Bd06_O-Ra:0565:0442,6,komplex/Komplex,komplex/Komplex,Bd04_Ins-Loc:0297:0208,komplex/Komplex,Bd04_Ins-Loc
Bd06_O-Ra:0573:0454,1,Wiener,Wiener Kreises,Bd08_Th-Z:0518:0496,Wiener,Bd08_Th-Z
Bd06_O-Ra:0573:0454,1,Wiener,Wiener Kreises,Bd08_Th-Z:0519:0497,Wiener,Bd08_Th-Z
Bd06_O-Ra:0573:0454,1,Wiener,Wiener Kreises,Bd08_Th-Z:0520:0498,Wiener Kreis,Bd08_Th-Z
Bd06_O-Ra:0577:0457,2,Platonischen,"Platonischen Körpern, die Elemente Erde (= Würfel",Bd06_O-Ra:0360:0243,Platonische Akademie (Academia Platonica),Bd06_O-Ra
Bd06_O-Ra:0577:0457,2,Platonischen,"Platonischen Körpern, die Elemente Erde (= Würfel",Bd06_O-Ra:0361:0244,Platonische Körper,Bd06_O-Ra
Bd06_O-Ra:0591:0472,4,Antinomien,Antinomien in rein logische und nicht rein logische sowie ein früher B,Bd01_A-B:0186:0253,"Antinomien, logische",Bd01_A-B
Bd06_O-Ra:0591:0472,4,Antinomien,Antinomien in rein logische und nicht rein logische sowie ein früher B,Bd01_A-B:0187:0254,"Antinomien, semantische",Bd01_A-B
Bd06_O-Ra:0591:0472,4,Antinomien,Antinomien in rein logische und nicht rein logische sowie ein früher B,Bd01_A-B:0188:0255,Antinomien der Mengenlehre,Bd01_A-B
Bd06_O-Ra:0600:0480,4,irrational/,irrational/ Irrationalismus,Bd04_Ins-Loc:0092:0046,irrational/Irrationalismus,Bd04_Ins-Loc
Bd06_O-Ra:0600:0480,4,irrational/,irrational/ Irrationalismus,Bd04_Ins-Loc:0094:0047,irrational (mathematisch),Bd04_Ins-Loc
Bd06_O-Ra:0603:0482,72,symmetrisch/Symmetrie,symmetrisch/Symmetrie (argumentationstheoretisch,Bd07_Re-Te:0630:0537,symmetrisch/Symmetrie (argumentationstheore tisch),Bd07_Re-Te
Bd06_O-Ra:0603:0482,72,symmetrisch/Symmetrie,symmetrisch/Symmetrie (argumentationstheoretisch,Bd07_Re-Te:0631:0538,symmetrisch/Symmetrie (geometrisch),Bd07_Re-Te
Bd06_O-Ra:0603:0482,72,symmetrisch/Symmetrie,symmetrisch/Symmetrie (argumentationstheoretisch,Bd07_Re-Te:0633:0539,symmetrisch/Symmetrie (logisch),Bd07_Re-Te
Bd06_O-Ra:0603:0482,72,symmetrisch/Symmetrie,symmetrisch/Symmetrie (argumentationstheoretisch,Bd07_Re-Te:0634:0540,symmetrisch/Symmetrie (naturphilosophisch),Bd07_Re-Te
Bd06_O-Ra:0618:0484,13,unendlich/Unendlichkeit,unendlich/Unendlichkeit,Bd08_Th-Z:0192:0155,unendlich/Unendlichkeit,Bd08_Th-Z
Bd06_O-Ra:0618:0484,13,unendlich/Unendlichkeit,unendlich/Unendlichkeit,Bd08_Th-Z:0198:0157,"Unendlichkeit, schlechte",Bd08_Th-Z
Bd06_O-Ra:0626:0485,6,Kräfte,Kräfte identifizieren,Bd04_Ins-Loc:0399:0315,Kraft,Bd04_Ins-Loc
Bd06_O-Ra:0626:0485,6,Kräfte,Kräfte identifizieren,Bd04_Ins-Loc:0401:0316,Kraft,Bd04_Ins-Loc
Bd07_Re-Te:0026:0008,4,Werte,Werte,Bd08_Th-Z:0482:0455,Wert (logisch),Bd08_Th-Z
Bd07_Re-Te:0026:0008,4,Werte,Werte,Bd08_Th-Z:0483:0456,Wert (moralisch),Bd08_Th-Z
Bd07_Re-Te:0026:0008,4,Werte,Werte,Bd08_Th-Z:0484:0457,Wert (ökonomisch),Bd08_Th-Z
Bd07_Re-Te:0033:0011,3,Begriffe,Begriffe dieser Theorien beziehen sich typischerweise auf tatsächlic,Bd01_A-B:0412:0515,"Begriffe, identische",Bd01_A-B
Bd07_Re-Te:0033:0011,3,Begriffe,Begriffe dieser Theorien beziehen sich typischerweise auf tatsächlic,Bd01_A-B:0412:0516,"Begriffe, theoretische",Bd01_A-B
Bd07_Re-Te:0035:0012,24,Ideen,Ideen lehre zurückgehende Immanenz-TranszendenzAspekt (,Bd03_G-Inn:0534:0386,Idee (historisch),Bd03_G-Inn
Bd07_Re-Te:0035:0012,24,Ideen,Ideen lehre zurückgehende Immanenz-TranszendenzAspekt (,Bd03_G-Inn:0537:0387,Idee (systematisch),Bd03_G-Inn
Bd07_Re-Te:0035:0012,24,Ideen,Ideen lehre zurückgehende Immanenz-TranszendenzAspekt (,Bd03_G-Inn:0540:0388,"Idee, absolute",Bd03_G-Inn
Bd07_Re-Te:0035:0012,24,Ideen,Ideen lehre zurückgehende Immanenz-TranszendenzAspekt (,Bd03_G-Inn:0541:0389,"Idee, angeborene",Bd03_G-Inn
Bd07_Re-Te:0072:0056,16,Wiener,Wiener Kreises weiter und schwächt dabei die Forderung nach enger,Bd08_Th-Z:0518:0496,Wiener,Bd08_Th-Z
Bd07_Re-Te:0072:0056,16,Wiener,Wiener Kreises weiter und schwächt dabei die Forderung nach enger,Bd08_Th-Z:0519:0497,Wiener,Bd08_Th-Z
Bd07_Re-Te:0072:0056,16,Wiener,Wiener Kreises weiter und schwächt dabei die Forderung nach enger,Bd08_Th-Z:0520:0498,Wiener Kreis,Bd08_Th-Z
Bd07_Re-Te:0077:0058,1,Folge,Folge (ma-</sup> thematisch,Bd02_C-F:0535:0595,Folge (logisch),Bd02_C-F
Bd07_Re-Te:0077:0058,1,Folge,Folge (ma-</sup> thematisch,Bd02_C-F:0536:0596,Folge (mathematisch),Bd02_C-F
Bd07_Re-Te:0085:0068,1,Implikation,Implikation und,Bd03_G-Inn:0580:0424,Implikation,Bd03_G-Inn
Bd07_Re-Te:0085:0068,1,Implikation,Implikation und,Bd03_G-Inn:0581:0425,"Implikation, induktive",Bd03_G-Inn
Bd07_Re-Te:0085:0068,1,Implikation,Implikation und,Bd03_G-Inn:0582:0426,"Implikation, relevante",Bd03_G-Inn
Bd07_Re-Te:0085:0068,1,Implikation,Implikation und,Bd03_G-Inn:0582:0427,"Implikation, strenge",Bd03_G-Inn
Bd07_Re-Te:0085:0068,1,Implikation,Implikation und,Bd03_G-Inn:0582:0428,"Implikation, strikte",Bd03_G-Inn
Bd07_Re-Te:0085:0068,1,Implikation,Implikation und,Bd06_O-Ra:0160:0136,Implikation,Bd06_O-Ra
Bd07_Re-Te:0085:0069,42,Klasse,Klasse,Bd04_Ins-Loc:0242:0160,Klasse (logisch),Bd04_Ins-Loc
Bd07_Re-Te:0085:0069,42,Klasse,Klasse,Bd04_Ins-Loc:0244:0161,Klasse (sozialwissenschaftlich),Bd04_Ins-Loc
Bd07_Re-Te:0085:0069,42,Klasse,Klasse,Bd04_Ins-Loc:0247:0162,"Klasse, leere",Bd04_Ins-Loc
Bd07_Re-Te:0088:0070,19,Hamilton,Hamilton prinzip,Bd03_G-Inn:0287:0219,Hamilton,Bd03_G-Inn
Bd07_Re-Te:0088:0070,19,Hamilton,Hamilton prinzip,Bd03_G-Inn:0288:0220,Hamilton,Bd03_G-Inn
Bd07_Re-Te:0088:0070,28,Realismus,Realismus (erkennt-,Bd07_Re-Te:0023:0006,Realismus (erkenntnistheoretisch),Bd07_Re-Te
Bd07_Re-Te:0088:0070,28,Realismus,Realismus (erkennt-,Bd07_Re-Te:0025:0007,Realismus (ontologisch),Bd07_Re-Te
Bd07_Re-Te:0088:0070,28,Realismus,Realismus (erkennt-,Bd07_Re-Te:0026:0008,"Realismus, ethischer",Bd07_Re-Te
Bd07_Re-Te:0088:0070,28,Realismus,Realismus (erkennt-,Bd07_Re-Te:0030:0009,"Realismus, kritischer",Bd07_Re-Te
Bd07_Re-Te:0088:0070,28,Realismus,Realismus (erkennt-,Bd07_Re-Te:0031:0010,"Realismus, semantischer",Bd07_Re-Te
Bd07_Re-Te:0088:0070,28,Realismus,Realismus (erkennt-,Bd07_Re-Te:0033:0011,"Realismus, wissenschaftlicher",Bd07_Re-Te
Bd07_Re-Te:0093:0072,32,symmetrisch/,symmetrisch/ Symmetrie (logisch,Bd07_Re-Te:0630:0537,symmetrisch/Symmetrie (argumentationstheore tisch),Bd07_Re-Te
Bd07_Re-Te:0093:0072,32,symmetrisch/,symmetrisch/ Symmetrie (logisch,Bd07_Re-Te:0631:0538,symmetrisch/Symmetrie (geometrisch),Bd07_Re-Te
Bd07_Re-Te:0093:0072,32,symmetrisch/,symmetrisch/ Symmetrie (logisch,Bd07_Re-Te:0633:0539,symmetrisch/Symmetrie (logisch),Bd07_Re-Te
Bd07_Re-Te:0093:0072,32,symmetrisch/,symmetrisch/ Symmetrie (logisch,Bd07_Re-Te:0634:0540,symmetrisch/Symmetrie (naturphilosophisch),Bd07_Re-Te
Bd07_Re-Te:0093:0072,42,Implikation,Implikation,Bd03_G-Inn:0580:0424,Implikation,Bd03_G-Inn
Bd07_Re-Te:0093:0072,42,Implikation,Implikation,Bd03_G-Inn:0581:0425,"Implikation, induktive",Bd03_G-Inn
Bd07_Re-Te:0093:0072,42,Implikation,Implikation,Bd03_G-Inn:0582:0426,"Implikation, relevante",Bd03_G-Inn
Bd07_Re-Te:0093:0072,42,Implikation,Implikation,Bd03_G-Inn:0582:0427,"Implikation, strenge",Bd03_G-Inn
Bd07_Re-Te:0093:0072,42,Implikation,Implikation,Bd03_G-Inn:0582:0428,"Implikation, strikte",Bd03_G-Inn
Bd07_Re-Te:0093:0072,42,Implikation,Implikation,Bd06_O-Ra:0160:0136,Implikation,Bd06_O-Ra
Bd07_Re-Te:0096:0075,4,Begriffe,Begriffe deshalb,Bd01_A-B:0412:0515,"Begriffe, identische",Bd01_A-B
Bd07_Re-Te:0096:0075,4,Begriffe,Begriffe deshalb,Bd01_A-B:0412:0516,"Begriffe, theoretische",Bd01_A-B
Bd07_Re-Te:0099:0077,4,Kraft,Kraft,Bd04_Ins-Loc:0399:0315,Kraft,Bd04_Ins-Loc
Bd07_Re-Te:0099:0077,4,Kraft,Kraft,Bd04_Ins-Loc:0401:0316,Kraft,Bd04_Ins-Loc
Bd07_Re-Te:0108:0083,0,Implikation,"Implikation _A_ � _B_ nur dann gelten soll, wenn die",Bd03_G-Inn:0580:0424,Implikation,Bd03_G-Inn
Bd07_Re-Te:0108:0083,0,Implikation,"Implikation _A_ � _B_ nur dann gelten soll, wenn die",Bd03_G-Inn:0581:0425,"Implikation, induktive",Bd03_G-Inn
Bd07_Re-Te:0108:0083,0,Implikation,"Implikation _A_ � _B_ nur dann gelten soll, wenn die",Bd03_G-Inn:0582:0426,"Implikation, relevante",Bd03_G-Inn
Bd07_Re-Te:0108:0083,0,Implikation,"Implikation _A_ � _B_ nur dann gelten soll, wenn die",Bd03_G-Inn:0582:0427,"Implikation, strenge",Bd03_G-Inn
Bd07_Re-Te:0108:0083,0,Implikation,"Implikation _A_ � _B_ nur dann gelten soll, wenn die",Bd03_G-Inn:0582:0428,"Implikation, strikte",Bd03_G-Inn
Bd07_Re-Te:0108:0083,0,Implikation,"Implikation _A_ � _B_ nur dann gelten soll, wenn die",Bd06_O-Ra:0160:0136,Implikation,Bd06_O-Ra
Bd07_Re-Te:0148:0113,7,ästhetisch/Ästhetik,ästhetisch/Ästhetik,Bd01_A-B:0277:0379,ästhetisch/Ästhetik,Bd01_A-B
Bd07_Re-Te:0148:0113,7,ästhetisch/Ästhetik,ästhetisch/Ästhetik,Bd01_A-B:0288:0380,ästhetisch/Ästhetik (endeetisch),Bd01_A-B
Bd07_Re-Te:0173:0134,27,Paradoxien,"Paradoxien auseinandersetzen, von denen das so genannte Petersburger P",Bd06_O-Ra:0116:0091,"Paradoxien, kosmologische",Bd06_O-Ra
Bd07_Re-Te:0173:0134,27,Paradoxien,"Paradoxien auseinandersetzen, von denen das so genannte Petersburger P",Bd06_O-Ra:0118:0092,"Paradoxien, zenonische",Bd06_O-Ra
Bd07_Re-Te:0173:0134,27,Paradoxien,"Paradoxien auseinandersetzen, von denen das so genannte Petersburger P",Bd06_O-Ra:0121:0093,Paradoxien der Implikation,Bd06_O-Ra
Bd07_Re-Te:0173:0134,27,Paradoxien,"Paradoxien auseinandersetzen, von denen das so genannte Petersburger P",Bd06_O-Ra:0121:0094,Paradoxien des Unendlichen,Bd06_O-Ra
Bd07_Re-Te:0193:0146,1,ästhetisch/Ästhetik,ästhetisch/Ästhetik,Bd01_A-B:0277:0379,ästhetisch/Ästhetik,Bd01_A-B
Bd07_Re-Te:0193:0146,1,ästhetisch/Ästhetik,ästhetisch/Ästhetik,Bd01_A-B:0288:0380,ästhetisch/Ästhetik (endeetisch),Bd01_A-B
Bd07_Re-Te:0207:0157,14,Implikation,Implikation versteht,Bd03_G-Inn:0580:0424,Implikation,Bd03_G-Inn
Bd07_Re-Te:0207:0157,14,Implikation,Implikation versteht,Bd03_G-Inn:0581:0425,"Implikation, induktive",Bd03_G-Inn
Bd07_Re-Te:0207:0157,14,Implikation,Implikation versteht,Bd03_G-Inn:0582:0426,"Implikation, relevante",Bd03_G-Inn
Bd07_Re-Te:0207:0157,14,Implikation,Implikation versteht,Bd03_G-Inn:0582:0427,"Implikation, strenge",Bd03_G-Inn
Bd07_Re-Te:0207:0157,14,Implikation,Implikation versteht,Bd03_G-Inn:0582:0428,"Implikation, strikte",Bd03_G-Inn
Bd07_Re-Te:0207:0157,14,Implikation,Implikation versteht,Bd06_O-Ra:0160:0136,Implikation,Bd06_O-Ra
Bd07_Re-Te:0219:0168,7,symmetrisch/,symmetrisch/ Symmetrie (geometrisch,Bd07_Re-Te:0630:0537,symmetrisch/Symmetrie (argumentationstheore tisch),Bd07_Re-Te
Bd07_Re-Te:0219:0168,7,symmetrisch/,symmetrisch/ Symmetrie (geometrisch,Bd07_Re-Te:0631:0538,symmetrisch/Symmetrie (geometrisch),Bd07_Re-Te
Bd07_Re-Te:0219:0168,7,symmetrisch/,symmetrisch/ Symmetrie (geometrisch,Bd07_Re-Te:0633:0539,symmetrisch/Symmetrie (logisch),Bd07_Re-Te
Bd07_Re-Te:0219:0168,7,symmetrisch/,symmetrisch/ Symmetrie (geometrisch,Bd07_Re-Te:0634:0540,symmetrisch/Symmetrie (naturphilosophisch),Bd07_Re-Te
Bd07_Re-Te:0244:0202,10,Begriffe,Begriffe ihrerseits nicht schon in einer vordiskursiven Idealität in,Bd01_A-B:0412:0515,"Begriffe, identische",Bd01_A-B
Bd07_Re-Te:0244:0202,10,Begriffe,Begriffe ihrerseits nicht schon in einer vordiskursiven Idealität in,Bd01_A-B:0412:0516,"Begriffe, theoretische",Bd01_A-B
Bd07_Re-Te:0253:0208,19,ästhetisch/Ästhetik,ästhetisch/Ästhetik,Bd01_A-B:0277:0379,ästhetisch/Ästhetik,Bd01_A-B
Bd07_Re-Te:0253:0208,19,ästhetisch/Ästhetik,ästhetisch/Ästhetik,Bd01_A-B:0288:0380,ästhetisch/Ästhetik (endeetisch),Bd01_A-B
Bd07_Re-Te:0253:0209,7,Wiener,Wiener Kreises,Bd08_Th-Z:0518:0496,Wiener,Bd08_Th-Z
Bd07_Re-Te:0253:0209,7,Wiener,Wiener Kreises,Bd08_Th-Z:0519:0497,Wiener,Bd08_Th-Z
Bd07_Re-Te:0253:0209,7,Wiener,Wiener Kreises,Bd08_Th-Z:0520:0498,Wiener Kreis,Bd08_Th-Z
Bd07_Re-Te:0256:0211,33,ästhetisch/Ästhetik,ästhetisch/Ästhetik,Bd01_A-B:0277:0379,ästhetisch/Ästhetik,Bd01_A-B
Bd07_Re-Te:0256:0211,33,ästhetisch/Ästhetik,ästhetisch/Ästhetik,Bd01_A-B:0288:0380,ästhetisch/Ästhetik (endeetisch),Bd01_A-B
Bd07_Re-Te:0270:0221,10,ästhetisch/Ästhetik,ästhetisch/Ästhetik,Bd01_A-B:0277:0379,ästhetisch/Ästhetik,Bd01_A-B
Bd07_Re-Te:0270:0221,10,ästhetisch/Ästhetik,ästhetisch/Ästhetik,Bd01_A-B:0288:0380,ästhetisch/Ästhetik (endeetisch),Bd01_A-B
Bd07_Re-Te:0273:0222,1,ästhetisch/Ästhetik,ästhetisch/Ästhetik,Bd01_A-B:0277:0379,ästhetisch/Ästhetik,Bd01_A-B
Bd07_Re-Te:0273:0222,1,ästhetisch/Ästhetik,ästhetisch/Ästhetik,Bd01_A-B:0288:0380,ästhetisch/Ästhetik (endeetisch),Bd01_A-B
Bd07_Re-Te:0273:0223,6,ästhetisch/Ästhetik,ästhetisch/Ästhetik,Bd01_A-B:0277:0379,ästhetisch/Ästhetik,Bd01_A-B
Bd07_Re-Te:0273:0223,6,ästhetisch/Ästhetik,ästhetisch/Ästhetik,Bd01_A-B:0288:0380,ästhetisch/Ästhetik (endeetisch),Bd01_A-B
Bd07_Re-Te:0278:0225,0,Wiener,Wiener Kreises,Bd08_Th-Z:0518:0496,Wiener,Bd08_Th-Z
Bd07_Re-Te:0278:0225,0,Wiener,Wiener Kreises,Bd08_Th-Z:0519:0497,Wiener,Bd08_Th-Z
Bd07_Re-Te:0278:0225,0,Wiener,Wiener Kreises,Bd08_Th-Z:0520:0498,Wiener Kreis,Bd08_Th-Z
Bd07_Re-Te:0280:0227,6,Implikation,"Implikation _A_ 1, …, _An_ � _B_ , der Folgerungsbeziehung (",Bd03_G-Inn:0580:0424,Implikation,Bd03_G-Inn
Bd07_Re-Te:0280:0227,6,Implikation,"Implikation _A_ 1, …, _An_ � _B_ , der Folgerungsbeziehung (",Bd03_G-Inn:0581:0425,"Implikation, induktive",Bd03_G-Inn
Bd07_Re-Te:0280:0227,6,Implikation,"Implikation _A_ 1, …, _An_ � _B_ , der Folgerungsbeziehung (",Bd03_G-Inn:0582:0426,"Implikation, relevante",Bd03_G-Inn
Bd07_Re-Te:0280:0227,6,Implikation,"Implikation _A_ 1, …, _An_ � _B_ , der Folgerungsbeziehung (",Bd03_G-Inn:0582:0427,"Implikation, strenge",Bd03_G-Inn
Bd07_Re-Te:0280:0227,6,Implikation,"Implikation _A_ 1, …, _An_ � _B_ , der Folgerungsbeziehung (",Bd03_G-Inn:0582:0428,"Implikation, strikte",Bd03_G-Inn
Bd07_Re-Te:0280:0227,6,Implikation,"Implikation _A_ 1, …, _An_ � _B_ , der Folgerungsbeziehung (",Bd06_O-Ra:0160:0136,Implikation,Bd06_O-Ra
Bd07_Re-Te:0281:0228,9,Implikation,"Implikation _A_ 1, …, _An_ � _A_ logisch gültig ist (",Bd03_G-Inn:0580:0424,Implikation,Bd03_G-Inn
Bd07_Re-Te:0281:0228,9,Implikation,"Implikation _A_ 1, …, _An_ � _A_ logisch gültig ist (",Bd03_G-Inn:0581:0425,"Implikation, induktive",Bd03_G-Inn
Bd07_Re-Te:0281:0228,9,Implikation,"Implikation _A_ 1, …, _An_ � _A_ logisch gültig ist (",Bd03_G-Inn:0582:0426,"Implikation, relevante",Bd03_G-Inn
Bd07_Re-Te:0281:0228,9,Implikation,"Implikation _A_ 1, …, _An_ � _A_ logisch gültig ist (",Bd03_G-Inn:0582:0427,"Implikation, strenge",Bd03_G-Inn
Bd07_Re-Te:0281:0228,9,Implikation,"Implikation _A_ 1, …, _An_ � _A_ logisch gültig ist (",Bd03_G-Inn:0582:0428,"Implikation, strikte",Bd03_G-Inn
Bd07_Re-Te:0281:0228,9,Implikation,"Implikation _A_ 1, …, _An_ � _A_ logisch gültig ist (",Bd06_O-Ra:0160:0136,Implikation,Bd06_O-Ra
Bd07_Re-Te:0281:0229,11,Implikation,Implikation interpretierte (,Bd03_G-Inn:0580:0424,Implikation,Bd03_G-Inn
Bd07_Re-Te:0281:0229,11,Implikation,Implikation interpretierte (,Bd03_G-Inn:0581:0425,"Implikation, induktive",Bd03_G-Inn
Bd07_Re-Te:0281:0229,11,Implikation,Implikation interpretierte (,Bd03_G-Inn:0582:0426,"Implikation, relevante",Bd03_G-Inn
Bd07_Re-Te:0281:0229,11,Implikation,Implikation interpretierte (,Bd03_G-Inn:0582:0427,"Implikation, strenge",Bd03_G-Inn
Bd07_Re-Te:0281:0229,11,Implikation,Implikation interpretierte (,Bd03_G-Inn:0582:0428,"Implikation, strikte",Bd03_G-Inn
Bd07_Re-Te:0281:0229,11,Implikation,Implikation interpretierte (,Bd06_O-Ra:0160:0136,Implikation,Bd06_O-Ra
Bd07_Re-Te:0287:0234,8,Antinomien,Antinomien (,Bd01_A-B:0186:0253,"Antinomien, logische",Bd01_A-B
Bd07_Re-Te:0287:0234,8,Antinomien,Antinomien (,Bd01_A-B:0187:0254,"Antinomien, semantische",Bd01_A-B
Bd07_Re-Te:0287:0234,8,Antinomien,Antinomien (,Bd01_A-B:0188:0255,Antinomien der Mengenlehre,Bd01_A-B
Bd07_Re-Te:0296:0240,5,ästhetisch/,ästhetisch/ Ästhetik,Bd01_A-B:0277:0379,ästhetisch/Ästhetik,Bd01_A-B
Bd07_Re-Te:0296:0240,5,ästhetisch/,ästhetisch/ Ästhetik,Bd01_A-B:0288:0380,ästhetisch/Ästhetik (endeetisch),Bd01_A-B
Bd07_Re-Te:0322:0257,11,Andere,Andere zunächst als Körper,Bd01_A-B:0156:0213,"Andere, das",Bd01_A-B
Bd07_Re-Te:0322:0257,11,Andere,Andere zunächst als Körper,Bd01_A-B:0156:0214,"Andere, der",Bd01_A-B
Bd07_Re-Te:0327:0263,5,analytische,analytische Unterscheidung zwischen dem _Inhalt_ einer generischen Äuße,Bd01_A-B:0149:0202,analytische Philosophie,Bd01_A-B
Bd07_Re-Te:0327:0263,5,analytische,analytische Unterscheidung zwischen dem _Inhalt_ einer generischen Äuße,Bd01_A-B:0149:0203,analytische Wissenschaftstheorie,Bd01_A-B
Bd07_Re-Te:0344:0275,11,Antinomien,Antinomien (,Bd01_A-B:0186:0253,"Antinomien, logische",Bd01_A-B
Bd07_Re-Te:0344:0275,11,Antinomien,Antinomien (,Bd01_A-B:0187:0254,"Antinomien, semantische",Bd01_A-B
Bd07_Re-Te:0344:0275,11,Antinomien,Antinomien (,Bd01_A-B:0188:0255,Antinomien der Mengenlehre,Bd01_A-B
Bd07_Re-Te:0344:0276,22,Anderen,"Anderen privilegierten Zugang zu seinen eigenen Zuständen, zugleich",Bd01_A-B:0156:0213,"Andere, das",Bd01_A-B
Bd07_Re-Te:0344:0276,22,Anderen,"Anderen privilegierten Zugang zu seinen eigenen Zuständen, zugleich",Bd01_A-B:0156:0214,"Andere, der",Bd01_A-B
Bd07_Re-Te:0354:0283,78,Wiener,Wiener Kreises stark beeinflußten Begründer des amerikanischen Str,Bd08_Th-Z:0518:0496,Wiener,Bd08_Th-Z
Bd07_Re-Te:0354:0283,78,Wiener,Wiener Kreises stark beeinflußten Begründer des amerikanischen Str,Bd08_Th-Z:0519:0497,Wiener,Bd08_Th-Z
Bd07_Re-Te:0354:0283,78,Wiener,Wiener Kreises stark beeinflußten Begründer des amerikanischen Str,Bd08_Th-Z:0520:0498,Wiener Kreis,Bd08_Th-Z
Bd07_Re-Te:0367:0289,5,Implikationen,Implikationen oder intuitionistische Logiken (,Bd03_G-Inn:0580:0424,Implikation,Bd03_G-Inn
Bd07_Re-Te:0367:0289,5,Implikationen,Implikationen oder intuitionistische Logiken (,Bd03_G-Inn:0581:0425,"Implikation, induktive",Bd03_G-Inn
Bd07_Re-Te:0367:0289,5,Implikationen,Implikationen oder intuitionistische Logiken (,Bd03_G-Inn:0582:0426,"Implikation, relevante",Bd03_G-Inn
Bd07_Re-Te:0367:0289,5,Implikationen,Implikationen oder intuitionistische Logiken (,Bd03_G-Inn:0582:0427,"Implikation, strenge",Bd03_G-Inn
Bd07_Re-Te:0367:0289,5,Implikationen,Implikationen oder intuitionistische Logiken (,Bd03_G-Inn:0582:0428,"Implikation, strikte",Bd03_G-Inn
Bd07_Re-Te:0367:0289,5,Implikationen,Implikationen oder intuitionistische Logiken (,Bd06_O-Ra:0160:0136,Implikation,Bd06_O-Ra
Bd07_Re-Te:0382:0302,13,Implikation,Implikation _A_ 1 ∧ … ∧ _Am_ � _B_ bzw,Bd03_G-Inn:0580:0424,Implikation,Bd03_G-Inn
Bd07_Re-Te:0382:0302,13,Implikation,Implikation _A_ 1 ∧ … ∧ _Am_ � _B_ bzw,Bd03_G-Inn:0581:0425,"Implikation, induktive",Bd03_G-Inn
Bd07_Re-Te:0382:0302,13,Implikation,Implikation _A_ 1 ∧ … ∧ _Am_ � _B_ bzw,Bd03_G-Inn:0582:0426,"Implikation, relevante",Bd03_G-Inn
Bd07_Re-Te:0382:0302,13,Implikation,Implikation _A_ 1 ∧ … ∧ _Am_ � _B_ bzw,Bd03_G-Inn:0582:0427,"Implikation, strenge",Bd03_G-Inn
Bd07_Re-Te:0382:0302,13,Implikation,Implikation _A_ 1 ∧ … ∧ _Am_ � _B_ bzw,Bd03_G-Inn:0582:0428,"Implikation, strikte",Bd03_G-Inn
Bd07_Re-Te:0382:0302,13,Implikation,Implikation _A_ 1 ∧ … ∧ _Am_ � _B_ bzw,Bd06_O-Ra:0160:0136,Implikation,Bd06_O-Ra
Bd07_Re-Te:0414:0341,9,ästhetisch/Ästhetik,ästhetisch/Ästhetik,Bd01_A-B:0277:0379,ästhetisch/Ästhetik,Bd01_A-B
Bd07_Re-Te:0414:0341,9,ästhetisch/Ästhetik,ästhetisch/Ästhetik,Bd01_A-B:0288:0380,ästhetisch/Ästhetik (endeetisch),Bd01_A-B
Bd07_Re-Te:0419:0348,12,Paradoxien,Paradoxien – und in der linguistischen Semantik (z,Bd06_O-Ra:0116:0091,"Paradoxien, kosmologische",Bd06_O-Ra
Bd07_Re-Te:0419:0348,12,Paradoxien,Paradoxien – und in der linguistischen Semantik (z,Bd06_O-Ra:0118:0092,"Paradoxien, zenonische",Bd06_O-Ra
Bd07_Re-Te:0419:0348,12,Paradoxien,Paradoxien – und in der linguistischen Semantik (z,Bd06_O-Ra:0121:0093,Paradoxien der Implikation,Bd06_O-Ra
Bd07_Re-Te:0419:0348,12,Paradoxien,Paradoxien – und in der linguistischen Semantik (z,Bd06_O-Ra:0121:0094,Paradoxien des Unendlichen,Bd06_O-Ra
Bd07_Re-Te:0436:0367,4,ästhetisch/Ästhetik,ästhetisch/Ästhetik,Bd01_A-B:0277:0379,ästhetisch/Ästhetik,Bd01_A-B
Bd07_Re-Te:0436:0367,4,ästhetisch/Ästhetik,ästhetisch/Ästhetik,Bd01_A-B:0288:0380,ästhetisch/Ästhetik (endeetisch),Bd01_A-B
Bd07_Re-Te:0478:0401,7,Makrokosmos,Makrokosmos ist (Abb,Bd05_Log-N:0206:0132,Makrokosmos,Bd05_Log-N
Bd07_Re-Te:0478:0401,7,Makrokosmos,Makrokosmos ist (Abb,Bd05_Log-N:0207:0133,Makrokosmos,Bd05_Log-N
Bd07_Re-Te:0481:0403,3,symmetrisch/,symmetrisch/ Symmetrie (geometrisch,Bd07_Re-Te:0630:0537,symmetrisch/Symmetrie (argumentationstheore tisch),Bd07_Re-Te
Bd07_Re-Te:0481:0403,3,symmetrisch/,symmetrisch/ Symmetrie (geometrisch,Bd07_Re-Te:0631:0538,symmetrisch/Symmetrie (geometrisch),Bd07_Re-Te
Bd07_Re-Te:0481:0403,3,symmetrisch/,symmetrisch/ Symmetrie (geometrisch,Bd07_Re-Te:0633:0539,symmetrisch/Symmetrie (logisch),Bd07_Re-Te
Bd07_Re-Te:0481:0403,3,symmetrisch/,symmetrisch/ Symmetrie (geometrisch,Bd07_Re-Te:0634:0540,symmetrisch/Symmetrie (naturphilosophisch),Bd07_Re-Te
Bd07_Re-Te:0485:0405,20,Implikation,Implikation geeignet,Bd03_G-Inn:0580:0424,Implikation,Bd03_G-Inn
Bd07_Re-Te:0485:0405,20,Implikation,Implikation geeignet,Bd03_G-Inn:0581:0425,"Implikation, induktive",Bd03_G-Inn
Bd07_Re-Te:0485:0405,20,Implikation,Implikation geeignet,Bd03_G-Inn:0582:0426,"Implikation, relevante",Bd03_G-Inn
Bd07_Re-Te:0485:0405,20,Implikation,Implikation geeignet,Bd03_G-Inn:0582:0427,"Implikation, strenge",Bd03_G-Inn
Bd07_Re-Te:0485:0405,20,Implikation,Implikation geeignet,Bd03_G-Inn:0582:0428,"Implikation, strikte",Bd03_G-Inn
Bd07_Re-Te:0485:0405,20,Implikation,Implikation geeignet,Bd06_O-Ra:0160:0136,Implikation,Bd06_O-Ra
Bd07_Re-Te:0503:0415,37,Implikation,Implikation,Bd03_G-Inn:0580:0424,Implikation,Bd03_G-Inn
Bd07_Re-Te:0503:0415,37,Implikation,Implikation,Bd03_G-Inn:0581:0425,"Implikation, induktive",Bd03_G-Inn
Bd07_Re-Te:0503:0415,37,Implikation,Implikation,Bd03_G-Inn:0582:0426,"Implikation, relevante",Bd03_G-Inn
Bd07_Re-Te:0503:0415,37,Implikation,Implikation,Bd03_G-Inn:0582:0427,"Implikation, strenge",Bd03_G-Inn
Bd07_Re-Te:0503:0415,37,Implikation,Implikation,Bd03_G-Inn:0582:0428,"Implikation, strikte",Bd03_G-Inn
Bd07_Re-Te:0503:0415,37,Implikation,Implikation,Bd06_O-Ra:0160:0136,Implikation,Bd06_O-Ra
Bd07_Re-Te:0532:0436,4,Kraft,"Kraft, werden dabei aus der S",Bd04_Ins-Loc:0399:0315,Kraft,Bd04_Ins-Loc
Bd07_Re-Te:0532:0436,4,Kraft,"Kraft, werden dabei aus der S",Bd04_Ins-Loc:0401:0316,Kraft,Bd04_Ins-Loc
Bd07_Re-Te:0545:0445,5,unendlich/Unendlichkeit,unendlich/Unendlichkeit,Bd08_Th-Z:0192:0155,unendlich/Unendlichkeit,Bd08_Th-Z
Bd07_Re-Te:0545:0445,5,unendlich/Unendlichkeit,unendlich/Unendlichkeit,Bd08_Th-Z:0198:0157,"Unendlichkeit, schlechte",Bd08_Th-Z
Bd07_Re-Te:0546:0447,2,Kraft,Kraft,Bd04_Ins-Loc:0399:0315,Kraft,Bd04_Ins-Loc
Bd07_Re-Te:0546:0447,2,Kraft,Kraft,Bd04_Ins-Loc:0401:0316,Kraft,Bd04_Ins-Loc
Bd07_Re-Te:0555:0454,23,Makrokosmos,"Makrokosmos verstanden, als einheitlicher, vom (materiell, als Feuer, v",Bd05_Log-N:0206:0132,Makrokosmos,Bd05_Log-N
Bd07_Re-Te:0555:0454,23,Makrokosmos,"Makrokosmos verstanden, als einheitlicher, vom (materiell, als Feuer, v",Bd05_Log-N:0207:0133,Makrokosmos,Bd05_Log-N
Bd07_Re-Te:0576:0468,1,Begriffe,Begriffe beziehen und _Begriffe 2,Bd01_A-B:0412:0515,"Begriffe, identische",Bd01_A-B
Bd07_Re-Te:0576:0468,1,Begriffe,Begriffe beziehen und _Begriffe 2,Bd01_A-B:0412:0516,"Begriffe, theoretische",Bd01_A-B
Bd07_Re-Te:0577:0470,48,Antinomien,Antinomien führen kann und zudem die gesamte S,Bd01_A-B:0186:0253,"Antinomien, logische",Bd01_A-B
Bd07_Re-Te:0577:0470,48,Antinomien,Antinomien führen kann und zudem die gesamte S,Bd01_A-B:0187:0254,"Antinomien, semantische",Bd01_A-B
Bd07_Re-Te:0577:0470,48,Antinomien,Antinomien führen kann und zudem die gesamte S,Bd01_A-B:0188:0255,Antinomien der Mengenlehre,Bd01_A-B
Bd07_Re-Te:0593:0483,4,Implikation,Implikation (Zeichen,Bd03_G-Inn:0580:0424,Implikation,Bd03_G-Inn
Bd07_Re-Te:0593:0483,4,Implikation,Implikation (Zeichen,Bd03_G-Inn:0581:0425,"Implikation, induktive",Bd03_G-Inn
Bd07_Re-Te:0593:0483,4,Implikation,Implikation (Zeichen,Bd03_G-Inn:0582:0426,"Implikation, relevante",Bd03_G-Inn
Bd07_Re-Te:0593:0483,4,Implikation,Implikation (Zeichen,Bd03_G-Inn:0582:0427,"Implikation, strenge",Bd03_G-Inn
Bd07_Re-Te:0593:0483,4,Implikation,Implikation (Zeichen,Bd03_G-Inn:0582:0428,"Implikation, strikte",Bd03_G-Inn
Bd07_Re-Te:0593:0483,4,Implikation,Implikation (Zeichen,Bd06_O-Ra:0160:0136,Implikation,Bd06_O-Ra
Bd07_Re-Te:0599:0492,11,Implikation,"Implikation _A_ , � _A_ ∨ _B_ � _B_ gilt",Bd03_G-Inn:0580:0424,Implikation,Bd03_G-Inn
Bd07_Re-Te:0599:0492,11,Implikation,"Implikation _A_ , � _A_ ∨ _B_ � _B_ gilt",Bd03_G-Inn:0581:0425,"Implikation, induktive",Bd03_G-Inn
Bd07_Re-Te:0599:0492,11,Implikation,"Implikation _A_ , � _A_ ∨ _B_ � _B_ gilt",Bd03_G-Inn:0582:0426,"Implikation, relevante",Bd03_G-Inn
Bd07_Re-Te:0599:0492,11,Implikation,"Implikation _A_ , � _A_ ∨ _B_ � _B_ gilt",Bd03_G-Inn:0582:0427,"Implikation, strenge",Bd03_G-Inn
Bd07_Re-Te:0599:0492,11,Implikation,"Implikation _A_ , � _A_ ∨ _B_ � _B_ gilt",Bd03_G-Inn:0582:0428,"Implikation, strikte",Bd03_G-Inn
Bd07_Re-Te:0599:0492,11,Implikation,"Implikation _A_ , � _A_ ∨ _B_ � _B_ gilt",Bd06_O-Ra:0160:0136,Implikation,Bd06_O-Ra
Bd07_Re-Te:0600:0493,5,Implikation,"Implikation _n_ ≡ _m_ , _A_ ( _n_",Bd03_G-Inn:0580:0424,Implikation,Bd03_G-Inn
Bd07_Re-Te:0600:0493,5,Implikation,"Implikation _n_ ≡ _m_ , _A_ ( _n_",Bd03_G-Inn:0581:0425,"Implikation, induktive",Bd03_G-Inn
Bd07_Re-Te:0600:0493,5,Implikation,"Implikation _n_ ≡ _m_ , _A_ ( _n_",Bd03_G-Inn:0582:0426,"Implikation, relevante",Bd03_G-Inn
Bd07_Re-Te:0600:0493,5,Implikation,"Implikation _n_ ≡ _m_ , _A_ ( _n_",Bd03_G-Inn:0582:0427,"Implikation, strenge",Bd03_G-Inn
Bd07_Re-Te:0600:0493,5,Implikation,"Implikation _n_ ≡ _m_ , _A_ ( _n_",Bd03_G-Inn:0582:0428,"Implikation, strikte",Bd03_G-Inn
Bd07_Re-Te:0600:0493,5,Implikation,"Implikation _n_ ≡ _m_ , _A_ ( _n_",Bd06_O-Ra:0160:0136,Implikation,Bd06_O-Ra
Bd07_Re-Te:0604:0502,3,ästhetisch/Ästhetik,ästhetisch/Ästhetik,Bd01_A-B:0277:0379,ästhetisch/Ästhetik,Bd01_A-B
Bd07_Re-Te:0604:0502,3,ästhetisch/Ästhetik,ästhetisch/Ästhetik,Bd01_A-B:0288:0380,ästhetisch/Ästhetik (endeetisch),Bd01_A-B
Bd07_Re-Te:0609:0512,25,Länge,"Länge im Auge, sondern vor allem auch die Messung von subjektiven",Bd04_Ins-Loc:0471:0374,Lange,Bd04_Ins-Loc
Bd07_Re-Te:0609:0512,25,Länge,"Länge im Auge, sondern vor allem auch die Messung von subjektiven",Bd04_Ins-Loc:0473:0375,Länge,Bd04_Ins-Loc
Bd07_Re-Te:0620:0524,5,Implikationen,Implikationen der,Bd03_G-Inn:0580:0424,Implikation,Bd03_G-Inn
Bd07_Re-Te:0620:0524,5,Implikationen,Implikationen der,Bd03_G-Inn:0581:0425,"Implikation, induktive",Bd03_G-Inn
Bd07_Re-Te:0620:0524,5,Implikationen,Implikationen der,Bd03_G-Inn:0582:0426,"Implikation, relevante",Bd03_G-Inn
Bd07_Re-Te:0620:0524,5,Implikationen,Implikationen der,Bd03_G-Inn:0582:0427,"Implikation, strenge",Bd03_G-Inn
Bd07_Re-Te:0620:0524,5,Implikationen,Implikationen der,Bd03_G-Inn:0582:0428,"Implikation, strikte",Bd03_G-Inn
Bd07_Re-Te:0620:0524,5,Implikationen,Implikationen der,Bd06_O-Ra:0160:0136,Implikation,Bd06_O-Ra
Bd07_Re-Te:0622:0531,21,Implikationen,Implikationen _SaP_ � _SiP_ bzw,Bd03_G-Inn:0580:0424,Implikation,Bd03_G-Inn
Bd07_Re-Te:0622:0531,21,Implikationen,Implikationen _SaP_ � _SiP_ bzw,Bd03_G-Inn:0581:0425,"Implikation, induktive",Bd03_G-Inn
Bd07_Re-Te:0622:0531,21,Implikationen,Implikationen _SaP_ � _SiP_ bzw,Bd03_G-Inn:0582:0426,"Implikation, relevante",Bd03_G-Inn
Bd07_Re-Te:0622:0531,21,Implikationen,Implikationen _SaP_ � _SiP_ bzw,Bd03_G-Inn:0582:0427,"Implikation, strenge",Bd03_G-Inn
Bd07_Re-Te:0622:0531,21,Implikationen,Implikationen _SaP_ � _SiP_ bzw,Bd03_G-Inn:0582:0428,"Implikation, strikte",Bd03_G-Inn
Bd07_Re-Te:0622:0531,21,Implikationen,Implikationen _SaP_ � _SiP_ bzw,Bd06_O-Ra:0160:0136,Implikation,Bd06_O-Ra
Bd07_Re-Te:0625:0532,1,ästhetisch/,ästhetisch/ Ästhetik,Bd01_A-B:0277:0379,ästhetisch/Ästhetik,Bd01_A-B
Bd07_Re-Te:0625:0532,1,ästhetisch/,ästhetisch/ Ästhetik,Bd01_A-B:0288:0380,ästhetisch/Ästhetik (endeetisch),Bd01_A-B
Bd07_Re-Te:0627:0535,40,Lehr-,Lehr- und Lernsituationen thematisiert K,Bd04_Ins-Loc:0516:0414,Lehr- und Lernbarkeit,Bd04_Ins-Loc
Bd07_Re-Te:0627:0535,40,Lehr-,Lehr- und Lernsituationen thematisiert K,Bd04_Ins-Loc:0518:0415,Lehr- und Lernsituation,Bd04_Ins-Loc
Bd07_Re-Te:0630:0536,10,symmetrisch/,symmetrisch/ Symmetrie (geometrisch,Bd07_Re-Te:0630:0537,symmetrisch/Symmetrie (argumentationstheore tisch),Bd07_Re-Te
Bd07_Re-Te:0630:0536,10,symmetrisch/,symmetrisch/ Symmetrie (geometrisch,Bd07_Re-Te:0631:0538,symmetrisch/Symmetrie (geometrisch),Bd07_Re-Te
Bd07_Re-Te:0630:0536,10,symmetrisch/,symmetrisch/ Symmetrie (geometrisch,Bd07_Re-Te:0633:0539,symmetrisch/Symmetrie (logisch),Bd07_Re-Te
Bd07_Re-Te:0630:0536,10,symmetrisch/,symmetrisch/ Symmetrie (geometrisch,Bd07_Re-Te:0634:0540,symmetrisch/Symmetrie (naturphilosophisch),Bd07_Re-Te
Bd07_Re-Te:0631:0538,8,symmetrisch/,symmetrisch/ Symmetrie (logisch,Bd07_Re-Te:0630:0537,symmetrisch/Symmetrie (argumentationstheore tisch),Bd07_Re-Te
Bd07_Re-Te:0631:0538,8,symmetrisch/,symmetrisch/ Symmetrie (logisch,Bd07_Re-Te:0631:0538,symmetrisch/Symmetrie (geometrisch),Bd07_Re-Te
Bd07_Re-Te:0631:0538,8,symmetrisch/,symmetrisch/ Symmetrie (logisch,Bd07_Re-Te:0633:0539,symmetrisch/Symmetrie (logisch),Bd07_Re-Te
Bd07_Re-Te:0631:0538,8,symmetrisch/,symmetrisch/ Symmetrie (logisch,Bd07_Re-Te:0634:0540,symmetrisch/Symmetrie (naturphilosophisch),Bd07_Re-Te
Bd07_Re-Te:0634:0540,1,Platonischen,Platonischen Körper wegen ihrer S,Bd06_O-Ra:0360:0243,Platonische Akademie (Academia Platonica),Bd06_O-Ra
Bd07_Re-Te:0634:0540,1,Platonischen,Platonischen Körper wegen ihrer S,Bd06_O-Ra:0361:0244,Platonische Körper,Bd06_O-Ra
Bd07_Re-Te:0637:0544,8,Markov,"Markov, 1856–1922",Bd05_Log-N:0237:0162,Markov,Bd05_Log-N
Bd07_Re-Te:0637:0544,8,Markov,"Markov, 1856–1922",Bd05_Log-N:0238:0163,Markov,Bd05_Log-N
Bd07_Re-Te:0645:0553,30,Wiener,Wiener Kreises – zu den Ausnahmen zählt M,Bd08_Th-Z:0518:0496,Wiener,Bd08_Th-Z
Bd07_Re-Te:0645:0553,30,Wiener,Wiener Kreises – zu den Ausnahmen zählt M,Bd08_Th-Z:0519:0497,Wiener,Bd08_Th-Z
Bd07_Re-Te:0645:0553,30,Wiener,Wiener Kreises – zu den Ausnahmen zählt M,Bd08_Th-Z:0520:0498,Wiener Kreis,Bd08_Th-Z
Bd07_Re-Te:0652:0560,6,komplex/Komplex,komplex/Komplex,Bd04_Ins-Loc:0297:0208,komplex/Komplex,Bd04_Ins-Loc
Bd07_Re-Te:0652:0560,6,komplex/Komplex,komplex/Komplex,Bd04_Ins-Loc:0297:0208,komplex/Komplex,Bd04_Ins-Loc
Bd07_Re-Te:0652:0560,13,Begriffe,Begriffe (,Bd01_A-B:0412:0515,"Begriffe, identische",Bd01_A-B
Bd07_Re-Te:0652:0560,13,Begriffe,Begriffe (,Bd01_A-B:0412:0516,"Begriffe, theoretische",Bd01_A-B
Bd07_Re-Te:0657:0565,17,komplex/Komplex,komplex/Komplex,Bd04_Ins-Loc:0297:0208,komplex/Komplex,Bd04_Ins-Loc
Bd07_Re-Te:0657:0565,17,komplex/Komplex,komplex/Komplex,Bd04_Ins-Loc:0297:0208,komplex/Komplex,Bd04_Ins-Loc
Bd07_Re-Te:0661:0566,15,Erlanger,Erlanger,Bd02_C-F:0407:0458,Erlanger Programm,Bd02_C-F
Bd07_Re-Te:0661:0566,15,Erlanger,Erlanger,Bd02_C-F:0408:0459,Erlanger Schule,Bd02_C-F
Bd07_Re-Te:0663:0567,5,Implikation,"Implikation _A_ 1 ∧ … ∧ _Am_ � _B_ 1 ∨ … ∨ _Bn_ , (logisch",Bd03_G-Inn:0580:0424,Implikation,Bd03_G-Inn
Bd07_Re-Te:0663:0567,5,Implikation,"Implikation _A_ 1 ∧ … ∧ _Am_ � _B_ 1 ∨ … ∨ _Bn_ , (logisch",Bd03_G-Inn:0581:0425,"Implikation, induktive",Bd03_G-Inn
Bd07_Re-Te:0663:0567,5,Implikation,"Implikation _A_ 1 ∧ … ∧ _Am_ � _B_ 1 ∨ … ∨ _Bn_ , (logisch",Bd03_G-Inn:0582:0426,"Implikation, relevante",Bd03_G-Inn
Bd07_Re-Te:0663:0567,5,Implikation,"Implikation _A_ 1 ∧ … ∧ _Am_ � _B_ 1 ∨ … ∨ _Bn_ , (logisch",Bd03_G-Inn:0582:0427,"Implikation, strenge",Bd03_G-Inn
Bd07_Re-Te:0663:0567,5,Implikation,"Implikation _A_ 1 ∧ … ∧ _Am_ � _B_ 1 ∨ … ∨ _Bn_ , (logisch",Bd03_G-Inn:0582:0428,"Implikation, strikte",Bd03_G-Inn
Bd07_Re-Te:0663:0567,5,Implikation,"Implikation _A_ 1 ∧ … ∧ _Am_ � _B_ 1 ∨ … ∨ _Bn_ , (logisch",Bd06_O-Ra:0160:0136,Implikation,Bd06_O-Ra
Bd07_Re-Te:0681:0591,8,Implikation,Implikation die Wahrheit von den Hypo thesen nur auf Grund der Zusammen,Bd03_G-Inn:0580:0424,Implikation,Bd03_G-Inn
Bd07_Re-Te:0681:0591,8,Implikation,Implikation die Wahrheit von den Hypo thesen nur auf Grund der Zusammen,Bd03_G-Inn:0581:0425,"Implikation, induktive",Bd03_G-Inn
Bd07_Re-Te:0681:0591,8,Implikation,Implikation die Wahrheit von den Hypo thesen nur auf Grund der Zusammen,Bd03_G-Inn:0582:0426,"Implikation, relevante",Bd03_G-Inn
Bd07_Re-Te:0681:0591,8,Implikation,Implikation die Wahrheit von den Hypo thesen nur auf Grund der Zusammen,Bd03_G-Inn:0582:0427,"Implikation, strenge",Bd03_G-Inn
Bd07_Re-Te:0681:0591,8,Implikation,Implikation die Wahrheit von den Hypo thesen nur auf Grund der Zusammen,Bd03_G-Inn:0582:0428,"Implikation, strikte",Bd03_G-Inn
Bd07_Re-Te:0681:0591,8,Implikation,Implikation die Wahrheit von den Hypo thesen nur auf Grund der Zusammen,Bd06_O-Ra:0160:0136,Implikation,Bd06_O-Ra
Bd07_Re-Te:0698:0606,4,Begriffe,Begriffe (,Bd01_A-B:0412:0515,"Begriffe, identische",Bd01_A-B
Bd07_Re-Te:0698:0606,4,Begriffe,Begriffe (,Bd01_A-B:0412:0516,"Begriffe, theoretische",Bd01_A-B
Bd07_Re-Te:0698:0606,109,komplex/Komplex,komplex/Komplex,Bd04_Ins-Loc:0297:0208,komplex/Komplex,Bd04_Ins-Loc
Bd07_Re-Te:0698:0606,109,komplex/Komplex,komplex/Komplex,Bd04_Ins-Loc:0297:0208,komplex/Komplex,Bd04_Ins-Loc
Bd07_Re-Te:0715:0618,1,ästhetisch/Ästhetik,ästhetisch/Ästhetik,Bd01_A-B:0277:0379,ästhetisch/Ästhetik,Bd01_A-B
Bd07_Re-Te:0715:0618,1,ästhetisch/Ästhetik,ästhetisch/Ästhetik,Bd01_A-B:0288:0380,ästhetisch/Ästhetik (endeetisch),Bd01_A-B
Bd08_Th-Z:0022:0001,4,unendlich/Unendlichkeit,unendlich/Unendlichkeit,Bd08_Th-Z:0192:0155,unendlich/Unendlichkeit,Bd08_Th-Z
Bd08_Th-Z:0022:0001,4,unendlich/Unendlichkeit,unendlich/Unendlichkeit,Bd08_Th-Z:0198:0157,"Unendlichkeit, schlechte",Bd08_Th-Z
Bd08_Th-Z:0024:0003,3,Platonischen,Platonischen Körper sowie deren Einbeschreibung in eine Kugel,Bd06_O-Ra:0360:0243,Platonische Akademie (Academia Platonica),Bd06_O-Ra
Bd08_Th-Z:0024:0003,3,Platonischen,Platonischen Körper sowie deren Einbeschreibung in eine Kugel,Bd06_O-Ra:0361:0244,Platonische Körper,Bd06_O-Ra
Bd08_Th-Z:0040:0019,7,symmetrisch/,symmetrisch/ Symmetrie (geometrisch,Bd07_Re-Te:0630:0537,symmetrisch/Symmetrie (argumentationstheore tisch),Bd07_Re-Te
Bd08_Th-Z:0040:0019,7,symmetrisch/,symmetrisch/ Symmetrie (geometrisch,Bd07_Re-Te:0631:0538,symmetrisch/Symmetrie (geometrisch),Bd07_Re-Te
Bd08_Th-Z:0040:0019,7,symmetrisch/,symmetrisch/ Symmetrie (geometrisch,Bd07_Re-Te:0633:0539,symmetrisch/Symmetrie (logisch),Bd07_Re-Te
Bd08_Th-Z:0040:0019,7,symmetrisch/,symmetrisch/ Symmetrie (geometrisch,Bd07_Re-Te:0634:0540,symmetrisch/Symmetrie (naturphilosophisch),Bd07_Re-Te
Bd08_Th-Z:0041:0020,35,analytische,analytische versus,Bd01_A-B:0149:0202,analytische Philosophie,Bd01_A-B
Bd08_Th-Z:0041:0020,35,analytische,analytische versus,Bd01_A-B:0149:0203,analytische Wissenschaftstheorie,Bd01_A-B
Bd08_Th-Z:0064:0030,3,Begriffe,Begriffe festgelegt werden,Bd01_A-B:0412:0515,"Begriffe, identische",Bd01_A-B
Bd08_Th-Z:0064:0030,3,Begriffe,Begriffe festgelegt werden,Bd01_A-B:0412:0516,"Begriffe, theoretische",Bd01_A-B
Bd08_Th-Z:0064:0030,5,Wiener,Wiener Kreises entwickelt wird,Bd08_Th-Z:0518:0496,Wiener,Bd08_Th-Z
Bd08_Th-Z:0064:0030,5,Wiener,Wiener Kreises entwickelt wird,Bd08_Th-Z:0519:0497,Wiener,Bd08_Th-Z
Bd08_Th-Z:0064:0030,5,Wiener,Wiener Kreises entwickelt wird,Bd08_Th-Z:0520:0498,Wiener Kreis,Bd08_Th-Z
Bd08_Th-Z:0076:0034,2,Implikation,"Implikation _A_ 1, …, _An_ � _A_ mit den Hypothesen _A_ 1, …, _An_ als",Bd03_G-Inn:0580:0424,Implikation,Bd03_G-Inn
Bd08_Th-Z:0076:0034,2,Implikation,"Implikation _A_ 1, …, _An_ � _A_ mit den Hypothesen _A_ 1, …, _An_ als",Bd03_G-Inn:0581:0425,"Implikation, induktive",Bd03_G-Inn
Bd08_Th-Z:0076:0034,2,Implikation,"Implikation _A_ 1, …, _An_ � _A_ mit den Hypothesen _A_ 1, …, _An_ als",Bd03_G-Inn:0582:0426,"Implikation, relevante",Bd03_G-Inn
Bd08_Th-Z:0076:0034,2,Implikation,"Implikation _A_ 1, …, _An_ � _A_ mit den Hypothesen _A_ 1, …, _An_ als",Bd03_G-Inn:0582:0427,"Implikation, strenge",Bd03_G-Inn
Bd08_Th-Z:0076:0034,2,Implikation,"Implikation _A_ 1, …, _An_ � _A_ mit den Hypothesen _A_ 1, …, _An_ als",Bd03_G-Inn:0582:0428,"Implikation, strikte",Bd03_G-Inn
Bd08_Th-Z:0076:0034,2,Implikation,"Implikation _A_ 1, …, _An_ � _A_ mit den Hypothesen _A_ 1, …, _An_ als",Bd06_O-Ra:0160:0136,Implikation,Bd06_O-Ra
Bd08_Th-Z:0076:0035,2,Antinomien,Antinomien werden T,Bd01_A-B:0186:0253,"Antinomien, logische",Bd01_A-B
Bd08_Th-Z:0076:0035,2,Antinomien,Antinomien werden T,Bd01_A-B:0187:0254,"Antinomien, semantische",Bd01_A-B
Bd08_Th-Z:0076:0035,2,Antinomien,Antinomien werden T,Bd01_A-B:0188:0255,Antinomien der Mengenlehre,Bd01_A-B
Bd08_Th-Z:0080:0039,0,More,"More, Thomas",Bd05_Log-N:0482:0380,More,Bd05_Log-N
Bd08_Th-Z:0080:0039,0,More,"More, Thomas",Bd05_Log-N:0485:0381,More,Bd05_Log-N
Bd08_Th-Z:0080:0039,0,More,"More, Thomas",Bd05_Log-N:0488:0382,more geometrico,Bd05_Log-N
Bd08_Th-Z:0080:0040,9,Begriffe,"Begriffe gebildet werden, ohne daß diesen selbst Existenz zugesproch",Bd01_A-B:0412:0515,"Begriffe, identische",Bd01_A-B
Bd08_Th-Z:0080:0040,9,Begriffe,"Begriffe gebildet werden, ohne daß diesen selbst Existenz zugesproch",Bd01_A-B:0412:0516,"Begriffe, theoretische",Bd01_A-B
Bd08_Th-Z:0120:0064,11,Anderen,"Anderen, der das ganz Andere außerhalb jeglicher T",Bd01_A-B:0156:0213,"Andere, das",Bd01_A-B
Bd08_Th-Z:0120:0064,11,Anderen,"Anderen, der das ganz Andere außerhalb jeglicher T",Bd01_A-B:0156:0214,"Andere, der",Bd01_A-B
Bd08_Th-Z:0120:0066,22,komplex/,komplex/ Komplex,Bd04_Ins-Loc:0297:0208,komplex/Komplex,Bd04_Ins-Loc
Bd08_Th-Z:0120:0066,22,komplex/,komplex/ Komplex,Bd04_Ins-Loc:0297:0208,komplex/Komplex,Bd04_Ins-Loc
Bd08_Th-Z:0124:0069,10,Kraft,Kraft bei der Charakterisierung der T,Bd04_Ins-Loc:0399:0315,Kraft,Bd04_Ins-Loc
Bd08_Th-Z:0124:0069,10,Kraft,Kraft bei der Charakterisierung der T,Bd04_Ins-Loc:0401:0316,Kraft,Bd04_Ins-Loc
Bd08_Th-Z:0126:0071,2,unendlich/Unendlichkeit,unendlich/Unendlichkeit (1,Bd08_Th-Z:0192:0155,unendlich/Unendlichkeit,Bd08_Th-Z
Bd08_Th-Z:0126:0071,2,unendlich/Unendlichkeit,unendlich/Unendlichkeit (1,Bd08_Th-Z:0198:0157,"Unendlichkeit, schlechte",Bd08_Th-Z
Bd08_Th-Z:0130:0078,3,Implikation,Implikation nach beidseitiger An-,Bd03_G-Inn:0580:0424,Implikation,Bd03_G-Inn
Bd08_Th-Z:0130:0078,3,Implikation,Implikation nach beidseitiger An-,Bd03_G-Inn:0581:0425,"Implikation, induktive",Bd03_G-Inn
Bd08_Th-Z:0130:0078,3,Implikation,Implikation nach beidseitiger An-,Bd03_G-Inn:0582:0426,"Implikation, relevante",Bd03_G-Inn
Bd08_Th-Z:0130:0078,3,Implikation,Implikation nach beidseitiger An-,Bd03_G-Inn:0582:0427,"Implikation, strenge",Bd03_G-Inn
Bd08_Th-Z:0130:0078,3,Implikation,Implikation nach beidseitiger An-,Bd03_G-Inn:0582:0428,"Implikation, strikte",Bd03_G-Inn
Bd08_Th-Z:0130:0078,3,Implikation,Implikation nach beidseitiger An-,Bd06_O-Ra:0160:0136,Implikation,Bd06_O-Ra
Bd08_Th-Z:0160:0109,13,Antinomien,Antinomien (,Bd01_A-B:0186:0253,"Antinomien, logische",Bd01_A-B
Bd08_Th-Z:0160:0109,13,Antinomien,Antinomien (,Bd01_A-B:0187:0254,"Antinomien, semantische",Bd01_A-B
Bd08_Th-Z:0160:0109,13,Antinomien,Antinomien (,Bd01_A-B:0188:0255,Antinomien der Mengenlehre,Bd01_A-B
Bd08_Th-Z:0161:0110,7,Antinomien,Antinomien (,Bd01_A-B:0186:0253,"Antinomien, logische",Bd01_A-B
Bd08_Th-Z:0161:0110,7,Antinomien,Antinomien (,Bd01_A-B:0187:0254,"Antinomien, semantische",Bd01_A-B
Bd08_Th-Z:0161:0110,7,Antinomien,Antinomien (,Bd01_A-B:0188:0255,Antinomien der Mengenlehre,Bd01_A-B
Bd08_Th-Z:0171:0120,0,Wiener,Wiener Kreises und des Logischen Empirismus (,Bd08_Th-Z:0518:0496,Wiener,Bd08_Th-Z
Bd08_Th-Z:0171:0120,0,Wiener,Wiener Kreises und des Logischen Empirismus (,Bd08_Th-Z:0519:0497,Wiener,Bd08_Th-Z
Bd08_Th-Z:0171:0120,0,Wiener,Wiener Kreises und des Logischen Empirismus (,Bd08_Th-Z:0520:0498,Wiener Kreis,Bd08_Th-Z
Bd08_Th-Z:0181:0131,19,Implikation,Implikation,Bd03_G-Inn:0580:0424,Implikation,Bd03_G-Inn
Bd08_Th-Z:0181:0131,19,Implikation,Implikation,Bd03_G-Inn:0581:0425,"Implikation, induktive",Bd03_G-Inn
Bd08_Th-Z:0181:0131,19,Implikation,Implikation,Bd03_G-Inn:0582:0426,"Implikation, relevante",Bd03_G-Inn
Bd08_Th-Z:0181:0131,19,Implikation,Implikation,Bd03_G-Inn:0582:0427,"Implikation, strenge",Bd03_G-Inn
Bd08_Th-Z:0181:0131,19,Implikation,Implikation,Bd03_G-Inn:0582:0428,"Implikation, strikte",Bd03_G-Inn
Bd08_Th-Z:0181:0131,19,Implikation,Implikation,Bd06_O-Ra:0160:0136,Implikation,Bd06_O-Ra
Bd08_Th-Z:0195:0156,2,unendlich/Unendlichkeit,unendlich/Unendlichkeit,Bd08_Th-Z:0192:0155,unendlich/Unendlichkeit,Bd08_Th-Z
Bd08_Th-Z:0195:0156,2,unendlich/Unendlichkeit,unendlich/Unendlichkeit,Bd08_Th-Z:0198:0157,"Unendlichkeit, schlechte",Bd08_Th-Z
Bd08_Th-Z:0195:0156,4,Paradoxien,Paradoxien des Unend lichen,Bd06_O-Ra:0116:0091,"Paradoxien, kosmologische",Bd06_O-Ra
Bd08_Th-Z:0195:0156,4,Paradoxien,Paradoxien des Unend lichen,Bd06_O-Ra:0118:0092,"Paradoxien, zenonische",Bd06_O-Ra
Bd08_Th-Z:0195:0156,4,Paradoxien,Paradoxien des Unend lichen,Bd06_O-Ra:0121:0093,Paradoxien der Implikation,Bd06_O-Ra
Bd08_Th-Z:0195:0156,4,Paradoxien,Paradoxien des Unend lichen,Bd06_O-Ra:0121:0094,Paradoxien des Unendlichen,Bd06_O-Ra
Bd08_Th-Z:0198:0157,1,Anderes,"Anderes, das Unbeschränkte",Bd01_A-B:0156:0213,"Andere, das",Bd01_A-B
Bd08_Th-Z:0198:0157,1,Anderes,"Anderes, das Unbeschränkte",Bd01_A-B:0156:0214,"Andere, der",Bd01_A-B
Bd08_Th-Z:0198:0157,2,unendlich/Unendlichkeit,unendlich/Unendlichkeit,Bd08_Th-Z:0192:0155,unendlich/Unendlichkeit,Bd08_Th-Z
Bd08_Th-Z:0198:0157,2,unendlich/Unendlichkeit,unendlich/Unendlichkeit,Bd08_Th-Z:0198:0157,"Unendlichkeit, schlechte",Bd08_Th-Z
Bd08_Th-Z:0198:0158,11,unendlich/Unendlichkeit,unendlich/Unendlichkeit,Bd08_Th-Z:0192:0155,unendlich/Unendlichkeit,Bd08_Th-Z
Bd08_Th-Z:0198:0158,11,unendlich/Unendlichkeit,unendlich/Unendlichkeit,Bd08_Th-Z:0198:0157,"Unendlichkeit, schlechte",Bd08_Th-Z
Bd08_Th-Z:0199:0159,1,unendlich/Unendlichkeit,unendlich/Unendlichkeit,Bd08_Th-Z:0192:0155,unendlich/Unendlichkeit,Bd08_Th-Z
Bd08_Th-Z:0199:0159,1,unendlich/Unendlichkeit,unendlich/Unendlichkeit,Bd08_Th-Z:0198:0157,"Unendlichkeit, schlechte",Bd08_Th-Z
Bd08_Th-Z:0211:0170,28,Begriffe,"Begriffe, dann ist die Frage gestellt, ob – und wenn ja",Bd01_A-B:0412:0515,"Begriffe, identische",Bd01_A-B
Bd08_Th-Z:0211:0170,28,Begriffe,"Begriffe, dann ist die Frage gestellt, ob – und wenn ja",Bd01_A-B:0412:0516,"Begriffe, theoretische",Bd01_A-B
Bd08_Th-Z:0217:0172,14,unendlich/Unendlichkeit,unendlich/Unendlichkeit,Bd08_Th-Z:0192:0155,unendlich/Unendlichkeit,Bd08_Th-Z
Bd08_Th-Z:0217:0172,14,unendlich/Unendlichkeit,unendlich/Unendlichkeit,Bd08_Th-Z:0198:0157,"Unendlichkeit, schlechte",Bd08_Th-Z
Bd08_Th-Z:0217:0172,32,Antinomien,Antinomien sich manifestierende Scheitern des logizistischen Grundlage,Bd01_A-B:0186:0253,"Antinomien, logische",Bd01_A-B
Bd08_Th-Z:0217:0172,32,Antinomien,Antinomien sich manifestierende Scheitern des logizistischen Grundlage,Bd01_A-B:0187:0254,"Antinomien, semantische",Bd01_A-B
Bd08_Th-Z:0217:0172,32,Antinomien,Antinomien sich manifestierende Scheitern des logizistischen Grundlage,Bd01_A-B:0188:0255,Antinomien der Mengenlehre,Bd01_A-B
Bd08_Th-Z:0249:0213,34,Begriffe,Begriffe oder,Bd01_A-B:0412:0515,"Begriffe, identische",Bd01_A-B
Bd08_Th-Z:0249:0213,34,Begriffe,Begriffe oder,Bd01_A-B:0412:0516,"Begriffe, theoretische",Bd01_A-B
Bd08_Th-Z:0253:0218,0,ästhetisch/Ästhetik,ästhetisch/Ästhetik,Bd01_A-B:0277:0379,ästhetisch/Ästhetik,Bd01_A-B
Bd08_Th-Z:0253:0218,0,ästhetisch/Ästhetik,ästhetisch/Ästhetik,Bd01_A-B:0288:0380,ästhetisch/Ästhetik (endeetisch),Bd01_A-B
Bd08_Th-Z:0253:0218,17,Schiller,"Schiller, Friedrich",Bd07_Re-Te:0269:0220,Schiller,Bd07_Re-Te
Bd08_Th-Z:0253:0218,17,Schiller,"Schiller, Friedrich",Bd07_Re-Te:0270:0221,Schiller,Bd07_Re-Te
Bd08_Th-Z:0255:0220,10,Implikation,Implikation (Folgerung,Bd03_G-Inn:0580:0424,Implikation,Bd03_G-Inn
Bd08_Th-Z:0255:0220,10,Implikation,Implikation (Folgerung,Bd03_G-Inn:0581:0425,"Implikation, induktive",Bd03_G-Inn
Bd08_Th-Z:0255:0220,10,Implikation,Implikation (Folgerung,Bd03_G-Inn:0582:0426,"Implikation, relevante",Bd03_G-Inn
Bd08_Th-Z:0255:0220,10,Implikation,Implikation (Folgerung,Bd03_G-Inn:0582:0427,"Implikation, strenge",Bd03_G-Inn
Bd08_Th-Z:0255:0220,10,Implikation,Implikation (Folgerung,Bd03_G-Inn:0582:0428,"Implikation, strikte",Bd03_G-Inn
Bd08_Th-Z:0255:0220,10,Implikation,Implikation (Folgerung,Bd06_O-Ra:0160:0136,Implikation,Bd06_O-Ra
Bd08_Th-Z:0258:0234,10,ästhetisch/Ästhetik,ästhetisch/Ästhetik,Bd01_A-B:0277:0379,ästhetisch/Ästhetik,Bd01_A-B
Bd08_Th-Z:0258:0234,10,ästhetisch/Ästhetik,ästhetisch/Ästhetik,Bd01_A-B:0288:0380,ästhetisch/Ästhetik (endeetisch),Bd01_A-B
Bd08_Th-Z:0278:0252,23,Implikation,Implikation,Bd03_G-Inn:0580:0424,Implikation,Bd03_G-Inn
Bd08_Th-Z:0278:0252,23,Implikation,Implikation,Bd03_G-Inn:0581:0425,"Implikation, induktive",Bd03_G-Inn
Bd08_Th-Z:0278:0252,23,Implikation,Implikation,Bd03_G-Inn:0582:0426,"Implikation, relevante",Bd03_G-Inn
Bd08_Th-Z:0278:0252,23,Implikation,Implikation,Bd03_G-Inn:0582:0427,"Implikation, strenge",Bd03_G-Inn
Bd08_Th-Z:0278:0252,23,Implikation,Implikation,Bd03_G-Inn:0582:0428,"Implikation, strikte",Bd03_G-Inn
Bd08_Th-Z:0278:0252,23,Implikation,Implikation,Bd06_O-Ra:0160:0136,Implikation,Bd06_O-Ra
Bd08_Th-Z:0299:0265,11,Kräften,"Kräften _f_ 1, _f_ 2 bzw",Bd04_Ins-Loc:0399:0315,Kraft,Bd04_Ins-Loc
Bd08_Th-Z:0299:0265,11,Kräften,"Kräften _f_ 1, _f_ 2 bzw",Bd04_Ins-Loc:0401:0316,Kraft,Bd04_Ins-Loc
Bd08_Th-Z:0301:0267,10,Booleschen,Booleschen Algebra aus,Bd01_A-B:0529:0663,Boolesche Algebra,Bd01_A-B
Bd08_Th-Z:0301:0267,10,Booleschen,Booleschen Algebra aus,Bd01_A-B:0529:0664,Boolesche Summe,Bd01_A-B
Bd08_Th-Z:0308:0275,2,Booleschen,Booleschen Algebra,Bd01_A-B:0529:0663,Boolesche Algebra,Bd01_A-B
Bd08_Th-Z:0308:0275,2,Booleschen,Booleschen Algebra,Bd01_A-B:0529:0664,Boolesche Summe,Bd01_A-B
Bd08_Th-Z:0309:0279,3,Implikation,Implikation oder,Bd03_G-Inn:0580:0424,Implikation,Bd03_G-Inn
Bd08_Th-Z:0309:0279,3,Implikation,Implikation oder,Bd03_G-Inn:0581:0425,"Implikation, induktive",Bd03_G-Inn
Bd08_Th-Z:0309:0279,3,Implikation,Implikation oder,Bd03_G-Inn:0582:0426,"Implikation, relevante",Bd03_G-Inn
Bd08_Th-Z:0309:0279,3,Implikation,Implikation oder,Bd03_G-Inn:0582:0427,"Implikation, strenge",Bd03_G-Inn
Bd08_Th-Z:0309:0279,3,Implikation,Implikation oder,Bd03_G-Inn:0582:0428,"Implikation, strikte",Bd03_G-Inn
Bd08_Th-Z:0309:0279,3,Implikation,Implikation oder,Bd06_O-Ra:0160:0136,Implikation,Bd06_O-Ra
Bd08_Th-Z:0315:0288,0,Wiener,Wiener Kreises und des Logischen Empirismus (,Bd08_Th-Z:0518:0496,Wiener,Bd08_Th-Z
Bd08_Th-Z:0315:0288,0,Wiener,Wiener Kreises und des Logischen Empirismus (,Bd08_Th-Z:0519:0497,Wiener,Bd08_Th-Z
Bd08_Th-Z:0315:0288,0,Wiener,Wiener Kreises und des Logischen Empirismus (,Bd08_Th-Z:0520:0498,Wiener Kreis,Bd08_Th-Z
Bd08_Th-Z:0318:0290,1,Wiener,Wiener Kreises und des Logischen Empirismus (,Bd08_Th-Z:0518:0496,Wiener,Bd08_Th-Z
Bd08_Th-Z:0318:0290,1,Wiener,Wiener Kreises und des Logischen Empirismus (,Bd08_Th-Z:0519:0497,Wiener,Bd08_Th-Z
Bd08_Th-Z:0318:0290,1,Wiener,Wiener Kreises und des Logischen Empirismus (,Bd08_Th-Z:0520:0498,Wiener Kreis,Bd08_Th-Z
Bd08_Th-Z:0323:0295,15,ästhetisch/Ästhetik,ästhetisch/Ästhetik,Bd01_A-B:0277:0379,ästhetisch/Ästhetik,Bd01_A-B
Bd08_Th-Z:0323:0295,15,ästhetisch/Ästhetik,ästhetisch/Ästhetik,Bd01_A-B:0288:0380,ästhetisch/Ästhetik (endeetisch),Bd01_A-B
Bd08_Th-Z:0329:0300,16,Antinomien,Antinomien der t,Bd01_A-B:0186:0253,"Antinomien, logische",Bd01_A-B
Bd08_Th-Z:0329:0300,16,Antinomien,Antinomien der t,Bd01_A-B:0187:0254,"Antinomien, semantische",Bd01_A-B
Bd08_Th-Z:0329:0300,16,Antinomien,Antinomien der t,Bd01_A-B:0188:0255,Antinomien der Mengenlehre,Bd01_A-B
Bd08_Th-Z:0333:0310,13,unendlich/Unendlichkeit,unendlich/Unendlichkeit,Bd08_Th-Z:0192:0155,unendlich/Unendlichkeit,Bd08_Th-Z
Bd08_Th-Z:0333:0310,13,unendlich/Unendlichkeit,unendlich/Unendlichkeit,Bd08_Th-Z:0198:0157,"Unendlichkeit, schlechte",Bd08_Th-Z
Bd08_Th-Z:0333:0310,14,Antinomien,"Antinomien des Reflexionswissens zum System darstellt, als V",Bd01_A-B:0186:0253,"Antinomien, logische",Bd01_A-B
Bd08_Th-Z:0333:0310,14,Antinomien,"Antinomien des Reflexionswissens zum System darstellt, als V",Bd01_A-B:0187:0254,"Antinomien, semantische",Bd01_A-B
Bd08_Th-Z:0333:0310,14,Antinomien,"Antinomien des Reflexionswissens zum System darstellt, als V",Bd01_A-B:0188:0255,Antinomien der Mengenlehre,Bd01_A-B
Bd08_Th-Z:0333:0311,18,Begriffe,Begriffe,Bd01_A-B:0412:0515,"Begriffe, identische",Bd01_A-B
Bd08_Th-Z:0333:0311,18,Begriffe,Begriffe,Bd01_A-B:0412:0516,"Begriffe, theoretische",Bd01_A-B
Bd08_Th-Z:0356:0336,1,ästhetisch/Ästhetik,ästhetisch/Ästhetik,Bd01_A-B:0277:0379,ästhetisch/Ästhetik,Bd01_A-B
Bd08_Th-Z:0356:0336,1,ästhetisch/Ästhetik,ästhetisch/Ästhetik,Bd01_A-B:0288:0380,ästhetisch/Ästhetik (endeetisch),Bd01_A-B
Bd08_Th-Z:0357:0338,7,ästhetisch/Ästhetik,ästhetisch/Ästhetik,Bd01_A-B:0277:0379,ästhetisch/Ästhetik,Bd01_A-B
Bd08_Th-Z:0357:0338,7,ästhetisch/Ästhetik,ästhetisch/Ästhetik,Bd01_A-B:0288:0380,ästhetisch/Ästhetik (endeetisch),Bd01_A-B
Bd08_Th-Z:0358:0340,3,Kraft,"Kraft,",Bd04_Ins-Loc:0399:0315,Kraft,Bd04_Ins-Loc
Bd08_Th-Z:0358:0340,3,Kraft,"Kraft,",Bd04_Ins-Loc:0401:0316,Kraft,Bd04_Ins-Loc
Bd08_Th-Z:0379:0371,25,Makrokosmos,Makrokosmos bewegende Prinzip,Bd05_Log-N:0206:0132,Makrokosmos,Bd05_Log-N
Bd08_Th-Z:0379:0371,25,Makrokosmos,Makrokosmos bewegende Prinzip,Bd05_Log-N:0207:0133,Makrokosmos,Bd05_Log-N
Bd08_Th-Z:0385:0377,12,ästhetisch/Ästhetik,ästhetisch/Ästhetik,Bd01_A-B:0277:0379,ästhetisch/Ästhetik,Bd01_A-B
Bd08_Th-Z:0385:0377,12,ästhetisch/Ästhetik,ästhetisch/Ästhetik,Bd01_A-B:0288:0380,ästhetisch/Ästhetik (endeetisch),Bd01_A-B
Bd08_Th-Z:0386:0379,1,Implikation,"Implikation, die dabei grundsätzlich als eine",Bd03_G-Inn:0580:0424,Implikation,Bd03_G-Inn
Bd08_Th-Z:0386:0379,1,Implikation,"Implikation, die dabei grundsätzlich als eine",Bd03_G-Inn:0581:0425,"Implikation, induktive",Bd03_G-Inn
Bd08_Th-Z:0386:0379,1,Implikation,"Implikation, die dabei grundsätzlich als eine",Bd03_G-Inn:0582:0426,"Implikation, relevante",Bd03_G-Inn
Bd08_Th-Z:0386:0379,1,Implikation,"Implikation, die dabei grundsätzlich als eine",Bd03_G-Inn:0582:0427,"Implikation, strenge",Bd03_G-Inn
Bd08_Th-Z:0386:0379,1,Implikation,"Implikation, die dabei grundsätzlich als eine",Bd03_G-Inn:0582:0428,"Implikation, strikte",Bd03_G-Inn
Bd08_Th-Z:0386:0379,1,Implikation,"Implikation, die dabei grundsätzlich als eine",Bd06_O-Ra:0160:0136,Implikation,Bd06_O-Ra
Bd08_Th-Z:0386:0379,13,Implikation,Implikation _A_ � _B_ eine Instanz der allgemeinen v,Bd03_G-Inn:0580:0424,Implikation,Bd03_G-Inn
Bd08_Th-Z:0386:0379,13,Implikation,Implikation _A_ � _B_ eine Instanz der allgemeinen v,Bd03_G-Inn:0581:0425,"Implikation, induktive",Bd03_G-Inn
Bd08_Th-Z:0386:0379,13,Implikation,Implikation _A_ � _B_ eine Instanz der allgemeinen v,Bd03_G-Inn:0582:0426,"Implikation, relevante",Bd03_G-Inn
Bd08_Th-Z:0386:0379,13,Implikation,Implikation _A_ � _B_ eine Instanz der allgemeinen v,Bd03_G-Inn:0582:0427,"Implikation, strenge",Bd03_G-Inn
Bd08_Th-Z:0386:0379,13,Implikation,Implikation _A_ � _B_ eine Instanz der allgemeinen v,Bd03_G-Inn:0582:0428,"Implikation, strikte",Bd03_G-Inn
Bd08_Th-Z:0386:0379,13,Implikation,Implikation _A_ � _B_ eine Instanz der allgemeinen v,Bd06_O-Ra:0160:0136,Implikation,Bd06_O-Ra
Bd08_Th-Z:0392:0384,1,unendlich/Unendlichkeit,unendlich/Unendlichkeit,Bd08_Th-Z:0192:0155,unendlich/Unendlichkeit,Bd08_Th-Z
Bd08_Th-Z:0392:0384,1,unendlich/Unendlichkeit,unendlich/Unendlichkeit,Bd08_Th-Z:0198:0157,"Unendlichkeit, schlechte",Bd08_Th-Z
Bd08_Th-Z:0395:0387,47,komplex/Komplex,komplex/Komplex,Bd04_Ins-Loc:0297:0208,komplex/Komplex,Bd04_Ins-Loc
Bd08_Th-Z:0395:0387,47,komplex/Komplex,komplex/Komplex,Bd04_Ins-Loc:0297:0208,komplex/Komplex,Bd04_Ins-Loc
Bd08_Th-Z:0395:0387,72,analytische,analytische Zusammenhänge bezüglich begrifflicher Analysen (Vernunftwah,Bd01_A-B:0149:0202,analytische Philosophie,Bd01_A-B
Bd08_Th-Z:0395:0387,72,analytische,analytische Zusammenhänge bezüglich begrifflicher Analysen (Vernunftwah,Bd01_A-B:0149:0203,analytische Wissenschaftstheorie,Bd01_A-B
Bd08_Th-Z:0407:0396,19,Implikation,Implikation,Bd03_G-Inn:0580:0424,Implikation,Bd03_G-Inn
Bd08_Th-Z:0407:0396,19,Implikation,Implikation,Bd03_G-Inn:0581:0425,"Implikation, induktive",Bd03_G-Inn
Bd08_Th-Z:0407:0396,19,Implikation,Implikation,Bd03_G-Inn:0582:0426,"Implikation, relevante",Bd03_G-Inn
Bd08_Th-Z:0407:0396,19,Implikation,Implikation,Bd03_G-Inn:0582:0427,"Implikation, strenge",Bd03_G-Inn
Bd08_Th-Z:0407:0396,19,Implikation,Implikation,Bd03_G-Inn:0582:0428,"Implikation, strikte",Bd03_G-Inn
Bd08_Th-Z:0407:0396,19,Implikation,Implikation,Bd06_O-Ra:0160:0136,Implikation,Bd06_O-Ra
Bd08_Th-Z:0408:0399,25,Begriffe,Begriffe bzw,Bd01_A-B:0412:0515,"Begriffe, identische",Bd01_A-B
Bd08_Th-Z:0408:0399,25,Begriffe,Begriffe bzw,Bd01_A-B:0412:0516,"Begriffe, theoretische",Bd01_A-B
Bd08_Th-Z:0408:0399,53,Antinomien,Antinomien (,Bd01_A-B:0186:0253,"Antinomien, logische",Bd01_A-B
Bd08_Th-Z:0408:0399,53,Antinomien,Antinomien (,Bd01_A-B:0187:0254,"Antinomien, semantische",Bd01_A-B
Bd08_Th-Z:0408:0399,53,Antinomien,Antinomien (,Bd01_A-B:0188:0255,Antinomien der Mengenlehre,Bd01_A-B
Bd08_Th-Z:0418:0403,3,Gesetzes,"Gesetzes der großen Zahlen enthält, bis zu P",Bd03_G-Inn:0138:0098,Gesetz (exakte Wissenschaften),Bd03_G-Inn
Bd08_Th-Z:0418:0403,3,Gesetzes,"Gesetzes der großen Zahlen enthält, bis zu P",Bd03_G-Inn:0141:0099,Gesetz (historisch und sozialwissenschaftlich),Bd03_G-Inn
Bd08_Th-Z:0418:0403,3,Gesetzes,"Gesetzes der großen Zahlen enthält, bis zu P",Bd03_G-Inn:0142:0100,Gesetz (juristisch),Bd03_G-Inn
Bd08_Th-Z:0418:0403,3,Gesetzes,"Gesetzes der großen Zahlen enthält, bis zu P",Bd03_G-Inn:0142:0101,Gesetz der großen Zahlen,Bd03_G-Inn
Bd08_Th-Z:0425:0404,0,Implikation,Implikation oder einen,Bd03_G-Inn:0580:0424,Implikation,Bd03_G-Inn
Bd08_Th-Z:0425:0404,0,Implikation,Implikation oder einen,Bd03_G-Inn:0581:0425,"Implikation, induktive",Bd03_G-Inn
Bd08_Th-Z:0425:0404,0,Implikation,Implikation oder einen,Bd03_G-Inn:0582:0426,"Implikation, relevante",Bd03_G-Inn
Bd08_Th-Z:0425:0404,0,Implikation,Implikation oder einen,Bd03_G-Inn:0582:0427,"Implikation, strenge",Bd03_G-Inn
Bd08_Th-Z:0425:0404,0,Implikation,Implikation oder einen,Bd03_G-Inn:0582:0428,"Implikation, strikte",Bd03_G-Inn
Bd08_Th-Z:0425:0404,0,Implikation,Implikation oder einen,Bd06_O-Ra:0160:0136,Implikation,Bd06_O-Ra
Bd08_Th-Z:0425:0405,5,Implikation,Implikation vorliegt,Bd03_G-Inn:0580:0424,Implikation,Bd03_G-Inn
Bd08_Th-Z:0425:0405,5,Implikation,Implikation vorliegt,Bd03_G-Inn:0581:0425,"Implikation, induktive",Bd03_G-Inn
Bd08_Th-Z:0425:0405,5,Implikation,Implikation vorliegt,Bd03_G-Inn:0582:0426,"Implikation, relevante",Bd03_G-Inn
Bd08_Th-Z:0425:0405,5,Implikation,Implikation vorliegt,Bd03_G-Inn:0582:0427,"Implikation, strenge",Bd03_G-Inn
Bd08_Th-Z:0425:0405,5,Implikation,Implikation vorliegt,Bd03_G-Inn:0582:0428,"Implikation, strikte",Bd03_G-Inn
Bd08_Th-Z:0425:0405,5,Implikation,Implikation vorliegt,Bd06_O-Ra:0160:0136,Implikation,Bd06_O-Ra
Bd08_Th-Z:0425:0405,22,unabhängig/,unabhängig/ Unabhängigkeit (von Ereignissen,Bd08_Th-Z:0186:0143,unabhängig/Unabhängigkeit (logisch),Bd08_Th-Z
Bd08_Th-Z:0425:0405,22,unabhängig/,unabhängig/ Unabhängigkeit (von Ereignissen,Bd08_Th-Z:0186:0144,unabhängig/Unabhängigkeit (von Ereignissen),Bd08_Th-Z
Bd08_Th-Z:0432:0407,0,Wiener,Wiener Kreises,Bd08_Th-Z:0518:0496,Wiener,Bd08_Th-Z
Bd08_Th-Z:0432:0407,0,Wiener,Wiener Kreises,Bd08_Th-Z:0519:0497,Wiener,Bd08_Th-Z
Bd08_Th-Z:0432:0407,0,Wiener,Wiener Kreises,Bd08_Th-Z:0520:0498,Wiener Kreis,Bd08_Th-Z
Bd08_Th-Z:0436:0410,2,Paradoxien,"Paradoxien, die Wahrheitsdefinition (",Bd06_O-Ra:0116:0091,"Paradoxien, kosmologische",Bd06_O-Ra
Bd08_Th-Z:0436:0410,2,Paradoxien,"Paradoxien, die Wahrheitsdefinition (",Bd06_O-Ra:0118:0092,"Paradoxien, zenonische",Bd06_O-Ra
Bd08_Th-Z:0436:0410,2,Paradoxien,"Paradoxien, die Wahrheitsdefinition (",Bd06_O-Ra:0121:0093,Paradoxien der Implikation,Bd06_O-Ra
Bd08_Th-Z:0436:0410,2,Paradoxien,"Paradoxien, die Wahrheitsdefinition (",Bd06_O-Ra:0121:0094,Paradoxien des Unendlichen,Bd06_O-Ra
Bd08_Th-Z:0444:0419,5,Wiener,Wiener Kreises geknüpft,Bd08_Th-Z:0518:0496,Wiener,Bd08_Th-Z
Bd08_Th-Z:0444:0419,5,Wiener,Wiener Kreises geknüpft,Bd08_Th-Z:0519:0497,Wiener,Bd08_Th-Z
Bd08_Th-Z:0444:0419,5,Wiener,Wiener Kreises geknüpft,Bd08_Th-Z:0520:0498,Wiener Kreis,Bd08_Th-Z
Bd08_Th-Z:0452:0427,4,Kraft,Kraft auf alle anderen Massen bzw,Bd04_Ins-Loc:0399:0315,Kraft,Bd04_Ins-Loc
Bd08_Th-Z:0452:0427,4,Kraft,Kraft auf alle anderen Massen bzw,Bd04_Ins-Loc:0401:0316,Kraft,Bd04_Ins-Loc
Bd08_Th-Z:0455:0430,6,Makrokosmos,Makrokosmos und Mikrokosmos,Bd05_Log-N:0206:0132,Makrokosmos,Bd05_Log-N
Bd08_Th-Z:0455:0430,6,Makrokosmos,Makrokosmos und Mikrokosmos,Bd05_Log-N:0207:0133,Makrokosmos,Bd05_Log-N
Bd08_Th-Z:0460:0434,9,ästhetisch/Ästhetik,ästhetisch/Ästhetik,Bd01_A-B:0277:0379,ästhetisch/Ästhetik,Bd01_A-B
Bd08_Th-Z:0460:0434,9,ästhetisch/Ästhetik,ästhetisch/Ästhetik,Bd01_A-B:0288:0380,ästhetisch/Ästhetik (endeetisch),Bd01_A-B
Bd08_Th-Z:0461:0435,5,Booleschen,Booleschen Verband bilden und den Gesetzen der klassischen Logik (,Bd01_A-B:0529:0663,Boolesche Algebra,Bd01_A-B
Bd08_Th-Z:0461:0435,5,Booleschen,Booleschen Verband bilden und den Gesetzen der klassischen Logik (,Bd01_A-B:0529:0664,Boolesche Summe,Bd01_A-B
Bd08_Th-Z:0478:0447,2,Länge,Länge,Bd04_Ins-Loc:0471:0374,Lange,Bd04_Ins-Loc
Bd08_Th-Z:0478:0447,2,Länge,Länge,Bd04_Ins-Loc:0473:0375,Länge,Bd04_Ins-Loc
Bd08_Th-Z:0479:0448,1,Kraft,"Kraft, den Ursprung der",Bd04_Ins-Loc:0399:0315,Kraft,Bd04_Ins-Loc
Bd08_Th-Z:0479:0448,1,Kraft,"Kraft, den Ursprung der",Bd04_Ins-Loc:0401:0316,Kraft,Bd04_Ins-Loc
Bd08_Th-Z:0479:0449,3,Makrokosmos,Makrokosmos Welt dem Mikrokosmos Mensch entspreche,Bd05_Log-N:0206:0132,Makrokosmos,Bd05_Log-N
Bd08_Th-Z:0479:0449,3,Makrokosmos,Makrokosmos Welt dem Mikrokosmos Mensch entspreche,Bd05_Log-N:0207:0133,Makrokosmos,Bd05_Log-N
Bd08_Th-Z:0480:0452,3,Implikation,"Implikation,",Bd03_G-Inn:0580:0424,Implikation,Bd03_G-Inn
Bd08_Th-Z:0480:0452,3,Implikation,"Implikation,",Bd03_G-Inn:0581:0425,"Implikation, induktive",Bd03_G-Inn
Bd08_Th-Z:0480:0452,3,Implikation,"Implikation,",Bd03_G-Inn:0582:0426,"Implikation, relevante",Bd03_G-Inn
Bd08_Th-Z:0480:0452,3,Implikation,"Implikation,",Bd03_G-Inn:0582:0427,"Implikation, strenge",Bd03_G-Inn
Bd08_Th-Z:0480:0452,3,Implikation,"Implikation,",Bd03_G-Inn:0582:0428,"Implikation, strikte",Bd03_G-Inn
Bd08_Th-Z:0480:0452,3,Implikation,"Implikation,",Bd06_O-Ra:0160:0136,Implikation,Bd06_O-Ra
Bd08_Th-Z:0482:0454,14,ästhetisch/Ästhetik,ästhetisch/Ästhetik,Bd01_A-B:0277:0379,ästhetisch/Ästhetik,Bd01_A-B
Bd08_Th-Z:0482:0454,14,ästhetisch/Ästhetik,ästhetisch/Ästhetik,Bd01_A-B:0288:0380,ästhetisch/Ästhetik (endeetisch),Bd01_A-B
Bd08_Th-Z:0492:0466,8,ästhetisch/Ästhetik,ästhetisch/Ästhetik,Bd01_A-B:0277:0379,ästhetisch/Ästhetik,Bd01_A-B
Bd08_Th-Z:0492:0466,8,ästhetisch/Ästhetik,ästhetisch/Ästhetik,Bd01_A-B:0288:0380,ästhetisch/Ästhetik (endeetisch),Bd01_A-B
Bd08_Th-Z:0493:0467,9,Implikation,Implikation oder des Widerspruchs (,Bd03_G-Inn:0580:0424,Implikation,Bd03_G-Inn
Bd08_Th-Z:0493:0467,9,Implikation,Implikation oder des Widerspruchs (,Bd03_G-Inn:0581:0425,"Implikation, induktive",Bd03_G-Inn
Bd08_Th-Z:0493:0467,9,Implikation,Implikation oder des Widerspruchs (,Bd03_G-Inn:0582:0426,"Implikation, relevante",Bd03_G-Inn
Bd08_Th-Z:0493:0467,9,Implikation,Implikation oder des Widerspruchs (,Bd03_G-Inn:0582:0427,"Implikation, strenge",Bd03_G-Inn
Bd08_Th-Z:0493:0467,9,Implikation,Implikation oder des Widerspruchs (,Bd03_G-Inn:0582:0428,"Implikation, strikte",Bd03_G-Inn
Bd08_Th-Z:0493:0467,9,Implikation,Implikation oder des Widerspruchs (,Bd06_O-Ra:0160:0136,Implikation,Bd06_O-Ra
Bd08_Th-Z:0510:0482,12,Implikation,Implikation,Bd03_G-Inn:0580:0424,Implikation,Bd03_G-Inn
Bd08_Th-Z:0510:0482,12,Implikation,Implikation,Bd03_G-Inn:0581:0425,"Implikation, induktive",Bd03_G-Inn
Bd08_Th-Z:0510:0482,12,Implikation,Implikation,Bd03_G-Inn:0582:0426,"Implikation, relevante",Bd03_G-Inn
Bd08_Th-Z:0510:0482,12,Implikation,Implikation,Bd03_G-Inn:0582:0427,"Implikation, strenge",Bd03_G-Inn
Bd08_Th-Z:0510:0482,12,Implikation,Implikation,Bd03_G-Inn:0582:0428,"Implikation, strikte",Bd03_G-Inn
Bd08_Th-Z:0510:0482,12,Implikation,Implikation,Bd06_O-Ra:0160:0136,Implikation,Bd06_O-Ra
Bd08_Th-Z:0514:0490,10,unendlich/Unendlichkeit,unendlich/Unendlichkeit,Bd08_Th-Z:0192:0155,unendlich/Unendlichkeit,Bd08_Th-Z
Bd08_Th-Z:0514:0490,10,unendlich/Unendlichkeit,unendlich/Unendlichkeit,Bd08_Th-Z:0198:0157,"Unendlichkeit, schlechte",Bd08_Th-Z
Bd08_Th-Z:0530:0507,4,Makrokosmos,Makrokosmos,Bd05_Log-N:0206:0132,Makrokosmos,Bd05_Log-N
Bd08_Th-Z:0530:0507,4,Makrokosmos,Makrokosmos,Bd05_Log-N:0207:0133,Makrokosmos,Bd05_Log-N
Bd08_Th-Z:0544:0516,0,ästhetisch/Ästhetik,ästhetisch/Ästhetik,Bd01_A-B:0277:0379,ästhetisch/Ästhetik,Bd01_A-B
Bd08_Th-Z:0544:0516,0,ästhetisch/Ästhetik,ästhetisch/Ästhetik,Bd01_A-B:0288:0380,ästhetisch/Ästhetik (endeetisch),Bd01_A-B
Bd08_Th-Z:0547:0518,2,Kräfte,"Kräfte, die auf einen Körper im Wirbel einwirken",Bd04_Ins-Loc:0399:0315,Kraft,Bd04_Ins-Loc
Bd08_Th-Z:0547:0518,2,Kräfte,"Kräfte, die auf einen Körper im Wirbel einwirken",Bd04_Ins-Loc:0401:0316,Kraft,Bd04_Ins-Loc
Bd08_Th-Z:0556:0527,28,ästhetisch/Ästhetik,ästhetisch/Ästhetik,Bd01_A-B:0277:0379,ästhetisch/Ästhetik,Bd01_A-B
Bd08_Th-Z:0556:0527,28,ästhetisch/Ästhetik,ästhetisch/Ästhetik,Bd01_A-B:0288:0380,ästhetisch/Ästhetik (endeetisch),Bd01_A-B
Bd08_Th-Z:0568:0537,4,Fichte,"Fichte, Johann Gottlieb",Bd02_C-F:0511:0571,Fichte,Bd02_C-F
Bd08_Th-Z:0568:0537,4,Fichte,"Fichte, Johann Gottlieb",Bd02_C-F:0512:0572,Fichte,Bd02_C-F
Bd08_Th-Z:0569:0538,0,Wiener,Wiener Kreises verwendeter Terminus zur Bezeichnung der logischen,Bd08_Th-Z:0518:0496,Wiener,Bd08_Th-Z
Bd08_Th-Z:0569:0538,0,Wiener,Wiener Kreises verwendeter Terminus zur Bezeichnung der logischen,Bd08_Th-Z:0519:0497,Wiener,Bd08_Th-Z
Bd08_Th-Z:0569:0538,0,Wiener,Wiener Kreises verwendeter Terminus zur Bezeichnung der logischen,Bd08_Th-Z:0520:0498,Wiener Kreis,Bd08_Th-Z
Bd08_Th-Z:0575:0541,97,Paradoxien,Paradoxien anderer Bestätigungstheorien sowie eine qualifizierte Erklä,Bd06_O-Ra:0116:0091,"Paradoxien, kosmologische",Bd06_O-Ra
Bd08_Th-Z:0575:0541,97,Paradoxien,Paradoxien anderer Bestätigungstheorien sowie eine qualifizierte Erklä,Bd06_O-Ra:0118:0092,"Paradoxien, zenonische",Bd06_O-Ra
Bd08_Th-Z:0575:0541,97,Paradoxien,Paradoxien anderer Bestätigungstheorien sowie eine qualifizierte Erklä,Bd06_O-Ra:0121:0093,Paradoxien der Implikation,Bd06_O-Ra
Bd08_Th-Z:0575:0541,97,Paradoxien,Paradoxien anderer Bestätigungstheorien sowie eine qualifizierte Erklä,Bd06_O-Ra:0121:0094,Paradoxien des Unendlichen,Bd06_O-Ra
Bd08_Th-Z:0583:0543,78,Begriffe,"Begriffe,",Bd01_A-B:0412:0515,"Begriffe, identische",Bd01_A-B
Bd08_Th-Z:0583:0543,78,Begriffe,"Begriffe,",Bd01_A-B:0412:0516,"Begriffe, theoretische",Bd01_A-B
Bd08_Th-Z:0600:0548,7,Wiener,"Wiener Kreises, mit W",Bd08_Th-Z:0518:0496,Wiener,Bd08_Th-Z
Bd08_Th-Z:0600:0548,7,Wiener,"Wiener Kreises, mit W",Bd08_Th-Z:0519:0497,Wiener,Bd08_Th-Z
Bd08_Th-Z:0600:0548,7,Wiener,"Wiener Kreises, mit W",Bd08_Th-Z:0520:0498,Wiener Kreis,Bd08_Th-Z
Bd08_Th-Z:0600:0548,25,komplex/Komplex,komplex/Komplex,Bd04_Ins-Loc:0297:0208,komplex/Komplex,Bd04_Ins-Loc
Bd08_Th-Z:0600:0548,25,komplex/Komplex,komplex/Komplex,Bd04_Ins-Loc:0297:0208,komplex/Komplex,Bd04_Ins-Loc
Bd08_Th-Z:0619:0557,4,Paradoxien,Paradoxien (,Bd06_O-Ra:0116:0091,"Paradoxien, kosmologische",Bd06_O-Ra
Bd08_Th-Z:0619:0557,4,Paradoxien,Paradoxien (,Bd06_O-Ra:0118:0092,"Paradoxien, zenonische",Bd06_O-Ra
Bd08_Th-Z:0619:0557,4,Paradoxien,Paradoxien (,Bd06_O-Ra:0121:0093,Paradoxien der Implikation,Bd06_O-Ra
Bd08_Th-Z:0619:0557,4,Paradoxien,Paradoxien (,Bd06_O-Ra:0121:0094,Paradoxien des Unendlichen,Bd06_O-Ra
Bd08_Th-Z:0645:0574,15,demonstratio,demonstratio propter quid/ demonstratio quia,Bd02_C-F:0169:0190,demonstratio propter quid/demonstratio quia,Bd02_C-F
Bd08_Th-Z:0645:0574,15,demonstratio,demonstratio propter quid/ demonstratio quia,Bd02_C-F:0169:0190,demonstratio propter quid/demonstratio quia,Bd02_C-F
Bd08_Th-Z:0646:0575,50,unendlich/Unendlichkeit,unendlich/Unendlichkeit,Bd08_Th-Z:0192:0155,unendlich/Unendlichkeit,Bd08_Th-Z
Bd08_Th-Z:0646:0575,50,unendlich/Unendlichkeit,unendlich/Unendlichkeit,Bd08_Th-Z:0198:0157,"Unendlichkeit, schlechte",Bd08_Th-Z
Bd08_Th-Z:0646:0575,58,Fundamentalsatzes,"Fundamentalsatzes der Algebra, nach dem jede algebraische Gleichung eine Lösu",Bd02_C-F:0607:0647,Fundamentalsatz der Algebra,Bd02_C-F
Bd08_Th-Z:0646:0575,58,Fundamentalsatzes,"Fundamentalsatzes der Algebra, nach dem jede algebraische Gleichung eine Lösu",Bd02_C-F:0608:0648,Fundamentalsatz der (elementaren) Zahlentheorie,Bd02_C-F
Bd08_Th-Z:0646:0575,62,unendlich/Unendlichkeit,unendlich/Unendlichkeit,Bd08_Th-Z:0192:0155,unendlich/Unendlichkeit,Bd08_Th-Z
Bd08_Th-Z:0646:0575,62,unendlich/Unendlichkeit,unendlich/Unendlichkeit,Bd08_Th-Z:0198:0157,"Unendlichkeit, schlechte",Bd08_Th-Z
Bd08_Th-Z:0654:0578,7,Platonischen,"Platonischen Körpern, die der Demiurg durch Form und Zahl schuf (Tim",Bd06_O-Ra:0360:0243,Platonische Akademie (Academia Platonica),Bd06_O-Ra
Bd08_Th-Z:0654:0578,7,Platonischen,"Platonischen Körpern, die der Demiurg durch Form und Zahl schuf (Tim",Bd06_O-Ra:0361:0244,Platonische Körper,Bd06_O-Ra
Bd08_Th-Z:0654:0578,16,Platonischen,Platonischen Körper einbeschrieben bzw,Bd06_O-Ra:0360:0243,Platonische Akademie (Academia Platonica),Bd06_O-Ra
Bd08_Th-Z:0654:0578,16,Platonischen,Platonischen Körper einbeschrieben bzw,Bd06_O-Ra:0361:0244,Platonische Körper,Bd06_O-Ra
Bd08_Th-Z:0655:0579,48,Fundamentalsatz,Fundamentalsatz der Alge bra,Bd02_C-F:0607:0647,Fundamentalsatz der Algebra,Bd02_C-F
Bd08_Th-Z:0655:0579,48,Fundamentalsatz,Fundamentalsatz der Alge bra,Bd02_C-F:0608:0648,Fundamentalsatz der (elementaren) Zahlentheorie,Bd02_C-F
Bd08_Th-Z:0659:0580,4,Fundamentalsatz,Fundamentalsatz der (elementaren,Bd02_C-F:0607:0647,Fundamentalsatz der Algebra,Bd02_C-F
Bd08_Th-Z:0659:0580,4,Fundamentalsatz,Fundamentalsatz der (elementaren,Bd02_C-F:0608:0648,Fundamentalsatz der (elementaren) Zahlentheorie,Bd02_C-F
Bd08_Th-Z:0665:0584,11,komplex/Komplex,komplex/Komplex,Bd04_Ins-Loc:0297:0208,komplex/Komplex,Bd04_Ins-Loc
Bd08_Th-Z:0665:0584,11,komplex/Komplex,komplex/Komplex,Bd04_Ins-Loc:0297:0208,komplex/Komplex,Bd04_Ins-Loc
Bd08_Th-Z:0668:0585,15,Lehr-,Lehr- und Lernsituationen durch repetierendes und imitierendes Ei,Bd04_Ins-Loc:0516:0414,Lehr- und Lernbarkeit,Bd04_Ins-Loc
Bd08_Th-Z:0668:0585,15,Lehr-,Lehr- und Lernsituationen durch repetierendes und imitierendes Ei,Bd04_Ins-Loc:0518:0415,Lehr- und Lernsituation,Bd04_Ins-Loc
Bd08_Th-Z:0670:0587,0,Paradoxien,Paradoxien behauptet wird,Bd06_O-Ra:0116:0091,"Paradoxien, kosmologische",Bd06_O-Ra
Bd08_Th-Z:0670:0587,0,Paradoxien,Paradoxien behauptet wird,Bd06_O-Ra:0118:0092,"Paradoxien, zenonische",Bd06_O-Ra
Bd08_Th-Z:0670:0587,0,Paradoxien,Paradoxien behauptet wird,Bd06_O-Ra:0121:0093,Paradoxien der Implikation,Bd06_O-Ra
Bd08_Th-Z:0670:0587,0,Paradoxien,Paradoxien behauptet wird,Bd06_O-Ra:0121:0094,Paradoxien des Unendlichen,Bd06_O-Ra
Bd08_Th-Z:0687:0602,14,unendlich/Unendlichkeit,unendlich/Unendlichkeit (3,Bd08_Th-Z:0192:0155,unendlich/Unendlichkeit,Bd08_Th-Z
Bd08_Th-Z:0687:0602,14,unendlich/Unendlichkeit,unendlich/Unendlichkeit (3,Bd08_Th-Z:0198:0157,"Unendlichkeit, schlechte",Bd08_Th-Z
Bd08_Th-Z:0691:0609,13,Wiener,Wiener Kreises als,Bd08_Th-Z:0518:0496,Wiener,Bd08_Th-Z
Bd08_Th-Z:0691:0609,13,Wiener,Wiener Kreises als,Bd08_Th-Z:0519:0497,Wiener,Bd08_Th-Z
Bd08_Th-Z:0691:0609,13,Wiener,Wiener Kreises als,Bd08_Th-Z:0520:0498,Wiener Kreis,Bd08_Th-Z
Bd08_Th-Z:0693:0612,1,ästhetisch/Ästhetik,ästhetisch/Ästhetik,Bd01_A-B:0277:0379,ästhetisch/Ästhetik,Bd01_A-B
Bd08_Th-Z:0693:0612,1,ästhetisch/Ästhetik,ästhetisch/Ästhetik,Bd01_A-B:0288:0380,ästhetisch/Ästhetik (endeetisch),Bd01_A-B
Bd08_Th-Z:0700:0622,24,Markov,"Markov, A",Bd05_Log-N:0237:0162,Markov,Bd05_Log-N
Bd08_Th-Z:0700:0622,24,Markov,"Markov, A",Bd05_Log-N:0238:0163,Markov,Bd05_Log-N
Bd08_Th-Z:0708:0633,16,Implikation,Implikation _Z_ � _A_ gilt,Bd03_G-Inn:0580:0424,Implikation,Bd03_G-Inn
Bd08_Th-Z:0708:0633,16,Implikation,Implikation _Z_ � _A_ gilt,Bd03_G-Inn:0581:0425,"Implikation, induktive",Bd03_G-Inn
Bd08_Th-Z:0708:0633,16,Implikation,Implikation _Z_ � _A_ gilt,Bd03_G-Inn:0582:0426,"Implikation, relevante",Bd03_G-Inn
Bd08_Th-Z:0708:0633,16,Implikation,Implikation _Z_ � _A_ gilt,Bd03_G-Inn:0582:0427,"Implikation, strenge",Bd03_G-Inn
Bd08_Th-Z:0708:0633,16,Implikation,Implikation _Z_ � _A_ gilt,Bd03_G-Inn:0582:0428,"Implikation, strikte",Bd03_G-Inn
Bd08_Th-Z:0708:0633,16,Implikation,Implikation _Z_ � _A_ gilt,Bd06_O-Ra:0160:0136,Implikation,Bd06_O-Ra
