lemma_key,lemma,entry_id,volume,variant_type
a dicto secundum quid ad dictum simpliciter,a dicto secundum quid ad dictum simpliciter,Bd01_A-B:0062:0069,Bd01_A-B,primary
a fortiori,a fortiori,Bd01_A-B:0070:0084,Bd01_A-B,primary
a posteriori,a posteriori,Bd01_A-B:0204:0293,Bd01_A-B,primary
a posteriori,a posteriori,Bd01_A-B:0206:0300,Bd01_A-B,redirect_alias
a priori,a priori,Bd01_A-B:0206:0300,Bd01_A-B,primary
a se,a se,Bd01_A-B:0274:0370,Bd01_A-B,primary
ab alio,ab alio,Bd01_A-B:0028:0003,Bd01_A-B,primary
ab esse ad posse valet consequentia,ab esse ad posse valet consequentia,Bd01_A-B:0034:0011,Bd01_A-B,primary
abacus,Abacus,Bd01_A-B:0025:0001,Bd01_A-B,primary
abaelard,Abaelard,Bd01_A-B:0026:0002,Bd01_A-B,primary
abano,Abano,Bd01_A-B:0028:0004,Bd01_A-B,primary
abbagnano,Abbagnano,Bd01_A-B:0028:0005,Bd01_A-B,primary
abbild,Abbild,Bd01_A-B:0029:0006,Bd01_A-B,primary
abbildtheorie,Abbildtheorie,Bd01_A-B:0030:0007,Bd01_A-B,primary
abbildung,Abbildung,Bd01_A-B:0032:0008,Bd01_A-B,primary
abbt,Abbt,Bd01_A-B:0032:0009,Bd01_A-B,primary
abduktion,Abduktion,Bd01_A-B:0033:0010,Bd01_A-B,primary
abfolge,Abfolge,Bd01_A-B:0034:0012,Bd01_A-B,primary
abgeschlossen,abgeschlossen,Bd01_A-B:0035:0013,Bd01_A-B,slash_half
abgeschlossen/abgeschlossenheit,abgeschlossen/Abgeschlossenheit,Bd01_A-B:0035:0013,Bd01_A-B,primary
abgeschlossenheit,Abgeschlossenheit,Bd01_A-B:0035:0013,Bd01_A-B,slash_half
abgrenzungskriterium,Abgrenzungskriterium,Bd01_A-B:0035:0014,Bd01_A-B,primary
abgrund,Abgrund,Bd01_A-B:0035:0015,Bd01_A-B,primary
abhangig,abhängig,Bd01_A-B:0036:0016,Bd01_A-B,slash_half
abhangig/abhangigkeit,abhängig/Abhängigkeit,Bd01_A-B:0036:0016,Bd01_A-B,primary
abhangigkeit,Abhängigkeit,Bd01_A-B:0036:0016,Bd01_A-B,slash_half
abhāva,abhāva,Bd01_A-B:0036:0017,Bd01_A-B,primary
abjunktion,Abjunktion,Bd01_A-B:0036:0018,Bd01_A-B,primary
ableitbar,ableitbar,Bd01_A-B:0037:0019,Bd01_A-B,slash_half
ableitbar/ableitbarkeit,ableitbar/Ableitbarkeit,Bd01_A-B:0037:0019,Bd01_A-B,primary
ableitbarkeit,Ableitbarkeit,Bd01_A-B:0037:0019,Bd01_A-B,slash_half
ableitbarkeitstheorem,Ableitbarkeitstheorem,Bd01_A-B:0037:0020,Bd01_A-B,primary
ableitung,Ableitung,Bd01_A-B:0037:0021,Bd01_A-B,primary
abravanel,Abravanel,Bd01_A-B:0037:0022,Bd01_A-B,primary
abschattung,Abschattung,Bd01_A-B:0038:0023,Bd01_A-B,primary
abschwachungsregel,Abschwächungsregel,Bd01_A-B:0038:0024,Bd01_A-B,primary
absicht,Absicht,Bd01_A-B:0038:0025,Bd01_A-B,primary
absolute geometrie,absolute Geometrie,Bd03_G-Inn:0107:0076,Bd03_G-Inn,comma_inverted
absolute idee,absolute Idee,Bd03_G-Inn:0540:0388,Bd03_G-Inn,comma_inverted
absolute zeit,absolute Zeit,Bd08_Th-Z:0674:0588,Bd08_Th-Z,comma_inverted
"absolute, das","Absolute, das",Bd01_A-B:0039:0026,Bd01_A-B,primary
absoluter geist,absoluter Geist,Bd03_G-Inn:0071:0043,Bd03_G-Inn,comma_inverted
absoluter idealismus,absoluter Idealismus,Bd03_G-Inn:0526:0374,Bd03_G-Inn,comma_inverted
absoluter raum,absoluter Raum,Bd06_O-Ra:0626:0485,Bd06_O-Ra,comma_inverted
absolutes wissen,absolutes Wissen,Bd08_Th-Z:0556:0526,Bd08_Th-Z,comma_inverted
absolutismus,Absolutismus,Bd01_A-B:0041:0027,Bd01_A-B,primary
absorptionsgesetz,Absorptionsgesetz,Bd01_A-B:0043:0028,Bd01_A-B,primary
absprechen,absprechen,Bd01_A-B:0043:0029,Bd01_A-B,primary
absprechen,absprechen,Bd08_Th-Z:0708:0632,Bd01_A-B,redirect_alias
absprechen,absprechen,Bd08_Th-Z:0708:0632,Bd08_Th-Z,slash_half
abstand,Abstand,Bd01_A-B:0043:0030,Bd01_A-B,primary
abstrakt,abstrakt,Bd01_A-B:0044:0031,Bd01_A-B,primary
abstrakt,abstrakt,Bd01_A-B:0045:0032,Bd01_A-B,slash_half
abstrakt/abstraktheit,abstrakt/Abstraktheit,Bd01_A-B:0045:0032,Bd01_A-B,primary
abstraktheit,Abstraktheit,Bd01_A-B:0045:0032,Bd01_A-B,slash_half
abstraktion,Abstraktion,Bd01_A-B:0045:0033,Bd01_A-B,primary
abstraktionsschema,Abstraktionsschema,Bd01_A-B:0048:0034,Bd01_A-B,primary
abstraktionsstufen,Abstraktionsstufen,Bd01_A-B:0049:0035,Bd01_A-B,primary
abstraktor,Abstraktor,Bd01_A-B:0049:0036,Bd01_A-B,primary
abstraktor,Abstraktor,Bd01_A-B:0045:0033,Bd01_A-B,redirect_alias
abstraktum,Abstraktum,Bd01_A-B:0049:0037,Bd01_A-B,primary
absurd,absurd,Bd01_A-B:0050:0038,Bd01_A-B,slash_half
absurd/das absurde,absurd/das Absurde,Bd01_A-B:0050:0038,Bd01_A-B,primary
absurde,Absurde,Bd01_A-B:0050:0038,Bd01_A-B,slash_half
abtrennungsregel,Abtrennungsregel,Bd01_A-B:0050:0039,Bd01_A-B,primary
abubacer,Abubacer,Bd01_A-B:0050:0040,Bd01_A-B,primary
abul wafa,Abul Wafa,Bd01_A-B:0051:0041,Bd01_A-B,primary
abwehr,Abwehr,Bd01_A-B:0052:0042,Bd01_A-B,primary
abzahlbar,abzählbar,Bd01_A-B:0052:0043,Bd01_A-B,slash_half
abzahlbar/abzahlbarkeit,abzählbar/Abzählbarkeit,Bd01_A-B:0052:0043,Bd01_A-B,primary
abzahlbarkeit,Abzählbarkeit,Bd01_A-B:0052:0043,Bd01_A-B,slash_half
acervus,Acervus,Bd01_A-B:0053:0044,Bd01_A-B,primary
ach,Ach,Bd01_A-B:0053:0045,Bd01_A-B,primary
achilles und die schildkrote,Achilles und die Schildkröte,Bd01_A-B:0053:0046,Bd01_A-B,primary
achillini,Achillini,Bd01_A-B:0054:0047,Bd01_A-B,primary
achsenzeit,Achsenzeit,Bd01_A-B:0054:0048,Bd01_A-B,primary
achtung,Achtung,Bd01_A-B:0055:0049,Bd01_A-B,primary
ackermann,Ackermann,Bd01_A-B:0055:0050,Bd01_A-B,primary
acontius,Acontius,Bd01_A-B:0056:0051,Bd01_A-B,primary
actio,actio,Bd01_A-B:0056:0052,Bd01_A-B,primary
actio = reactio,actio = reactio,Bd01_A-B:0057:0055,Bd01_A-B,primary
actio in distans,actio in distans,Bd01_A-B:0056:0053,Bd01_A-B,primary
actio minima,actio minima,Bd01_A-B:0057:0054,Bd01_A-B,primary
actio minima,actio minima,Bd06_O-Ra:0454:0346,Bd01_A-B,redirect_alias
actu,actu,Bd01_A-B:0058:0056,Bd01_A-B,primary
actualitas,actualitas,Bd01_A-B:0058:0057,Bd01_A-B,primary
actus,actus,Bd01_A-B:0058:0058,Bd01_A-B,primary
ad-hoc-hypothese,ad-hoc-Hypothese,Bd01_A-B:0060:0066,Bd01_A-B,primary
adaequatio,adaequatio,Bd01_A-B:0058:0060,Bd01_A-B,primary
adamische sprache,adamische Sprache,Bd07_Re-Te:0503:0414,Bd07_Re-Te,comma_inverted
adaquat,adäquat,Bd01_A-B:0058:0059,Bd01_A-B,slash_half
adaquat/adaquatheit,adäquat/Adäquatheit,Bd01_A-B:0058:0059,Bd01_A-B,primary
adaquate verursachung,adäquate Verursachung,Bd08_Th-Z:0341:0321,Bd08_Th-Z,comma_inverted
adaquatheit,Adäquatheit,Bd01_A-B:0058:0059,Bd01_A-B,slash_half
adaquationstheorie,Adäquationstheorie,Bd01_A-B:0059:0061,Bd01_A-B,primary
addition logisch,Addition (logisch),Bd01_A-B:0059:0062,Bd01_A-B,primary
addition mathematisch,Addition (mathematisch),Bd01_A-B:0059:0063,Bd01_A-B,primary
"additionssatz, spezieller","Additionssatz, spezieller",Bd01_A-B:0059:0064,Bd01_A-B,primary
adelard von bath,Adelard von Bath,Bd01_A-B:0059:0065,Bd01_A-B,primary
adiaphora,Adiaphora,Bd01_A-B:0061:0067,Bd01_A-B,primary
adickes,Adickes,Bd01_A-B:0061:0068,Bd01_A-B,primary
adjunktion,Adjunktion,Bd01_A-B:0062:0070,Bd01_A-B,primary
adjunktor,Adjunktor,Bd01_A-B:0062:0071,Bd01_A-B,primary
adler,Adler,Bd01_A-B:0062:0072,Bd01_A-B,primary
adler,Adler,Bd01_A-B:0063:0073,Bd01_A-B,primary
adorno,Adorno,Bd01_A-B:0063:0074,Bd01_A-B,primary
adrastos,Adrastos,Bd01_A-B:0066:0075,Bd01_A-B,primary
advaita,Advaita,Bd01_A-B:0067:0076,Bd01_A-B,primary
aegidius,Aegidius,Bd01_A-B:0067:0077,Bd01_A-B,primary
aetios,Aëtios,Bd01_A-B:0069:0078,Bd01_A-B,primary
affekt,Affekt,Bd01_A-B:0069:0079,Bd01_A-B,primary
affektion,Affektion,Bd01_A-B:0070:0080,Bd01_A-B,slash_half
affektion/affizieren,Affektion/affizieren,Bd01_A-B:0070:0080,Bd01_A-B,primary
affinitat,Affinität,Bd01_A-B:0070:0081,Bd01_A-B,primary
affirmation,Affirmation,Bd01_A-B:0070:0082,Bd01_A-B,primary
affirmativ,affirmativ,Bd01_A-B:0070:0083,Bd01_A-B,primary
affizieren,affizieren,Bd01_A-B:0070:0080,Bd01_A-B,slash_half
agere sequitur esse,agere sequitur esse,Bd01_A-B:0071:0085,Bd01_A-B,primary
aggregat,Aggregat,Bd01_A-B:0071:0086,Bd01_A-B,primary
aggression,Aggression,Bd01_A-B:0072:0087,Bd01_A-B,primary
agnostizismus,Agnostizismus,Bd01_A-B:0073:0088,Bd01_A-B,primary
agricola,Agricola,Bd01_A-B:0074:0089,Bd01_A-B,primary
agrippa,Agrippa,Bd01_A-B:0074:0090,Bd01_A-B,primary
agrippa von nettesheim,Agrippa von Nettesheim,Bd01_A-B:0074:0091,Bd01_A-B,primary
aham. kāra,aham. kāra,Bd01_A-B:0075:0092,Bd01_A-B,primary
ahim. sā,ahim. sā,Bd01_A-B:0075:0093,Bd01_A-B,primary
ahnlich,ähnlich,Bd01_A-B:0076:0094,Bd01_A-B,slash_half
ahnlich/ahnlichkeit,ähnlich/Ähnlichkeit,Bd01_A-B:0076:0094,Bd01_A-B,primary
ahnliche mengen,ähnliche Mengen,Bd05_Log-N:0350:0243,Bd05_Log-N,comma_inverted
ahnlichkeit,Ähnlichkeit,Bd01_A-B:0076:0094,Bd01_A-B,slash_half
ahnlichkeitserinnerung,Ähnlichkeitserinnerung,Bd01_A-B:0076:0095,Bd01_A-B,primary
ahnung,Ahnung,Bd01_A-B:0076:0096,Bd01_A-B,primary
ailly,Ailly,Bd01_A-B:0078:0097,Bd01_A-B,primary
ainesidemos,Ainesidemos,Bd01_A-B:0079:0098,Bd01_A-B,primary
aisthesis,Aisthesis,Bd01_A-B:0080:0099,Bd01_A-B,primary
ajdukiewicz,Ajdukiewicz,Bd01_A-B:0080:0100,Bd01_A-B,primary
ajīva,ajīva,Bd01_A-B:0080:0101,Bd01_A-B,primary
akademie,Akademie,Bd01_A-B:0080:0102,Bd01_A-B,primary
akosmismus,Akosmismus,Bd01_A-B:0082:0104,Bd01_A-B,primary
akrasie,Akrasie,Bd01_A-B:0083:0105,Bd01_A-B,primary
akt,Akt,Bd01_A-B:0087:0107,Bd01_A-B,primary
akt und potenz,Akt und Potenz,Bd01_A-B:0089:0112,Bd01_A-B,primary
aktual-unendlich,aktual-unendlich,Bd01_A-B:0089:0111,Bd01_A-B,primary
aktualisierung,Aktualisierung,Bd01_A-B:0088:0108,Bd01_A-B,primary
aktualismus,Aktualismus,Bd01_A-B:0088:0109,Bd01_A-B,primary
aktualitatstheorie,Aktualitätstheorie,Bd01_A-B:0088:0110,Bd01_A-B,primary
akzidens,Akzidens,Bd01_A-B:0090:0113,Bd01_A-B,primary
al- bitrudschi,al- Bitrudschi,Bd01_A-B:0502:0631,Bd01_A-B,comma_inverted
al- chaijām,al- Chaijām,Bd02_C-F:0055:0047,Bd02_C-F,comma_inverted
al- farabi,al- Farabi,Bd02_C-F:0493:0549,Bd02_C-F,comma_inverted
al- farghani,al- Farghani,Bd02_C-F:0495:0550,Bd02_C-F,comma_inverted
al- ghasali,al- Ghasali,Bd03_G-Inn:0157:0115,Bd03_G-Inn,comma_inverted
al- …,al- (…),Bd01_A-B:0091:0114,Bd01_A-B,primary
al-haitham,al-Haitham,Bd03_G-Inn:0277:0209,Bd03_G-Inn,primary
al-haitham,al-Haitham,Bd01_A-B:0120:0144,Bd03_G-Inn,redirect_alias
al-kindī,al-Kindī,Bd04_Ins-Loc:0230:0153,Bd04_Ins-Loc,primary
al-ṫūsī,al-Ṫūsī,Bd08_Th-Z:0153:0105,Bd08_Th-Z,primary
alain,Alain,Bd01_A-B:0091:0115,Bd01_A-B,primary
alanus ab insulis,Alanus ab Insulis,Bd01_A-B:0091:0116,Bd01_A-B,primary
albatenius,Albatenius,Bd01_A-B:0092:0117,Bd01_A-B,primary
albert,Albert,Bd01_A-B:0093:0118,Bd01_A-B,primary
albert von sachsen,Albert von Sachsen,Bd01_A-B:0097:0122,Bd01_A-B,primary
alberti,Alberti,Bd01_A-B:0094:0119,Bd01_A-B,primary
albertinismus,Albertinismus,Bd01_A-B:0095:0120,Bd01_A-B,primary
albertus magnus,Albertus Magnus,Bd01_A-B:0095:0121,Bd01_A-B,primary
albinos,Albinos,Bd01_A-B:0098:0123,Bd01_A-B,primary
albumasar,Albumasar,Bd01_A-B:0098:0124,Bd01_A-B,primary
alchemie,Alchemie,Bd01_A-B:0099:0125,Bd01_A-B,primary
alembert,Alembert,Bd01_A-B:0107:0126,Bd01_A-B,primary
alembertsches prinzip,Alembertsches Prinzip,Bd01_A-B:0108:0127,Bd01_A-B,primary
alembertsches prinzip,Alembertsches Prinzip,Bd02_C-F:0122:0144,Bd01_A-B,redirect_alias
aleph,Aleph,Bd01_A-B:0108:0128,Bd01_A-B,primary
alexander,Alexander,Bd01_A-B:0108:0129,Bd01_A-B,primary
alexander,Alexander,Bd01_A-B:0109:0131,Bd01_A-B,primary
alexander neckham,Alexander Neckham,Bd01_A-B:0109:0130,Bd01_A-B,primary
alexander von hales,Alexander von Hales,Bd01_A-B:0111:0132,Bd01_A-B,primary
alexandrinische schule,Alexandrinische Schule,Bd01_A-B:0111:0133,Bd01_A-B,primary
alexandrismus,Alexandrismus,Bd01_A-B:0112:0134,Bd01_A-B,primary
alfraganus,Alfraganus,Bd01_A-B:0112:0135,Bd01_A-B,primary
algazel,Algazel,Bd01_A-B:0112:0136,Bd01_A-B,primary
algebra,Algebra,Bd01_A-B:0113:0137,Bd01_A-B,primary
algebra der logik,Algebra der Logik,Bd01_A-B:0115:0140,Bd01_A-B,primary
"algebra, boolesche","Algebra, Boolesche",Bd01_A-B:0115:0138,Bd01_A-B,primary
"algebra, boolesche","Algebra, Boolesche",Bd01_A-B:0529:0663,Bd01_A-B,redirect_alias
"algebra, polyadische","Algebra, polyadische",Bd01_A-B:0115:0139,Bd01_A-B,primary
"algebra, polyadische","Algebra, polyadische",Bd05_Log-N:0025:0006,Bd01_A-B,redirect_alias
algebraische logik,algebraische Logik,Bd05_Log-N:0025:0006,Bd05_Log-N,comma_inverted
algebraisierung,Algebraisierung,Bd01_A-B:0116:0141,Bd01_A-B,primary
algorithmentheorie,Algorithmentheorie,Bd01_A-B:0116:0142,Bd01_A-B,primary
algorithmus,Algorithmus,Bd01_A-B:0120:0143,Bd01_A-B,primary
alhazen,Alhazen,Bd01_A-B:0120:0144,Bd01_A-B,primary
alkuin,Alkuin,Bd01_A-B:0121:0145,Bd01_A-B,primary
all,All,Bd01_A-B:0122:0146,Bd01_A-B,primary
allaussage,Allaussage,Bd01_A-B:0122:0147,Bd01_A-B,primary
alle,alle,Bd01_A-B:0123:0148,Bd01_A-B,primary
allegorese,Allegorese,Bd01_A-B:0123:0149,Bd01_A-B,primary
allegorie,Allegorie,Bd01_A-B:0124:0150,Bd01_A-B,primary
allgegenwart,Allgegenwart,Bd01_A-B:0125:0151,Bd01_A-B,primary
allgemein ethisch,allgemein (ethisch),Bd01_A-B:0125:0152,Bd01_A-B,primary
allgemeinbegriff,Allgemeinbegriff,Bd01_A-B:0125:0153,Bd01_A-B,primary
allgemeine relativitatstheorie,allgemeine Relativitätstheorie,Bd07_Re-Te:0101:0079,Bd07_Re-Te,comma_inverted
"allgemeine, das","Allgemeine, das",Bd01_A-B:0125:0154,Bd01_A-B,primary
allgemeiner multiplikationssatz,allgemeiner Multiplikationssatz,Bd05_Log-N:0495:0392,Bd05_Log-N,comma_inverted
allgemeingultig,allgemeingültig,Bd01_A-B:0126:0155,Bd01_A-B,slash_half
allgemeingultig/allgemeingultigkeit,allgemeingültig/Allgemeingültigkeit,Bd01_A-B:0126:0155,Bd01_A-B,primary
allgemeingultigkeit,Allgemeingültigkeit,Bd01_A-B:0126:0155,Bd01_A-B,slash_half
allgemeinheit,Allgemeinheit,Bd01_A-B:0126:0156,Bd01_A-B,primary
allgemeinungultig,allgemeinungültig,Bd01_A-B:0127:0157,Bd01_A-B,slash_half
allgemeinungultig/allgemeinungultigkeit,allgemeinungültig/Allgemeinungültigkeit,Bd01_A-B:0127:0157,Bd01_A-B,primary
allgemeinungultigkeit,Allgemeinungültigkeit,Bd01_A-B:0127:0157,Bd01_A-B,slash_half
allgemeinzulassig,allgemeinzulässig,Bd01_A-B:0127:0158,Bd01_A-B,slash_half
allgemeinzulassig/allgemeinzulassigkeit,allgemeinzulässig/Allgemeinzulässigkeit,Bd01_A-B:0127:0158,Bd01_A-B,primary
allgemeinzulassigkeit,Allgemeinzulässigkeit,Bd01_A-B:0127:0158,Bd01_A-B,slash_half
allklasse,Allklasse,Bd01_A-B:0127:0159,Bd01_A-B,primary
allmacht,Allmacht,Bd01_A-B:0127:0160,Bd01_A-B,primary
allmenge,Allmenge,Bd01_A-B:0127:0161,Bd01_A-B,primary
allquantor,Allquantor,Bd01_A-B:0127:0162,Bd01_A-B,primary
alltagssprache,Alltagssprache,Bd01_A-B:0128:0163,Bd01_A-B,primary
allwissenheit,Allwissenheit,Bd01_A-B:0128:0164,Bd01_A-B,primary
alogisch,alogisch,Bd01_A-B:0128:0165,Bd01_A-B,primary
alpetragius,Alpetragius,Bd01_A-B:0128:0166,Bd01_A-B,primary
alphabet,Alphabet,Bd01_A-B:0129:0167,Bd01_A-B,primary
als ob,als ob,Bd01_A-B:0129:0168,Bd01_A-B,primary
alsted,Alsted,Bd01_A-B:0130:0169,Bd01_A-B,primary
alternate denial,alternate denial,Bd01_A-B:0130:0170,Bd01_A-B,primary
alternative,Alternative,Bd01_A-B:0130:0171,Bd01_A-B,primary
alternative semantik,alternative Semantik,Bd07_Re-Te:0360:0284,Bd07_Re-Te,comma_inverted
althusius,Althusius,Bd01_A-B:0131:0172,Bd01_A-B,primary
althusser,Althusser,Bd01_A-B:0132:0173,Bd01_A-B,primary
altruismus,Altruismus,Bd01_A-B:0133:0174,Bd01_A-B,primary
alttextschule,Alttextschule,Bd01_A-B:0134:0175,Bd01_A-B,primary
alttextschule,Alttextschule,Bd04_Ins-Loc:0308:0222,Bd01_A-B,redirect_alias
amalrich,Amalrich,Bd01_A-B:0134:0176,Bd01_A-B,primary
ambiguitat,Ambiguität,Bd01_A-B:0134:0177,Bd01_A-B,primary
ambivalenz,Ambivalenz,Bd01_A-B:0136:0178,Bd01_A-B,primary
amelios gentilianus,Amelios Gentilianus,Bd01_A-B:0136:0179,Bd01_A-B,primary
amitābha,Amitābha,Bd01_A-B:0136:0180,Bd01_A-B,primary
amitābha,Amitābha,Bd06_O-Ra:0229:0193,Bd01_A-B,redirect_alias
ammonios hermeiu,Ammonios Hermeiu,Bd01_A-B:0136:0181,Bd01_A-B,primary
ammonios sakkas,Ammonios Sakkas,Bd01_A-B:0137:0182,Bd01_A-B,primary
amor dei intellectualis,amor dei intellectualis,Bd01_A-B:0137:0184,Bd01_A-B,primary
amor fati,amor fati,Bd01_A-B:0137:0185,Bd01_A-B,primary
amoralismus,Amoralismus,Bd01_A-B:0137:0183,Bd01_A-B,primary
ampere,Ampère,Bd01_A-B:0138:0186,Bd01_A-B,primary
amphibolie,Amphibolie,Bd01_A-B:0139:0187,Bd01_A-B,primary
an sich,an sich,Bd01_A-B:0175:0239,Bd01_A-B,primary
an und fur sich,an und für sich,Bd01_A-B:0195:0273,Bd01_A-B,primary
anagoge,Anagoge,Bd01_A-B:0139:0188,Bd01_A-B,primary
analecta,Analecta,Bd01_A-B:0139:0189,Bd01_A-B,primary
analecta,Analecta,Bd04_Ins-Loc:0310:0223,Bd01_A-B,redirect_alias
analogia entis,analogia entis,Bd01_A-B:0139:0190,Bd01_A-B,primary
analogie,Analogie,Bd01_A-B:0141:0191,Bd01_A-B,primary
analogien der erfahrung,Analogien der Erfahrung,Bd01_A-B:0142:0192,Bd01_A-B,primary
analogieschluss,Analogieschluß,Bd01_A-B:0143:0193,Bd01_A-B,primary
analogon,Analogon,Bd01_A-B:0143:0194,Bd01_A-B,primary
analyse,Analyse,Bd01_A-B:0143:0195,Bd01_A-B,primary
"analyse, logische","Analyse, logische",Bd01_A-B:0145:0196,Bd01_A-B,primary
analysis,Analysis,Bd01_A-B:0146:0197,Bd01_A-B,primary
analysis situs,Analysis situs,Bd01_A-B:0147:0198,Bd01_A-B,primary
analytik,Analytik,Bd01_A-B:0147:0199,Bd01_A-B,primary
"analytik, transzendentale","Analytik, transzendentale",Bd01_A-B:0147:0200,Bd01_A-B,primary
analytisch,analytisch,Bd01_A-B:0148:0201,Bd01_A-B,primary
analytische geometrie,analytische Geometrie,Bd03_G-Inn:0107:0077,Bd03_G-Inn,comma_inverted
analytische methode,analytische Methode,Bd05_Log-N:0403:0289,Bd05_Log-N,comma_inverted
analytische philosophie,analytische Philosophie,Bd06_O-Ra:0222:0190,Bd06_O-Ra,comma_inverted
analytische philosophie,analytische Philosophie,Bd01_A-B:0149:0202,Bd01_A-B,primary
analytische philosophie,analytische Philosophie,Bd06_O-Ra:0222:0190,Bd01_A-B,redirect_alias
analytische wissenschaftstheorie,analytische Wissenschaftstheorie,Bd08_Th-Z:0582:0542,Bd08_Th-Z,comma_inverted
analytische wissenschaftstheorie,analytische Wissenschaftstheorie,Bd01_A-B:0149:0203,Bd01_A-B,primary
analytisches urteil,analytisches Urteil,Bd08_Th-Z:0252:0214,Bd08_Th-Z,comma_inverted
analytizitatspostulat,Analytizitätspostulat,Bd01_A-B:0149:0204,Bd01_A-B,primary
anamnesis,Anamnesis,Bd01_A-B:0150:0205,Bd01_A-B,primary
anarchismus,Anarchismus,Bd01_A-B:0150:0206,Bd01_A-B,primary
"anarchismus, erkenntnistheoretischer","Anarchismus, erkenntnistheoretischer",Bd01_A-B:0152:0207,Bd01_A-B,primary
anarchistische erkenntnistheorie,anarchistische Erkenntnistheorie,Bd02_C-F:0397:0453,Bd02_C-F,comma_inverted
anatolios,Anatolios,Bd01_A-B:0152:0208,Bd01_A-B,primary
anaxagoras,Anaxagoras,Bd01_A-B:0152:0209,Bd01_A-B,primary
anaximander,Anaximander,Bd01_A-B:0153:0210,Bd01_A-B,primary
anaximenes,Anaximenes,Bd01_A-B:0155:0211,Bd01_A-B,primary
ancilla theologiae,ancilla theologiae,Bd01_A-B:0155:0212,Bd01_A-B,primary
"andere, das","Andere, das",Bd01_A-B:0156:0213,Bd01_A-B,primary
"andere, der","Andere, der",Bd01_A-B:0156:0214,Bd01_A-B,primary
andronikos,Andronikos,Bd01_A-B:0158:0215,Bd01_A-B,primary
anerkennung,Anerkennung,Bd01_A-B:0158:0216,Bd01_A-B,primary
anfang,Anfang,Bd01_A-B:0159:0217,Bd01_A-B,primary
anfangsbedingung,Anfangsbedingung,Bd01_A-B:0161:0218,Bd01_A-B,primary
anfangsregel,Anfangsregel,Bd01_A-B:0161:0219,Bd01_A-B,primary
anfuhrungszeichen,Anführungszeichen,Bd01_A-B:0162:0220,Bd01_A-B,primary
angeborene idee,angeborene Idee,Bd03_G-Inn:0541:0389,Bd03_G-Inn,comma_inverted
angelus silesius,Angelus Silesius,Bd01_A-B:0162:0221,Bd01_A-B,primary
angewandte ethik,angewandte Ethik,Bd02_C-F:0429:0476,Bd02_C-F,comma_inverted
angriff,Angriff,Bd01_A-B:0162:0222,Bd01_A-B,primary
angst,Angst,Bd01_A-B:0163:0223,Bd01_A-B,primary
anima,anima,Bd01_A-B:0164:0224,Bd01_A-B,primary
anima,anima,Bd07_Re-Te:0329:0264,Bd01_A-B,redirect_alias
animismus,Animismus,Bd01_A-B:0164:0225,Bd01_A-B,primary
anlage,Anlage,Bd01_A-B:0165:0226,Bd01_A-B,primary
anmut,Anmut,Bd01_A-B:0165:0227,Bd01_A-B,primary
annahme,Annahme,Bd01_A-B:0165:0228,Bd01_A-B,primary
annahmebeweis,Annahmebeweis,Bd01_A-B:0166:0229,Bd01_A-B,primary
annahmebeweis,Annahmebeweis,Bd04_Ins-Loc:0158:0105,Bd01_A-B,redirect_alias
annahmenkalkul,Annahmenkalkül,Bd01_A-B:0166:0230,Bd01_A-B,primary
annam. bhat.t.a,Annam. bhat.t.a,Bd01_A-B:0166:0231,Bd01_A-B,primary
anomalie,Anomalie,Bd01_A-B:0167:0232,Bd01_A-B,primary
anpassung,Anpassung,Bd01_A-B:0168:0233,Bd01_A-B,primary
anschauung,Anschauung,Bd01_A-B:0168:0234,Bd01_A-B,primary
"anschauung, intellektuelle","Anschauung, intellektuelle",Bd01_A-B:0170:0235,Bd01_A-B,primary
anschauungsraum,Anschauungsraum,Bd01_A-B:0170:0236,Bd01_A-B,primary
anschauungsraum,Anschauungsraum,Bd06_O-Ra:0618:0484,Bd01_A-B,redirect_alias
anscombe,Anscombe,Bd01_A-B:0170:0237,Bd01_A-B,primary
anselm von canterbury,Anselm von Canterbury,Bd01_A-B:0172:0238,Bd01_A-B,primary
antagonismus,Antagonismus,Bd01_A-B:0176:0240,Bd01_A-B,primary
antanhairesis,Antanhairesis,Bd01_A-B:0176:0241,Bd01_A-B,primary
antepradikamente,Anteprädikamente,Bd01_A-B:0176:0242,Bd01_A-B,primary
antezedens,Antezedens,Bd01_A-B:0177:0243,Bd01_A-B,primary
anthropisches prinzip,anthropisches Prinzip,Bd06_O-Ra:0450:0343,Bd06_O-Ra,comma_inverted
anthropologie,Anthropologie,Bd01_A-B:0177:0244,Bd01_A-B,primary
anthropologismus,Anthropologismus,Bd01_A-B:0181:0245,Bd01_A-B,primary
anthropomorphismus,Anthropomorphismus,Bd01_A-B:0181:0246,Bd01_A-B,primary
anthroposophie,Anthroposophie,Bd01_A-B:0182:0247,Bd01_A-B,primary
anthropozentrik,Anthropozentrik,Bd01_A-B:0182:0248,Bd01_A-B,slash_half
anthropozentrisch,anthropozentrisch,Bd01_A-B:0182:0248,Bd01_A-B,slash_half
anthropozentrisch/anthropozentrik,anthropozentrisch/Anthropozentrik,Bd01_A-B:0182:0248,Bd01_A-B,primary
anti-realismus,Anti-Realismus,Bd01_A-B:0191:0260,Bd01_A-B,primary
anti-realismus,Anti-Realismus,Bd07_Re-Te:0031:0010,Bd01_A-B,redirect_alias
antichrist,Antichrist,Bd01_A-B:0182:0249,Bd01_A-B,primary
antike logik,antike Logik,Bd05_Log-N:0029:0007,Bd05_Log-N,comma_inverted
antike philosophie,antike Philosophie,Bd06_O-Ra:0228:0191,Bd06_O-Ra,comma_inverted
antilogie,Antilogie,Bd01_A-B:0183:0250,Bd01_A-B,primary
antilogismus,Antilogismus,Bd01_A-B:0183:0251,Bd01_A-B,primary
antinomie,Antinomie,Bd01_A-B:0184:0252,Bd01_A-B,primary
antinomien der mengenlehre,Antinomien der Mengenlehre,Bd01_A-B:0188:0255,Bd01_A-B,primary
"antinomien, logische","Antinomien, logische",Bd01_A-B:0186:0253,Bd01_A-B,primary
"antinomien, semantische","Antinomien, semantische",Bd01_A-B:0187:0254,Bd01_A-B,primary
antiochos von askalon,Antiochos von Askalon,Bd01_A-B:0189:0256,Bd01_A-B,primary
antipatros,Antipatros,Bd01_A-B:0190:0257,Bd01_A-B,primary
antipatros von tyros,Antipatros von Tyros,Bd01_A-B:0190:0258,Bd01_A-B,primary
antiphon,Antiphon,Bd01_A-B:0191:0259,Bd01_A-B,primary
antireflexiv,antireflexiv,Bd01_A-B:0191:0261,Bd01_A-B,slash_half
antireflexiv/antireflexivitat,antireflexiv/Antireflexivität,Bd01_A-B:0191:0261,Bd01_A-B,primary
antireflexiv/antireflexivitat,antireflexiv/Antireflexivität,Bd07_Re-Te:0059:0038,Bd01_A-B,redirect_alias
antireflexivitat,Antireflexivität,Bd01_A-B:0191:0261,Bd01_A-B,slash_half
antisthenes,Antisthenes,Bd01_A-B:0191:0262,Bd01_A-B,primary
antistrephon,Antistrephon,Bd01_A-B:0192:0263,Bd01_A-B,primary
antisyllogismus,Antisyllogismus,Bd01_A-B:0192:0264,Bd01_A-B,primary
antisymmetrie,Antisymmetrie,Bd01_A-B:0192:0265,Bd01_A-B,slash_half
antisymmetrisch,antisymmetrisch,Bd01_A-B:0192:0265,Bd01_A-B,slash_half
antisymmetrisch/antisymmetrie,antisymmetrisch/Antisymmetrie,Bd01_A-B:0192:0265,Bd01_A-B,primary
antithese,Antithese,Bd01_A-B:0192:0266,Bd01_A-B,primary
antithetik,Antithetik,Bd01_A-B:0193:0267,Bd01_A-B,primary
antithetik,Antithetik,Bd01_A-B:0192:0266,Bd01_A-B,redirect_alias
antizipation,Antizipation,Bd01_A-B:0193:0268,Bd01_A-B,primary
antizipationen der wahrnehmung,Antizipationen der Wahrnehmung,Bd01_A-B:0193:0269,Bd01_A-B,primary
antonin von florenz,Antonin von Florenz,Bd01_A-B:0194:0270,Bd01_A-B,primary
antonym,antonym,Bd01_A-B:0194:0271,Bd01_A-B,slash_half
antonym/antonymie,antonym/Antonymie,Bd01_A-B:0194:0271,Bd01_A-B,primary
antonymie,Antonymie,Bd01_A-B:0194:0271,Bd01_A-B,slash_half
anumāna,anumāna,Bd01_A-B:0194:0272,Bd01_A-B,primary
anwendungsfunktion,Anwendungsfunktion,Bd01_A-B:0195:0274,Bd01_A-B,primary
anzahl,Anzahl,Bd01_A-B:0195:0275,Bd01_A-B,primary
anzeichen,Anzeichen,Bd01_A-B:0196:0276,Bd01_A-B,primary
apagoge,Apagoge,Bd01_A-B:0197:0277,Bd01_A-B,primary
apagogischer beweis,apagogischer Beweis,Bd01_A-B:0469:0584,Bd01_A-B,comma_inverted
apathie,Apathie,Bd01_A-B:0197:0278,Bd01_A-B,primary
apeiron,Apeiron,Bd01_A-B:0197:0279,Bd01_A-B,primary
apel,Apel,Bd01_A-B:0198:0280,Bd01_A-B,primary
apelt,Apelt,Bd01_A-B:0199:0281,Bd01_A-B,primary
aphairesis,Aphairesis,Bd01_A-B:0200:0282,Bd01_A-B,primary
apodeiktik,Apodeiktik,Bd01_A-B:0200:0283,Bd01_A-B,primary
apodeiktischer syllogismus,apodeiktischer Syllogismus,Bd07_Re-Te:0620:0521,Bd07_Re-Te,comma_inverted
apodiktisch,apodiktisch,Bd01_A-B:0200:0284,Bd01_A-B,primary
apodiktisches urteil,apodiktisches Urteil,Bd08_Th-Z:0252:0215,Bd08_Th-Z,comma_inverted
apoha,apoha,Bd01_A-B:0200:0285,Bd01_A-B,primary
apollinisch,apollinisch,Bd01_A-B:0201:0286,Bd01_A-B,slash_half
apollinisch/dionysisch,apollinisch/dionysisch,Bd01_A-B:0201:0286,Bd01_A-B,primary
apollonios,Apollonios,Bd01_A-B:0202:0287,Bd01_A-B,primary
apologetik,Apologetik,Bd01_A-B:0202:0288,Bd01_A-B,primary
apophansis,Apophansis,Bd01_A-B:0203:0289,Bd01_A-B,primary
apophantisches urteil,apophantisches Urteil,Bd08_Th-Z:0253:0216,Bd08_Th-Z,comma_inverted
aporem,Aporem,Bd01_A-B:0203:0290,Bd01_A-B,primary
aporetik,Aporetik,Bd01_A-B:0203:0291,Bd01_A-B,primary
aporie,Aporie,Bd01_A-B:0204:0292,Bd01_A-B,primary
aposteriori-wahrscheinlichkeit,Aposteriori-Wahrscheinlichkeit,Bd01_A-B:0204:0294,Bd01_A-B,primary
appellativum,Appellativum,Bd01_A-B:0204:0295,Bd01_A-B,primary
apperzeption,Apperzeption,Bd01_A-B:0204:0296,Bd01_A-B,primary
appetitus,appetitus,Bd01_A-B:0205:0297,Bd01_A-B,primary
appradikator,Apprädikator,Bd01_A-B:0205:0298,Bd01_A-B,primary
apprehension,Apprehension,Bd01_A-B:0206:0299,Bd01_A-B,primary
"apriori, lebensweltliches","Apriori, lebensweltliches",Bd01_A-B:0209:0301,Bd01_A-B,primary
apriori-wahrscheinlichkeit,Apriori-Wahrscheinlichkeit,Bd01_A-B:0212:0303,Bd01_A-B,primary
apriorismus,Apriorismus,Bd01_A-B:0209:0302,Bd01_A-B,primary
aquijunktion,Äquijunktion,Bd01_A-B:0212:0304,Bd01_A-B,primary
aquilibrismus,Äquilibrismus,Bd01_A-B:0212:0305,Bd01_A-B,primary
aquipollent,äquipollent,Bd01_A-B:0212:0306,Bd01_A-B,slash_half
aquipollent/aquipollenz,äquipollent/Äquipollenz,Bd01_A-B:0212:0306,Bd01_A-B,primary
aquipollenz,Äquipollenz,Bd01_A-B:0212:0306,Bd01_A-B,slash_half
aquivalenz,Äquivalenz,Bd01_A-B:0212:0307,Bd01_A-B,primary
aquivalenz von mengen,Äquivalenz (von Mengen),Bd01_A-B:0212:0308,Bd01_A-B,primary
aquivalenzklasse,Äquivalenzklasse,Bd01_A-B:0213:0309,Bd01_A-B,primary
aquivalenzrelation,Äquivalenzrelation,Bd01_A-B:0213:0310,Bd01_A-B,primary
aquivok,äquivok,Bd01_A-B:0213:0311,Bd01_A-B,primary
arabische logik,arabische Logik,Bd05_Log-N:0030:0008,Bd05_Log-N,comma_inverted
aratos,Aratos,Bd01_A-B:0214:0313,Bd01_A-B,primary
arbeit,Arbeit,Bd01_A-B:0215:0314,Bd01_A-B,primary
arbor porphyriana,arbor porphyriana,Bd01_A-B:0216:0315,Bd01_A-B,primary
archelaos,Archelaos,Bd01_A-B:0218:0317,Bd01_A-B,primary
archetypus,Archetypus,Bd01_A-B:0218:0318,Bd01_A-B,primary
archeus,Archeus,Bd01_A-B:0219:0319,Bd01_A-B,primary
archimedes,Archimedes,Bd01_A-B:0219:0320,Bd01_A-B,primary
archimedisches axiom,Archimedisches Axiom,Bd01_A-B:0222:0321,Bd01_A-B,primary
architektonik,Architektonik,Bd01_A-B:0222:0322,Bd01_A-B,slash_half
architektonisch,architektonisch,Bd01_A-B:0222:0322,Bd01_A-B,slash_half
architektonisch/architektonik,architektonisch/Architektonik,Bd01_A-B:0222:0322,Bd01_A-B,primary
archytas,Archytas,Bd01_A-B:0222:0323,Bd01_A-B,primary
archē,Archē,Bd01_A-B:0217:0316,Bd01_A-B,primary
arendt,Arendt,Bd01_A-B:0223:0324,Bd01_A-B,primary
arete,Arete,Bd01_A-B:0225:0327,Bd01_A-B,primary
aretologie,Aretologie,Bd01_A-B:0225:0325,Bd01_A-B,primary
argument,Argument,Bd01_A-B:0225:0326,Bd01_A-B,primary
argument,Argument,Bd01_A-B:0225:0329,Bd01_A-B,redirect_alias
argument logisch,Argument (logisch),Bd01_A-B:0225:0328,Bd01_A-B,primary
argumentation,Argumentation,Bd01_A-B:0225:0329,Bd01_A-B,primary
argumentationstheorie,Argumentationstheorie,Bd01_A-B:0227:0330,Bd01_A-B,primary
argumentausdruck,Argumentausdruck,Bd01_A-B:0230:0331,Bd01_A-B,primary
argumentausdruck,Argumentausdruck,Bd01_A-B:0225:0328,Bd01_A-B,redirect_alias
argumentbereich,Argumentbereich,Bd01_A-B:0230:0332,Bd01_A-B,primary
argumentfunktion,Argumentfunktion,Bd01_A-B:0230:0333,Bd01_A-B,primary
argumentmenge,Argumentmenge,Bd01_A-B:0230:0334,Bd01_A-B,primary
argumentum,argumentum,Bd01_A-B:0230:0335,Bd01_A-B,primary
argumentum in distans,argumentum in distans,Bd01_A-B:0231:0336,Bd01_A-B,primary
aristarchos,Aristarchos,Bd01_A-B:0232:0337,Bd01_A-B,primary
aristippos,Aristippos,Bd01_A-B:0233:0338,Bd01_A-B,primary
aristokles,Aristokles,Bd01_A-B:0234:0339,Bd01_A-B,primary
ariston,Ariston,Bd01_A-B:0234:0340,Bd01_A-B,primary
ariston,Ariston,Bd01_A-B:0234:0341,Bd01_A-B,primary
ariston,Ariston,Bd01_A-B:0234:0342,Bd01_A-B,primary
aristoteles,Aristoteles,Bd01_A-B:0235:0343,Bd01_A-B,primary
aristotelische logik,Aristotelische Logik,Bd01_A-B:0245:0344,Bd01_A-B,primary
aristotelismus,Aristotelismus,Bd01_A-B:0245:0345,Bd01_A-B,primary
aristoxenos,Aristoxenos,Bd01_A-B:0255:0346,Bd01_A-B,primary
arithmetik,Arithmetik,Bd01_A-B:0255:0347,Bd01_A-B,primary
"arithmetik, konstruktive","Arithmetik, konstruktive",Bd01_A-B:0257:0348,Bd01_A-B,primary
"arithmetik, rekursive","Arithmetik, rekursive",Bd01_A-B:0258:0349,Bd01_A-B,primary
"arithmetik, transfinite","Arithmetik, transfinite",Bd01_A-B:0259:0350,Bd01_A-B,primary
arithmetisierung,Arithmetisierung,Bd01_A-B:0259:0351,Bd01_A-B,primary
arithmetisierungstendenz,Arithmetisierungstendenz,Bd01_A-B:0259:0352,Bd01_A-B,primary
arkesilaos von pitane,Arkesilaos von Pitane,Bd01_A-B:0260:0353,Bd01_A-B,primary
arnauld,Arnauld,Bd01_A-B:0260:0354,Bd01_A-B,primary
arrhenius,Arrhenius,Bd01_A-B:0262:0355,Bd01_A-B,primary
ars,ars,Bd01_A-B:0263:0356,Bd01_A-B,primary
ars characteristica,ars characteristica,Bd01_A-B:0264:0357,Bd01_A-B,primary
ars intelligendi,ars intelligendi,Bd01_A-B:0264:0358,Bd01_A-B,primary
ars inveniendi,ars inveniendi,Bd01_A-B:0264:0359,Bd01_A-B,primary
ars iudicandi,ars iudicandi,Bd01_A-B:0265:0360,Bd01_A-B,primary
ars magna,ars magna,Bd01_A-B:0265:0361,Bd01_A-B,primary
art,Art,Bd01_A-B:0266:0362,Bd01_A-B,primary
"art, naturliche","Art, natürliche",Bd01_A-B:0267:0363,Bd01_A-B,primary
artes liberales,artes liberales,Bd01_A-B:0268:0364,Bd01_A-B,primary
artes liberales,artes liberales,Bd01_A-B:0263:0356,Bd01_A-B,redirect_alias
artha,artha,Bd01_A-B:0268:0365,Bd01_A-B,primary
artificial life,Artificial Life,Bd01_A-B:0268:0366,Bd01_A-B,primary
artikulation,Artikulation,Bd01_A-B:0270:0367,Bd01_A-B,primary
artikulator,Artikulator,Bd01_A-B:0271:0368,Bd01_A-B,primary
asaṅga,Asaṅga,Bd01_A-B:0272:0369,Bd01_A-B,primary
askription,Askription,Bd01_A-B:0274:0371,Bd01_A-B,slash_half
askription/askriptivismus,Askription/Askriptivismus,Bd01_A-B:0274:0371,Bd01_A-B,primary
askriptivismus,Askriptivismus,Bd01_A-B:0274:0371,Bd01_A-B,slash_half
aspekt,Aspekt,Bd01_A-B:0276:0372,Bd01_A-B,primary
aspekt,Aspekt,Bd03_G-Inn:0462:0334,Bd01_A-B,redirect_alias
assertorisch,assertorisch,Bd01_A-B:0276:0373,Bd01_A-B,primary
assertorischer syllogismus,assertorischer Syllogismus,Bd07_Re-Te:0620:0522,Bd07_Re-Te,comma_inverted
assertorisches urteil,assertorisches Urteil,Bd08_Th-Z:0253:0217,Bd08_Th-Z,comma_inverted
assoziationstheorie,Assoziationstheorie,Bd01_A-B:0276:0374,Bd01_A-B,primary
assoziativ,assoziativ,Bd01_A-B:0276:0375,Bd01_A-B,slash_half
assoziativ/assoziativitat,assoziativ/Assoziativität,Bd01_A-B:0276:0375,Bd01_A-B,primary
assoziativgesetz,Assoziativgesetz,Bd01_A-B:0276:0376,Bd01_A-B,primary
assoziativitat,Assoziativität,Bd01_A-B:0276:0375,Bd01_A-B,slash_half
ast,Ast,Bd01_A-B:0277:0377,Bd01_A-B,primary
asthetik,Ästhetik,Bd01_A-B:0277:0379,Bd01_A-B,slash_half
asthetik,Ästhetik,Bd01_A-B:0288:0380,Bd01_A-B,slash_half
"asthetik, transzendentale","Ästhetik, transzendentale",Bd01_A-B:0277:0378,Bd01_A-B,primary
asthetisch,ästhetisch,Bd01_A-B:0277:0379,Bd01_A-B,slash_half
asthetisch,ästhetisch,Bd01_A-B:0288:0380,Bd01_A-B,slash_half
asthetisch/asthetik,ästhetisch/Ästhetik,Bd01_A-B:0277:0379,Bd01_A-B,primary
asthetisch/asthetik endeetisch,ästhetisch/Ästhetik (endeetisch),Bd01_A-B:0288:0380,Bd01_A-B,primary
asthetische erfahrung,ästhetische Erfahrung,Bd02_C-F:0381:0440,Bd02_C-F,comma_inverted
asthetisches urteil,ästhetisches Urteil,Bd08_Th-Z:0253:0218,Bd08_Th-Z,comma_inverted
asthetizismus,Ästhetizismus,Bd01_A-B:0290:0381,Bd01_A-B,primary
astrologie,Astrologie,Bd01_A-B:0291:0382,Bd01_A-B,primary
astronomie,Astronomie,Bd01_A-B:0293:0383,Bd01_A-B,primary
asymmetrie,Asymmetrie,Bd01_A-B:0297:0385,Bd01_A-B,slash_half
asymmetrisch,asymmetrisch,Bd01_A-B:0297:0385,Bd01_A-B,slash_half
asymmetrisch/asymmetrie,asymmetrisch/Asymmetrie,Bd01_A-B:0297:0385,Bd01_A-B,primary
ataraxie,Ataraxie,Bd01_A-B:0297:0386,Bd01_A-B,primary
atheismus,Atheismus,Bd01_A-B:0298:0387,Bd01_A-B,primary
atheismusstreit,Atheismusstreit,Bd01_A-B:0301:0388,Bd01_A-B,primary
ather,Äther,Bd01_A-B:0301:0389,Bd01_A-B,primary
atom,Atom,Bd01_A-B:0303:0391,Bd01_A-B,primary
"atom, logisches","Atom, logisches",Bd01_A-B:0304:0392,Bd01_A-B,primary
"atom, logisches","Atom, logisches",Bd01_A-B:0306:0395,Bd01_A-B,redirect_alias
atomfigur,Atomfigur,Bd01_A-B:0304:0393,Bd01_A-B,primary
atomismus,Atomismus,Bd01_A-B:0304:0394,Bd01_A-B,primary
"atomismus, logischer","Atomismus, logischer",Bd01_A-B:0306:0395,Bd01_A-B,primary
attikos,Attikos,Bd01_A-B:0308:0396,Bd01_A-B,primary
attische philosophie,attische Philosophie,Bd06_O-Ra:0229:0192,Bd06_O-Ra,comma_inverted
attraktion,Attraktion,Bd01_A-B:0308:0397,Bd01_A-B,slash_half
attraktion/repulsion,Attraktion/Repulsion,Bd01_A-B:0308:0397,Bd01_A-B,primary
"attraktor, seltsamer","Attraktor, seltsamer",Bd01_A-B:0308:0398,Bd01_A-B,primary
attribut,Attribut,Bd01_A-B:0310:0399,Bd01_A-B,primary
attributionsanalogie,Attributionsanalogie,Bd01_A-B:0310:0400,Bd01_A-B,primary
attributionsanalogie,Attributionsanalogie,Bd01_A-B:0139:0190,Bd01_A-B,redirect_alias
aufbau,Aufbau,Bd01_A-B:0310:0401,Bd01_A-B,primary
aufheben,aufheben,Bd01_A-B:0310:0402,Bd01_A-B,slash_half
aufheben/aufhebung,aufheben/Aufhebung,Bd01_A-B:0310:0402,Bd01_A-B,primary
aufhebung,Aufhebung,Bd01_A-B:0310:0402,Bd01_A-B,slash_half
aufklarung,Aufklärung,Bd01_A-B:0310:0403,Bd01_A-B,primary
aufzahlbar,aufzählbar,Bd01_A-B:0315:0404,Bd01_A-B,slash_half
aufzahlbar/aufzahlbarkeit,aufzählbar/Aufzählbarkeit,Bd01_A-B:0315:0404,Bd01_A-B,primary
aufzahlbarkeit,Aufzählbarkeit,Bd01_A-B:0315:0404,Bd01_A-B,slash_half
augustinismus,Augustinismus,Bd01_A-B:0315:0405,Bd01_A-B,primary
"augustinus, aurelius","Augustinus, Aurelius",Bd01_A-B:0316:0406,Bd01_A-B,primary
ausdehnung,Ausdehnung,Bd01_A-B:0320:0407,Bd01_A-B,primary
ausdehnungslehre,Ausdehnungslehre,Bd01_A-B:0320:0408,Bd01_A-B,primary
ausdruck,Ausdruck,Bd01_A-B:0321:0409,Bd01_A-B,primary
ausdruck logisch,Ausdruck (logisch),Bd01_A-B:0323:0410,Bd01_A-B,primary
ausdruckskalkul,Ausdruckskalkül,Bd01_A-B:0323:0411,Bd01_A-B,primary
auslegung,Auslegung,Bd01_A-B:0324:0412,Bd01_A-B,primary
aussage,Aussage,Bd01_A-B:0324:0413,Bd01_A-B,primary
"aussage, darstellende","Aussage, darstellende",Bd01_A-B:0329:0414,Bd01_A-B,primary
aussageform,Aussageform,Bd01_A-B:0329:0415,Bd01_A-B,primary
"aussageform, darstellende","Aussageform, darstellende",Bd01_A-B:0330:0416,Bd01_A-B,primary
aussagefunktion,Aussagefunktion,Bd01_A-B:0330:0417,Bd01_A-B,primary
aussagenalgebra,Aussagenalgebra,Bd01_A-B:0330:0418,Bd01_A-B,primary
aussagenalgebra,Aussagenalgebra,Bd01_A-B:0115:0140,Bd01_A-B,redirect_alias
aussagenkalkul,Aussagenkalkül,Bd01_A-B:0330:0419,Bd01_A-B,primary
aussagenlogik,Aussagenlogik,Bd01_A-B:0330:0420,Bd01_A-B,primary
aussagenvariable,Aussagenvariable,Bd01_A-B:0330:0421,Bd01_A-B,primary
aussageschema,Aussageschema,Bd01_A-B:0330:0422,Bd01_A-B,primary
aussenbegriff,Außenbegriff,Bd01_A-B:0331:0423,Bd01_A-B,primary
aussenwelt,Außenwelt,Bd01_A-B:0331:0424,Bd01_A-B,primary
ausserer sinn,äußerer Sinn,Bd07_Re-Te:0409:0332,Bd07_Re-Te,comma_inverted
aussersinnliche wahrnehmung,außersinnliche Wahrnehmung,Bd08_Th-Z:0416:0402,Bd08_Th-Z,comma_inverted
ausserung,Äußerung,Bd01_A-B:0331:0425,Bd01_A-B,primary
aussonderungsaxiom,Aussonderungsaxiom,Bd01_A-B:0334:0426,Bd01_A-B,primary
austin,Austin,Bd01_A-B:0334:0427,Bd01_A-B,primary
auswahlaxiom,Auswahlaxiom,Bd01_A-B:0336:0428,Bd01_A-B,primary
auswahlfunktion,Auswahlfunktion,Bd01_A-B:0337:0429,Bd01_A-B,primary
auswahlfunktion,Auswahlfunktion,Bd01_A-B:0336:0428,Bd01_A-B,redirect_alias
auswahlmenge,Auswahlmenge,Bd01_A-B:0337:0430,Bd01_A-B,primary
auswahlmenge,Auswahlmenge,Bd01_A-B:0336:0428,Bd01_A-B,redirect_alias
auswahlprinzip,Auswahlprinzip,Bd01_A-B:0337:0431,Bd01_A-B,primary
auswahlprinzip,Auswahlprinzip,Bd01_A-B:0336:0428,Bd01_A-B,redirect_alias
auswahlsatz,Auswahlsatz,Bd01_A-B:0337:0432,Bd01_A-B,primary
autarkie,Autarkie,Bd01_A-B:0337:0433,Bd01_A-B,primary
autolykos,Autolykos,Bd01_A-B:0338:0434,Bd01_A-B,primary
automat,Automat,Bd01_A-B:0338:0435,Bd01_A-B,primary
"automat, zellularer","Automat, zellulärer",Bd01_A-B:0340:0436,Bd01_A-B,primary
automatentheorie,Automatentheorie,Bd01_A-B:0341:0437,Bd01_A-B,primary
autonomie,Autonomie,Bd01_A-B:0343:0438,Bd01_A-B,primary
autonym,autonym,Bd01_A-B:0345:0439,Bd01_A-B,primary
autopoiesis,Autopoiesis,Bd01_A-B:0345:0440,Bd01_A-B,primary
autoritat,Autorität,Bd01_A-B:0346:0441,Bd01_A-B,primary
autosemantisch,autosemantisch,Bd01_A-B:0347:0442,Bd01_A-B,primary
avempace,Avempace,Bd01_A-B:0347:0443,Bd01_A-B,primary
avenarius,Avenarius,Bd01_A-B:0348:0444,Bd01_A-B,primary
averroes,Averroës,Bd01_A-B:0348:0445,Bd01_A-B,primary
averroismus,Averroismus,Bd01_A-B:0351:0446,Bd01_A-B,primary
avicebron,Avicebron,Bd01_A-B:0352:0447,Bd01_A-B,primary
avicenna,Avicenna,Bd01_A-B:0353:0448,Bd01_A-B,primary
avidyā,avidyā,Bd01_A-B:0355:0449,Bd01_A-B,primary
axiologie,Axiologie,Bd01_A-B:0355:0450,Bd01_A-B,primary
axiologische logik,axiologische Logik,Bd05_Log-N:0032:0010,Bd05_Log-N,comma_inverted
axiom,Axiom,Bd01_A-B:0356:0451,Bd01_A-B,primary
"axiom, multiplikatives","Axiom, multiplikatives",Bd01_A-B:0357:0452,Bd01_A-B,primary
axiomatik,Axiomatik,Bd01_A-B:0358:0453,Bd01_A-B,primary
axiomatische mengenlehre,axiomatische Mengenlehre,Bd05_Log-N:0351:0247,Bd05_Log-N,comma_inverted
axiomatische methode,axiomatische Methode,Bd05_Log-N:0405:0290,Bd05_Log-N,comma_inverted
axiomatische theorie,axiomatische Theorie,Bd08_Th-Z:0050:0021,Bd08_Th-Z,comma_inverted
axiomatisches system,axiomatisches System,Bd07_Re-Te:0652:0560,Bd07_Re-Te,comma_inverted
axiomatisierung,Axiomatisierung,Bd01_A-B:0358:0454,Bd01_A-B,primary
axiomatisierung,Axiomatisierung,Bd07_Re-Te:0652:0560,Bd01_A-B,redirect_alias
axiomenschema,Axiomenschema,Bd01_A-B:0358:0455,Bd01_A-B,primary
axiomenschema,Axiomenschema,Bd07_Re-Te:0652:0560,Bd01_A-B,redirect_alias
axiomensystem,Axiomensystem,Bd01_A-B:0358:0456,Bd01_A-B,primary
axiomensystem,Axiomensystem,Bd07_Re-Te:0652:0560,Bd01_A-B,redirect_alias
"axiomensystem, peanosches","Axiomensystem, Peanosches",Bd01_A-B:0358:0457,Bd01_A-B,primary
"axiomensystem, peanosches","Axiomensystem, Peanosches",Bd06_O-Ra:0155:0132,Bd01_A-B,redirect_alias
ayer,Ayer,Bd01_A-B:0358:0458,Bd01_A-B,primary
aśvaghos.a,Aśvaghos.a,Bd01_A-B:0296:0384,Bd01_A-B,primary
baader,Baader,Bd01_A-B:0360:0459,Bd01_A-B,primary
babbage,Babbage,Bd01_A-B:0361:0460,Bd01_A-B,primary
bachelard,Bachelard,Bd01_A-B:0362:0461,Bd01_A-B,primary
bachia bakya ben joseph ibn pakuda,Bachia (Bakya) Ben Joseph Ibn Pakuda,Bd01_A-B:0363:0462,Bd01_A-B,primary
bachmann,Bachmann,Bd01_A-B:0364:0463,Bd01_A-B,primary
bachofen,Bachofen,Bd01_A-B:0365:0464,Bd01_A-B,primary
bacon,Bacon,Bd01_A-B:0366:0465,Bd01_A-B,primary
bacon,Bacon,Bd01_A-B:0367:0466,Bd01_A-B,primary
badische schule,Badische Schule,Bd01_A-B:0369:0468,Bd01_A-B,primary
badische schule,Badische Schule,Bd05_Log-N:0559:0445,Bd01_A-B,redirect_alias
baer,Baer,Bd01_A-B:0369:0469,Bd01_A-B,primary
bahnsen,Bahnsen,Bd01_A-B:0370:0470,Bd01_A-B,primary
baier,Baier,Bd01_A-B:0370:0471,Bd01_A-B,primary
bain,Bain,Bd01_A-B:0371:0472,Bd01_A-B,primary
bakunin,Bakunin,Bd01_A-B:0372:0473,Bd01_A-B,primary
baliani,Baliani,Bd01_A-B:0373:0474,Bd01_A-B,primary
balmes,Balmes,Bd01_A-B:0374:0475,Bd01_A-B,primary
bar-hillel,Bar-Hillel,Bd01_A-B:0374:0477,Bd01_A-B,primary
barbara,Barbara,Bd01_A-B:0374:0476,Bd01_A-B,primary
barrow,Barrow,Bd01_A-B:0375:0478,Bd01_A-B,primary
barth,Barth,Bd01_A-B:0375:0479,Bd01_A-B,primary
barthes,Barthes,Bd01_A-B:0377:0480,Bd01_A-B,primary
basis,Basis,Bd01_A-B:0379:0481,Bd01_A-B,primary
"basis, okonomische","Basis, ökonomische",Bd01_A-B:0379:0482,Bd01_A-B,primary
basisformel,Basisformel,Bd01_A-B:0379:0483,Bd01_A-B,primary
basisformel,Basisformel,Bd01_A-B:0381:0485,Bd01_A-B,redirect_alias
basishandlung,Basishandlung,Bd01_A-B:0379:0484,Bd01_A-B,primary
basiskonjunktion,Basiskonjunktion,Bd01_A-B:0381:0485,Bd01_A-B,primary
basisproblem,Basisproblem,Bd01_A-B:0381:0486,Bd01_A-B,primary
basisproblem,Basisproblem,Bd01_A-B:0381:0487,Bd01_A-B,redirect_alias
basissatz,Basissatz,Bd01_A-B:0381:0487,Bd01_A-B,primary
basso,Basso,Bd01_A-B:0382:0488,Bd01_A-B,primary
bataille,Bataille,Bd01_A-B:0382:0489,Bd01_A-B,primary
bauch,Bauch,Bd01_A-B:0383:0490,Bd01_A-B,primary
baudrillard,Baudrillard,Bd01_A-B:0383:0491,Bd01_A-B,primary
bauer,Bauer,Bd01_A-B:0385:0492,Bd01_A-B,primary
baum logisch-mathematisch,Baum (logisch-mathematisch),Bd01_A-B:0386:0493,Bd01_A-B,primary
baumgarten,Baumgarten,Bd01_A-B:0388:0494,Bd01_A-B,primary
bayes,Bayes,Bd01_A-B:0390:0495,Bd01_A-B,primary
bayesianismus,Bayesianismus,Bd01_A-B:0391:0496,Bd01_A-B,primary
bayessches theorem,Bayessches Theorem,Bd01_A-B:0394:0497,Bd01_A-B,primary
bayle,Bayle,Bd01_A-B:0396:0498,Bd01_A-B,primary
beauvoir,Beauvoir,Bd01_A-B:0397:0499,Bd01_A-B,primary
becher,Becher,Bd01_A-B:0398:0500,Bd01_A-B,primary
beck,Beck,Bd01_A-B:0399:0501,Bd01_A-B,primary
becker,Becker,Bd01_A-B:0399:0502,Bd01_A-B,primary
beda venerabilis,Beda Venerabilis,Bd01_A-B:0400:0503,Bd01_A-B,primary
bedeutung,Bedeutung,Bd01_A-B:0401:0504,Bd01_A-B,primary
bedeutungspostulat,Bedeutungspostulat,Bd01_A-B:0403:0505,Bd01_A-B,primary
bedeutungspostulat,Bedeutungspostulat,Bd01_A-B:0149:0204,Bd01_A-B,redirect_alias
bedingte definition,bedingte Definition,Bd02_C-F:0157:0175,Bd02_C-F,comma_inverted
bedingung,Bedingung,Bd01_A-B:0403:0506,Bd01_A-B,primary
bedurfnis,Bedürfnis,Bd01_A-B:0404:0507,Bd01_A-B,primary
beeckman,Beeckman,Bd01_A-B:0406:0508,Bd01_A-B,primary
befindlichkeit,Befindlichkeit,Bd01_A-B:0407:0509,Bd01_A-B,primary
begreifen,begreifen,Bd01_A-B:0407:0510,Bd01_A-B,primary
begriff,Begriff,Bd01_A-B:0408:0511,Bd01_A-B,primary
"begriff, einfacher","Begriff, einfacher",Bd01_A-B:0410:0512,Bd01_A-B,primary
"begriff, unendlicher","Begriff, unendlicher",Bd01_A-B:0411:0513,Bd01_A-B,primary
"begriff, vollstandiger","Begriff, vollständiger",Bd01_A-B:0411:0514,Bd01_A-B,primary
"begriffe, identische","Begriffe, identische",Bd01_A-B:0412:0515,Bd01_A-B,primary
"begriffe, theoretische","Begriffe, theoretische",Bd01_A-B:0412:0516,Bd01_A-B,primary
begriffsgeschichte,Begriffsgeschichte,Bd01_A-B:0414:0517,Bd01_A-B,primary
begriffsinhalt,Begriffsinhalt,Bd01_A-B:0415:0518,Bd01_A-B,primary
begriffsinhalt,Begriffsinhalt,Bd04_Ins-Loc:0037:0015,Bd01_A-B,redirect_alias
begriffslogik,Begriffslogik,Bd01_A-B:0415:0519,Bd01_A-B,primary
begriffspyramide,Begriffspyramide,Bd01_A-B:0415:0520,Bd01_A-B,primary
begriffsrealismus,Begriffsrealismus,Bd01_A-B:0415:0521,Bd01_A-B,primary
begriffsschrift,Begriffsschrift,Bd01_A-B:0415:0522,Bd01_A-B,primary
begriffsumfang,Begriffsumfang,Bd01_A-B:0416:0523,Bd01_A-B,primary
begriffsumfang,Begriffsumfang,Bd02_C-F:0478:0531,Bd01_A-B,redirect_alias
begrundung,Begründung,Bd01_A-B:0416:0524,Bd01_A-B,primary
begrundungstheoretischer fundamentalismus,begründungstheoretischer Fundamentalismus,Bd02_C-F:0601:0644,Bd02_C-F,comma_inverted
begrundungszusammenhang,Begründungszusammenhang,Bd01_A-B:0418:0525,Bd01_A-B,primary
begrundungszusammenhang,Begründungszusammenhang,Bd02_C-F:0348:0403,Bd02_C-F,slash_half
behauptung,Behauptung,Bd01_A-B:0418:0526,Bd01_A-B,primary
behaviorismus,Behaviorismus,Bd01_A-B:0418:0527,Bd01_A-B,primary
behmann,Behmann,Bd01_A-B:0420:0528,Bd01_A-B,primary
beispiel,Beispiel,Bd01_A-B:0421:0529,Bd01_A-B,primary
belegung,Belegung,Bd01_A-B:0422:0530,Bd01_A-B,primary
bellarmino,Bellarmino,Bd01_A-B:0422:0531,Bd01_A-B,primary
bellum omnium contra omnes,bellum omnium contra omnes,Bd01_A-B:0423:0532,Bd01_A-B,primary
beltrami,Beltrami,Bd01_A-B:0424:0533,Bd01_A-B,primary
benedetti,Benedetti,Bd01_A-B:0424:0534,Bd01_A-B,primary
beneke,Beneke,Bd01_A-B:0425:0535,Bd01_A-B,primary
benennung,Benennung,Bd01_A-B:0426:0536,Bd01_A-B,primary
benjamin,Benjamin,Bd01_A-B:0427:0537,Bd01_A-B,primary
bense,Bense,Bd01_A-B:0429:0538,Bd01_A-B,primary
bentham,Bentham,Bd01_A-B:0430:0539,Bd01_A-B,primary
bentham,Bentham,Bd01_A-B:0430:0540,Bd01_A-B,primary
beobachtung,Beobachtung,Bd01_A-B:0432:0541,Bd01_A-B,primary
beobachtungssprache,Beobachtungssprache,Bd01_A-B:0434:0542,Bd01_A-B,primary
beratung,Beratung,Bd01_A-B:0435:0543,Bd01_A-B,primary
berdjajew,Berdjajew,Bd01_A-B:0435:0544,Bd01_A-B,primary
berechenbar,berechenbar,Bd01_A-B:0436:0545,Bd01_A-B,slash_half
berechenbar/berechenbarkeit,berechenbar/Berechenbarkeit,Bd01_A-B:0436:0545,Bd01_A-B,primary
berechenbarkeit,Berechenbarkeit,Bd01_A-B:0436:0545,Bd01_A-B,slash_half
bereich,Bereich,Bd01_A-B:0437:0546,Bd01_A-B,primary
berengar von tours,Berengar von Tours,Bd01_A-B:0437:0547,Bd01_A-B,primary
bergmann,Bergmann,Bd01_A-B:0437:0548,Bd01_A-B,primary
bergson,Bergson,Bd01_A-B:0438:0549,Bd01_A-B,primary
berkeley,Berkeley,Bd01_A-B:0440:0550,Bd01_A-B,primary
bernard,Bernard,Bd01_A-B:0442:0551,Bd01_A-B,primary
bernays,Bernays,Bd01_A-B:0443:0552,Bd01_A-B,primary
bernhard silvestris von tours,Bernhard Silvestris von Tours,Bd01_A-B:0444:0553,Bd01_A-B,primary
bernhard von chartres,Bernhard von Chartres,Bd01_A-B:0444:0554,Bd01_A-B,primary
bernhard von clairvaux,Bernhard von Clairvaux,Bd01_A-B:0444:0555,Bd01_A-B,primary
bernhard von verdun,Bernhard von Verdun,Bd01_A-B:0445:0556,Bd01_A-B,primary
bernoulli,Bernoulli,Bd01_A-B:0445:0557,Bd01_A-B,primary
bernoulli,Bernoulli,Bd01_A-B:0446:0558,Bd01_A-B,primary
bernoulli,Bernoulli,Bd01_A-B:0448:0559,Bd01_A-B,primary
bernoullisches theorem,Bernoullisches Theorem,Bd01_A-B:0450:0560,Bd01_A-B,primary
bernoullisches theorem,Bernoullisches Theorem,Bd03_G-Inn:0142:0101,Bd01_A-B,redirect_alias
bertalanffy,Bertalanffy,Bd01_A-B:0450:0561,Bd01_A-B,primary
bertrandsche paradoxie,Bertrandsche Paradoxie,Bd01_A-B:0451:0562,Bd01_A-B,primary
beschreibung,Beschreibung,Bd01_A-B:0452:0563,Bd01_A-B,primary
beseitigungsregeln,Beseitigungsregeln,Bd01_A-B:0453:0564,Bd01_A-B,primary
besonderheit,Besonderheit,Bd01_A-B:0453:0565,Bd01_A-B,primary
besonnenheit,Besonnenheit,Bd01_A-B:0453:0566,Bd01_A-B,primary
bessel,Bessel,Bd01_A-B:0454:0567,Bd01_A-B,primary
bestatigung,Bestätigung,Bd01_A-B:0455:0568,Bd01_A-B,primary
bestatigungsfunktion,Bestätigungsfunktion,Bd01_A-B:0457:0569,Bd01_A-B,primary
bestatigungstheorie,Bestätigungstheorie,Bd01_A-B:0458:0570,Bd01_A-B,primary
beste welt,beste Welt,Bd08_Th-Z:0468:0440,Bd08_Th-Z,comma_inverted
bestimmtheit,Bestimmtheit,Bd01_A-B:0458:0571,Bd01_A-B,primary
bestimmtheitsaxiom,Bestimmtheitsaxiom,Bd01_A-B:0458:0572,Bd01_A-B,primary
beth,Beth,Bd01_A-B:0459:0573,Bd01_A-B,primary
beth-kriterium,Beth-Kriterium,Bd01_A-B:0459:0574,Bd01_A-B,primary
beth-kriterium,Beth-Kriterium,Bd02_C-F:0151:0172,Bd01_A-B,redirect_alias
beth-semantik,Beth-Semantik,Bd01_A-B:0460:0575,Bd01_A-B,primary
betti,Betti,Bd01_A-B:0460:0576,Bd01_A-B,primary
beurteilungspradikate,Beurteilungsprädikate,Bd01_A-B:0461:0577,Bd01_A-B,primary
beurteilungspradikate,Beurteilungsprädikate,Bd07_Re-Te:0057:0035,Bd01_A-B,redirect_alias
bewahrung,Bewährung,Bd01_A-B:0461:0578,Bd01_A-B,primary
"beweger, unbewegter","Beweger, unbewegter",Bd01_A-B:0463:0579,Bd01_A-B,primary
bewegung,Bewegung,Bd01_A-B:0463:0580,Bd01_A-B,primary
bewegungsgleichungen,Bewegungsgleichungen,Bd01_A-B:0464:0581,Bd01_A-B,primary
bewegungsgrosse,Bewegungsgröße,Bd01_A-B:0465:0582,Bd01_A-B,primary
bewegungsgrosse,Bewegungsgröße,Bd03_G-Inn:0588:0436,Bd01_A-B,redirect_alias
beweis,Beweis,Bd01_A-B:0465:0583,Bd01_A-B,primary
"beweis, apagogischer","Beweis, apagogischer",Bd01_A-B:0469:0584,Bd01_A-B,primary
"beweis, indirekter","Beweis, indirekter",Bd01_A-B:0469:0585,Bd01_A-B,primary
beweisbar,beweisbar,Bd01_A-B:0469:0586,Bd01_A-B,slash_half
beweisbar/beweisbarkeit,beweisbar/Beweisbarkeit,Bd01_A-B:0469:0586,Bd01_A-B,primary
beweisbarkeit,Beweisbarkeit,Bd01_A-B:0469:0586,Bd01_A-B,slash_half
beweisbarkeitslogik,Beweisbarkeitslogik,Bd01_A-B:0470:0587,Bd01_A-B,primary
beweisdefinit,beweisdefinit,Bd01_A-B:0471:0588,Bd01_A-B,slash_half
beweisdefinit/beweisdefinitheit,beweisdefinit/Beweisdefinitheit,Bd01_A-B:0471:0588,Bd01_A-B,primary
beweisdefinitheit,Beweisdefinitheit,Bd01_A-B:0471:0588,Bd01_A-B,slash_half
beweistheoretische semantik,beweistheoretische Semantik,Bd07_Re-Te:0361:0285,Bd07_Re-Te,comma_inverted
beweistheorie,Beweistheorie,Bd01_A-B:0472:0589,Bd01_A-B,primary
bewertung,Bewertung,Bd01_A-B:0473:0590,Bd01_A-B,primary
bewertung,Bewertung,Bd08_Th-Z:0492:0466,Bd01_A-B,redirect_alias
bewertung logisch,Bewertung (logisch),Bd01_A-B:0473:0591,Bd01_A-B,primary
bewertungssemantik,Bewertungssemantik,Bd01_A-B:0473:0592,Bd01_A-B,primary
bewusstsein,Bewußtsein,Bd01_A-B:0475:0593,Bd01_A-B,primary
bewusstsein uberhaupt,Bewußtsein überhaupt,Bd01_A-B:0479:0598,Bd01_A-B,primary
"bewusstsein, falsches","Bewußtsein, falsches",Bd01_A-B:0476:0594,Bd01_A-B,primary
"bewusstsein, falsches","Bewußtsein, falsches",Bd03_G-Inn:0556:0400,Bd01_A-B,redirect_alias
"bewusstsein, historisches","Bewußtsein, historisches",Bd01_A-B:0476:0595,Bd01_A-B,primary
"bewusstsein, ungluckliches","Bewußtsein, unglückliches",Bd01_A-B:0478:0596,Bd01_A-B,primary
bewusstseinsstrom,Bewußtseinsstrom,Bd01_A-B:0478:0597,Bd01_A-B,primary
bezeichnung,Bezeichnung,Bd01_A-B:0479:0599,Bd01_A-B,primary
bezugssystem,Bezugssystem,Bd01_A-B:0479:0600,Bd01_A-B,primary
bhagavadgita,Bhagavadgita,Bd01_A-B:0480:0601,Bd01_A-B,primary
bhagavadgita,Bhagavadgita,Bd01_A-B:0550:0690,Bd01_A-B,redirect_alias
bhakti,bhakti,Bd01_A-B:0481:0603,Bd01_A-B,primary
bhartr.hari,Bhartr.hari,Bd01_A-B:0481:0604,Bd01_A-B,primary
bhāgavata,Bhāgavata,Bd01_A-B:0480:0602,Bd01_A-B,primary
bhās.ya,bhās.ya,Bd01_A-B:0483:0606,Bd01_A-B,primary
bhāskara,Bhāskara,Bd01_A-B:0483:0605,Bd01_A-B,primary
bhāva,bhāva,Bd01_A-B:0484:0607,Bd01_A-B,primary
bhāvaviveka,Bhāvaviveka,Bd01_A-B:0484:0608,Bd01_A-B,primary
"biedermann, gustav","Biedermann, Gustav",Bd01_A-B:0485:0609,Bd01_A-B,primary
biel,Biel,Bd01_A-B:0486:0610,Bd01_A-B,primary
bienenfabel,Bienenfabel,Bd01_A-B:0486:0611,Bd01_A-B,primary
bienenfabel,Bienenfabel,Bd05_Log-N:0217:0142,Bd01_A-B,redirect_alias
bikonditional,Bikonditional,Bd01_A-B:0486:0612,Bd01_A-B,primary
bild,Bild,Bd01_A-B:0486:0613,Bd01_A-B,primary
bild semiotisch,Bild (semiotisch),Bd01_A-B:0488:0614,Bd01_A-B,primary
bildchentheorie,Bildchentheorie,Bd01_A-B:0490:0615,Bd01_A-B,primary
bildtheorie,Bildtheorie,Bd01_A-B:0491:0616,Bd01_A-B,primary
bildtheorie,Bildtheorie,Bd01_A-B:0488:0614,Bd01_A-B,redirect_alias
bildung,Bildung,Bd01_A-B:0491:0617,Bd01_A-B,primary
bildungsregel,Bildungsregel,Bd01_A-B:0492:0618,Bd01_A-B,primary
bildungssprache,Bildungssprache,Bd01_A-B:0492:0619,Bd01_A-B,primary
bilfinger,Bilfinger,Bd01_A-B:0492:0620,Bd01_A-B,primary
binar,binär,Bd01_A-B:0493:0621,Bd01_A-B,primary
binarsystem,Binärsystem,Bd01_A-B:0493:0622,Bd01_A-B,primary
binarsystem,Binärsystem,Bd02_C-F:0270:0308,Bd01_A-B,redirect_alias
binswanger,Binswanger,Bd01_A-B:0493:0623,Bd01_A-B,primary
bioethik,Bioethik,Bd01_A-B:0494:0624,Bd01_A-B,primary
biogenetisches grundgesetz,biogenetisches Grundgesetz,Bd03_G-Inn:0251:0187,Bd03_G-Inn,comma_inverted
biologie,Biologie,Bd01_A-B:0498:0625,Bd01_A-B,primary
biologismus,Biologismus,Bd01_A-B:0501:0626,Bd01_A-B,primary
bios theoretikos,Bios theoretikos,Bd01_A-B:0501:0627,Bd01_A-B,primary
bios theoretikos,Bios theoretikos,Bd08_Th-Z:0358:0342,Bd01_A-B,redirect_alias
bisterfeld,Bisterfeld,Bd01_A-B:0501:0628,Bd01_A-B,primary
bisubjunktion,Bisubjunktion,Bd01_A-B:0502:0629,Bd01_A-B,primary
bisubtraktion,Bisubtraktion,Bd01_A-B:0502:0630,Bd01_A-B,primary
"bitrudschi, al-","Bitrudschi, al-",Bd01_A-B:0502:0631,Bd01_A-B,primary
"bitrudschi, al-","Bitrudschi, al-",Bd01_A-B:0128:0166,Bd01_A-B,redirect_alias
bivalenzprinzip,Bivalenzprinzip,Bd01_A-B:0502:0632,Bd01_A-B,primary
bivalenzprinzip,Bivalenzprinzip,Bd08_Th-Z:0716:0643,Bd01_A-B,redirect_alias
black,Black,Bd01_A-B:0502:0633,Bd01_A-B,primary
black box,black box,Bd01_A-B:0503:0634,Bd01_A-B,primary
blasius von parma,Blasius von Parma,Bd01_A-B:0503:0635,Bd01_A-B,primary
bloch,Bloch,Bd01_A-B:0504:0636,Bd01_A-B,primary
blondel,Blondel,Bd01_A-B:0506:0637,Bd01_A-B,primary
bloomfield,Bloomfield,Bd01_A-B:0507:0638,Bd01_A-B,primary
"blumenberg, hans","Blumenberg, Hans",Bd01_A-B:0508:0639,Bd01_A-B,primary
bocheński,Bocheński,Bd01_A-B:0509:0640,Bd01_A-B,primary
bodhi,bodhi,Bd01_A-B:0510:0641,Bd01_A-B,primary
bodhidharma,Bodhidharma,Bd01_A-B:0510:0642,Bd01_A-B,primary
bodin,Bodin,Bd01_A-B:0510:0643,Bd01_A-B,primary
boerhaave,Boerhaave,Bd01_A-B:0512:0644,Bd01_A-B,primary
boethius,Boethius,Bd01_A-B:0513:0645,Bd01_A-B,primary
boethos,Boëthos,Bd01_A-B:0514:0646,Bd01_A-B,primary
boethos,Boëthos,Bd01_A-B:0515:0647,Bd01_A-B,primary
bohme,Böhme,Bd01_A-B:0515:0648,Bd01_A-B,primary
bohr,Bohr,Bd01_A-B:0516:0649,Bd01_A-B,primary
bolingbroke,Bolingbroke,Bd01_A-B:0518:0650,Bd01_A-B,primary
bolland,Bolland,Bd01_A-B:0519:0651,Bd01_A-B,primary
bollnow,Bollnow,Bd01_A-B:0519:0652,Bd01_A-B,primary
boltzmann,Boltzmann,Bd01_A-B:0520:0653,Bd01_A-B,primary
bolyai,Bolyai,Bd01_A-B:0521:0654,Bd01_A-B,primary
bolzano,Bolzano,Bd01_A-B:0522:0655,Bd01_A-B,primary
bon sens,bon sens,Bd01_A-B:0528:0659,Bd01_A-B,primary
bon sens,bon sens,Bd07_Re-Te:0380:0298,Bd01_A-B,redirect_alias
bonaventura,Bonaventura,Bd01_A-B:0524:0656,Bd01_A-B,primary
bonelles,Bonelles,Bd01_A-B:0526:0657,Bd01_A-B,primary
bonelles,Bonelles,Bd01_A-B:0541:0682,Bd01_A-B,redirect_alias
bonnet,Bonnet,Bd01_A-B:0526:0658,Bd01_A-B,primary
bonum,bonum,Bd01_A-B:0528:0660,Bd01_A-B,primary
bonum commune,bonum commune,Bd01_A-B:0528:0661,Bd01_A-B,primary
bonum commune,bonum commune,Bd03_G-Inn:0087:0051,Bd01_A-B,redirect_alias
boole,Boole,Bd01_A-B:0528:0662,Bd01_A-B,primary
boolesche algebra,Boolesche Algebra,Bd01_A-B:0529:0663,Bd01_A-B,primary
boolesche summe,Boolesche Summe,Bd01_A-B:0529:0664,Bd01_A-B,primary
boolescher verband,Boolescher Verband,Bd01_A-B:0529:0665,Bd01_A-B,primary
bootstrap-modell,Bootstrap-Modell,Bd01_A-B:0530:0666,Bd01_A-B,primary
borel,Borel,Bd01_A-B:0530:0667,Bd01_A-B,primary
borelli,Borelli,Bd01_A-B:0530:0668,Bd01_A-B,primary
born,Born,Bd01_A-B:0532:0669,Bd01_A-B,primary
borro,Borro,Bd01_A-B:0533:0670,Bd01_A-B,primary
bosanquet,Bosanquet,Bd01_A-B:0533:0671,Bd01_A-B,primary
boscovich,Boscovich,Bd01_A-B:0534:0672,Bd01_A-B,primary
"bose, das","Böse, das",Bd01_A-B:0535:0673,Bd01_A-B,primary
bossuet,Bossuet,Bd01_A-B:0536:0674,Bd01_A-B,primary
bouelles,Bouëlles,Bd01_A-B:0537:0675,Bd01_A-B,primary
bouelles,Bouëlles,Bd01_A-B:0541:0682,Bd01_A-B,redirect_alias
bouille,Bouillé,Bd01_A-B:0537:0676,Bd01_A-B,primary
bouille,Bouillé,Bd01_A-B:0541:0682,Bd01_A-B,redirect_alias
bourbaki,Bourbaki,Bd01_A-B:0537:0677,Bd01_A-B,primary
bourdieu,Bourdieu,Bd01_A-B:0538:0678,Bd01_A-B,primary
bouterwek,Bouterwek,Bd01_A-B:0539:0679,Bd01_A-B,primary
boutroux,Boutroux,Bd01_A-B:0539:0680,Bd01_A-B,primary
boutroux,Boutroux,Bd01_A-B:0540:0681,Bd01_A-B,primary
bouvelles,Bouvelles,Bd01_A-B:0541:0682,Bd01_A-B,primary
bovillus,Bovillus,Bd01_A-B:0542:0683,Bd01_A-B,primary
bovillus,Bovillus,Bd01_A-B:0541:0682,Bd01_A-B,redirect_alias
boyle,Boyle,Bd01_A-B:0542:0684,Bd01_A-B,primary
bradley,Bradley,Bd01_A-B:0544:0685,Bd01_A-B,primary
bradwardine,Bradwardine,Bd01_A-B:0545:0686,Bd01_A-B,primary
brahe,Brahe,Bd01_A-B:0546:0687,Bd01_A-B,primary
brahman,brahman,Bd01_A-B:0549:0688,Bd01_A-B,primary
brahmanismus,Brahmanismus,Bd01_A-B:0550:0690,Bd01_A-B,primary
braithwaite,Braithwaite,Bd01_A-B:0551:0691,Bd01_A-B,primary
braithwaite-ramsey-vermutung,Braithwaite-Ramsey-Vermutung,Bd01_A-B:0551:0692,Bd01_A-B,primary
brandt,Brandt,Bd01_A-B:0551:0693,Bd01_A-B,primary
brentano,Brentano,Bd01_A-B:0552:0694,Bd01_A-B,primary
bridgman,Bridgman,Bd01_A-B:0554:0695,Bd01_A-B,primary
broad,Broad,Bd01_A-B:0555:0696,Bd01_A-B,primary
broglie,Broglie,Bd01_A-B:0555:0697,Bd01_A-B,primary
brouwer,Brouwer,Bd01_A-B:0556:0698,Bd01_A-B,primary
brouwerkalkul,Brouwerkalkül,Bd01_A-B:0558:0699,Bd01_A-B,primary
bruckenprinzip,Brückenprinzip,Bd01_A-B:0558:0700,Bd01_A-B,primary
brucker,Brucker,Bd01_A-B:0559:0701,Bd01_A-B,primary
bruderlichkeit,Brüderlichkeit,Bd01_A-B:0560:0702,Bd01_A-B,primary
bruno,Bruno,Bd01_A-B:0560:0703,Bd01_A-B,primary
brunschvicg,Brunschvicg,Bd01_A-B:0562:0704,Bd01_A-B,primary
brāhman.as,Brāhman.as,Bd01_A-B:0549:0689,Bd01_A-B,primary
buber,Buber,Bd01_A-B:0562:0705,Bd01_A-B,primary
buch der natur,Buch der Natur,Bd01_A-B:0565:0707,Bd01_A-B,primary
bucharin,Bucharin,Bd01_A-B:0564:0706,Bd01_A-B,primary
buchner,Büchner,Bd01_A-B:0566:0708,Bd01_A-B,primary
buddhaghosa,Buddhaghosa,Bd01_A-B:0567:0709,Bd01_A-B,primary
buddhapālita,Buddhapālita,Bd01_A-B:0567:0710,Bd01_A-B,primary
buddhi,buddhi,Bd01_A-B:0568:0711,Bd01_A-B,primary
buddhistische philosophie,buddhistische Philosophie,Bd06_O-Ra:0229:0193,Bd06_O-Ra,comma_inverted
buffon,Buffon,Bd01_A-B:0568:0712,Bd01_A-B,primary
buffonsches nadelproblem,Buffonsches Nadelproblem,Bd01_A-B:0569:0713,Bd01_A-B,primary
buhler,Bühler,Bd01_A-B:0570:0714,Bd01_A-B,primary
bultmann,Bultmann,Bd01_A-B:0571:0715,Bd01_A-B,primary
bundeltheorie,Bündeltheorie,Bd01_A-B:0572:0716,Bd01_A-B,primary
bunge,Bunge,Bd01_A-B:0574:0717,Bd01_A-B,primary
buonamici,Buonamici,Bd01_A-B:0575:0718,Bd01_A-B,primary
burali-forti,Burali-Forti,Bd01_A-B:0575:0719,Bd01_A-B,primary
burali-fortische antinomie,Burali-Fortische Antinomie,Bd01_A-B:0576:0720,Bd01_A-B,primary
burckhardt,Burckhardt,Bd01_A-B:0576:0721,Bd01_A-B,primary
burgerliche gesellschaft,bürgerliche Gesellschaft,Bd03_G-Inn:0133:0095,Bd03_G-Inn,comma_inverted
burgerliche wissenschaft,bürgerliche Wissenschaft,Bd08_Th-Z:0558:0528,Bd08_Th-Z,comma_inverted
burgerrechte,Bürgerrechte,Bd01_A-B:0577:0722,Bd01_A-B,primary
burgerrechte,Bürgerrechte,Bd05_Log-N:0355:0253,Bd01_A-B,redirect_alias
buridan,Buridan,Bd01_A-B:0577:0723,Bd01_A-B,primary
buridans esel,Buridans Esel,Bd01_A-B:0579:0724,Bd01_A-B,primary
burke,Burke,Bd01_A-B:0579:0725,Bd01_A-B,primary
burley,Burley,Bd01_A-B:0581:0726,Bd01_A-B,primary
butler,Butler,Bd01_A-B:0583:0727,Bd01_A-B,primary
byron,Byron,Bd01_A-B:0584:0728,Bd01_A-B,primary
bādarāyan.a,Bādarāyan.a,Bd01_A-B:0369:0467,Bd01_A-B,primary
c-funktion,c-Funktion,Bd02_C-F:0055:0046,Bd02_C-F,primary
c-funktion,c-Funktion,Bd01_A-B:0457:0569,Bd02_C-F,redirect_alias
cabanis,Cabanis,Bd02_C-F:0019:0001,Bd02_C-F,primary
caitanya,Caitanya,Bd02_C-F:0019:0002,Bd02_C-F,primary
cajetan,Cajetan,Bd02_C-F:0020:0003,Bd02_C-F,primary
cajetan von thiene,Cajetan von Thiene,Bd02_C-F:0021:0004,Bd02_C-F,primary
calcidius,Calcidius,Bd02_C-F:0021:0005,Bd02_C-F,primary
calculus ratiocinator,calculus ratiocinator,Bd02_C-F:0022:0006,Bd02_C-F,primary
calculus ratiocinator,calculus ratiocinator,Bd02_C-F:0022:0007,Bd02_C-F,redirect_alias
calculus universalis,calculus universalis,Bd02_C-F:0022:0007,Bd02_C-F,primary
calvus,Calvus,Bd02_C-F:0022:0008,Bd02_C-F,primary
"cambridge, schule von","Cambridge, Schule von",Bd02_C-F:0022:0009,Bd02_C-F,primary
campanella,Campanella,Bd02_C-F:0022:0010,Bd02_C-F,primary
campbell,Campbell,Bd02_C-F:0023:0011,Bd02_C-F,primary
camus,Camus,Bd02_C-F:0024:0012,Bd02_C-F,primary
candrakīrti,Candrakīrti,Bd02_C-F:0026:0013,Bd02_C-F,primary
canguilhem,Canguilhem,Bd02_C-F:0027:0014,Bd02_C-F,primary
cantor,Cantor,Bd02_C-F:0028:0015,Bd02_C-F,primary
cantor,Cantor,Bd02_C-F:0029:0016,Bd02_C-F,primary
cantorismus,Cantorismus,Bd02_C-F:0029:0017,Bd02_C-F,primary
cantorsche antinomie,Cantorsche Antinomie,Bd02_C-F:0029:0018,Bd02_C-F,primary
cantorsches diagonalverfahren,Cantorsches Diagonalverfahren,Bd02_C-F:0030:0019,Bd02_C-F,primary
caraka,Caraka,Bd02_C-F:0031:0020,Bd02_C-F,primary
cardano,Cardano,Bd02_C-F:0031:0021,Bd02_C-F,primary
carlyle,Carlyle,Bd02_C-F:0032:0022,Bd02_C-F,primary
carnap,Carnap,Bd02_C-F:0034:0023,Bd02_C-F,primary
carnot,Carnot,Bd02_C-F:0037:0024,Bd02_C-F,primary
carroll,Carroll,Bd02_C-F:0039:0025,Bd02_C-F,primary
cartan,Cartan,Bd02_C-F:0040:0026,Bd02_C-F,primary
cartesianismus,Cartesianismus,Bd02_C-F:0041:0027,Bd02_C-F,primary
cartwright,Cartwright,Bd02_C-F:0042:0028,Bd02_C-F,primary
carus,Carus,Bd02_C-F:0043:0029,Bd02_C-F,primary
cassiodorus,Cassiodorus,Bd02_C-F:0044:0031,Bd02_C-F,primary
cassirer,Cassirer,Bd02_C-F:0045:0032,Bd02_C-F,primary
castaçeda,CastaÇeda,Bd02_C-F:0047:0033,Bd02_C-F,primary
castillon,Castillon,Bd02_C-F:0048:0034,Bd02_C-F,primary
cauchy,Cauchy,Bd02_C-F:0048:0035,Bd02_C-F,primary
cauchy-folge,Cauchy-Folge,Bd02_C-F:0050:0036,Bd02_C-F,primary
cauchy-folge,Cauchy-Folge,Bd02_C-F:0536:0596,Bd02_C-F,redirect_alias
causa,causa,Bd02_C-F:0050:0037,Bd02_C-F,primary
cavaill�s,Cavaill�s,Bd02_C-F:0050:0038,Bd02_C-F,primary
cavalieri,Cavalieri,Bd02_C-F:0051:0039,Bd02_C-F,primary
cavendish,Cavendish,Bd02_C-F:0052:0040,Bd02_C-F,primary
cayley,Cayley,Bd02_C-F:0053:0041,Bd02_C-F,primary
celarent,Celarent,Bd02_C-F:0053:0042,Bd02_C-F,primary
celsus,Celsus,Bd02_C-F:0053:0043,Bd02_C-F,primary
celsus,Celsus,Bd04_Ins-Loc:0204:0142,Bd02_C-F,redirect_alias
certismus,Certismus,Bd02_C-F:0053:0044,Bd02_C-F,primary
ceteris-paribus-klausel,ceteris-paribus-Klausel,Bd02_C-F:0054:0045,Bd02_C-F,primary
"chaijām, al-","Chaijām, al-",Bd02_C-F:0055:0047,Bd02_C-F,primary
chalcidius,Chalcidius,Bd02_C-F:0056:0048,Bd02_C-F,primary
chalcidius,Chalcidius,Bd02_C-F:0021:0005,Bd02_C-F,redirect_alias
chamberlain,Chamberlain,Bd02_C-F:0056:0049,Bd02_C-F,primary
chang tsai,Chang Tsai,Bd02_C-F:0057:0050,Bd02_C-F,primary
chaos,Chaos,Bd02_C-F:0057:0051,Bd02_C-F,primary
chaostheorie,Chaostheorie,Bd02_C-F:0058:0052,Bd02_C-F,primary
characteristica universalis,characteristica universalis,Bd02_C-F:0061:0053,Bd02_C-F,primary
characteristica universalis,characteristica universalis,Bd04_Ins-Loc:0543:0420,Bd02_C-F,redirect_alias
charakteristische funktion,charakteristische Funktion,Bd02_C-F:0610:0653,Bd02_C-F,comma_inverted
"charity, principle of","charity, principle of",Bd02_C-F:0061:0054,Bd02_C-F,primary
charron,Charron,Bd02_C-F:0064:0055,Bd02_C-F,primary
chartier,Chartier,Bd02_C-F:0064:0056,Bd02_C-F,primary
chartier,Chartier,Bd01_A-B:0091:0115,Bd02_C-F,redirect_alias
"chartres, schule von","Chartres, Schule von",Bd02_C-F:0064:0057,Bd02_C-F,primary
chemie,Chemie,Bd02_C-F:0065:0059,Bd02_C-F,primary
chemismus,Chemismus,Bd02_C-F:0068:0060,Bd02_C-F,primary
cheyne,Cheyne,Bd02_C-F:0069:0064,Bd02_C-F,primary
chia i,Chia I,Bd02_C-F:0070:0065,Bd02_C-F,primary
chiffre,Chiffre,Bd02_C-F:0070:0066,Bd02_C-F,primary
chiliasmus,Chiliasmus,Bd02_C-F:0071:0067,Bd02_C-F,primary
chinese room argument,chinese room argument,Bd02_C-F:0071:0068,Bd02_C-F,primary
chinesische logik,chinesische Logik,Bd05_Log-N:0033:0011,Bd05_Log-N,comma_inverted
chinesische philosophie,chinesische Philosophie,Bd06_O-Ra:0242:0194,Bd06_O-Ra,comma_inverted
chinesisches zimmer,Chinesisches Zimmer,Bd02_C-F:0073:0069,Bd02_C-F,primary
chinesisches zimmer,Chinesisches Zimmer,Bd02_C-F:0071:0068,Bd02_C-F,redirect_alias
chisholm,Chisholm,Bd02_C-F:0073:0070,Bd02_C-F,primary
chisholmsche paradoxie,Chisholmsche Paradoxie,Bd02_C-F:0074:0071,Bd02_C-F,primary
chladenius,Chladenius,Bd02_C-F:0075:0072,Bd02_C-F,primary
chomsky,Chomsky,Bd02_C-F:0076:0073,Bd02_C-F,primary
chorismos,Chorismos,Bd02_C-F:0078:0074,Bd02_C-F,primary
chou tun-i,Chou Tun-i,Bd02_C-F:0079:0075,Bd02_C-F,primary
christliche philosophie,christliche Philosophie,Bd06_O-Ra:0244:0195,Bd06_O-Ra,comma_inverted
chronometrie,Chronometrie,Bd02_C-F:0079:0076,Bd02_C-F,primary
chrysippos,Chrysippos,Bd02_C-F:0080:0077,Bd02_C-F,primary
chu hsi,Chu Hsi,Bd02_C-F:0082:0079,Bd02_C-F,primary
chuang tzu,Chuang Tzu,Bd02_C-F:0081:0078,Bd02_C-F,primary
church,Church,Bd02_C-F:0082:0080,Bd02_C-F,primary
churchsche these,Churchsche These,Bd02_C-F:0083:0081,Bd02_C-F,primary
chwarismi,Chwarismi,Bd02_C-F:0084:0082,Bd02_C-F,primary
chwistek,Chwistek,Bd02_C-F:0084:0083,Bd02_C-F,primary
ch’en liang,Ch’en Liang,Bd02_C-F:0069:0063,Bd02_C-F,primary
ch’eng hao,Ch’eng Hao,Bd02_C-F:0069:0061,Bd02_C-F,primary
ch’eng i,Ch’eng I,Bd02_C-F:0069:0062,Bd02_C-F,primary
ch�telet,Ch�telet,Bd02_C-F:0064:0058,Bd02_C-F,primary
cicero,Cicero,Bd02_C-F:0086:0084,Bd02_C-F,primary
cieszkowski,Cieszkowski,Bd02_C-F:0087:0085,Bd02_C-F,primary
circulus vitiosus,circulus vitiosus,Bd02_C-F:0088:0086,Bd02_C-F,primary
citta,citta,Bd02_C-F:0088:0087,Bd02_C-F,primary
clare et distincte,clare et distincte,Bd02_C-F:0089:0088,Bd02_C-F,primary
clare et distincte,clare et distincte,Bd04_Ins-Loc:0241:0159,Bd02_C-F,redirect_alias
clarke,Clarke,Bd02_C-F:0089:0089,Bd02_C-F,primary
clauberg,Clauberg,Bd02_C-F:0090:0090,Bd02_C-F,primary
clausius,Clausius,Bd02_C-F:0091:0091,Bd02_C-F,primary
clavius,Clavius,Bd02_C-F:0091:0092,Bd02_C-F,primary
claviussches gesetz,Claviussches Gesetz,Bd02_C-F:0092:0093,Bd02_C-F,primary
clemens,Clemens,Bd02_C-F:0093:0094,Bd02_C-F,primary
clifford,Clifford,Bd02_C-F:0093:0095,Bd02_C-F,primary
"code, genetischer","Code, genetischer",Bd02_C-F:0094:0096,Bd02_C-F,primary
cogito ergo sum,cogito ergo sum,Bd02_C-F:0094:0097,Bd02_C-F,primary
cohen,Cohen,Bd02_C-F:0095:0098,Bd02_C-F,primary
cohen,Cohen,Bd02_C-F:0096:0099,Bd02_C-F,primary
cohn,Cohn,Bd02_C-F:0097:0100,Bd02_C-F,primary
coincidentia oppositorum,coincidentia oppositorum,Bd02_C-F:0097:0101,Bd02_C-F,primary
collingwood,Collingwood,Bd02_C-F:0098:0102,Bd02_C-F,primary
collins,Collins,Bd02_C-F:0099:0103,Bd02_C-F,primary
comenius,Comenius,Bd02_C-F:0100:0104,Bd02_C-F,primary
common cause,common cause,Bd02_C-F:0101:0105,Bd02_C-F,primary
common cause,common cause,Bd08_Th-Z:0246:0212,Bd02_C-F,redirect_alias
common sense,common sense,Bd02_C-F:0101:0106,Bd02_C-F,primary
communes conceptiones,communes conceptiones,Bd02_C-F:0102:0107,Bd02_C-F,primary
comte,Comte,Bd02_C-F:0102:0108,Bd02_C-F,primary
conatus,conatus,Bd02_C-F:0104:0109,Bd02_C-F,primary
conclusio,conclusio,Bd02_C-F:0105:0110,Bd02_C-F,primary
conclusio,conclusio,Bd07_Re-Te:0280:0227,Bd02_C-F,redirect_alias
concursus dei,concursus Dei,Bd02_C-F:0105:0111,Bd02_C-F,primary
condillac,Condillac,Bd02_C-F:0105:0112,Bd02_C-F,primary
conditio sine qua non,conditio sine qua non,Bd02_C-F:0106:0113,Bd02_C-F,primary
condorcet,Condorcet,Bd02_C-F:0106:0114,Bd02_C-F,primary
consensus gentium,consensus gentium,Bd02_C-F:0108:0115,Bd02_C-F,primary
consequentia mirabilis,consequentia mirabilis,Bd02_C-F:0109:0117,Bd02_C-F,primary
consequentiae,consequentiae,Bd02_C-F:0108:0116,Bd02_C-F,primary
contradictio in adiecto,contradictio in adiecto,Bd02_C-F:0109:0118,Bd02_C-F,primary
contrat social,contrat social,Bd02_C-F:0110:0119,Bd02_C-F,primary
cooper,Cooper,Bd02_C-F:0110:0120,Bd02_C-F,primary
copernicus,Copernicus,Bd02_C-F:0110:0121,Bd02_C-F,primary
copernicus,Copernicus,Bd04_Ins-Loc:0374:0294,Bd02_C-F,redirect_alias
cordemoy,Cordemoy,Bd02_C-F:0110:0122,Bd02_C-F,primary
cornelius,Cornelius,Bd02_C-F:0110:0123,Bd02_C-F,primary
cornutus,Cornutus,Bd02_C-F:0111:0124,Bd02_C-F,primary
cotes,Cotes,Bd02_C-F:0111:0125,Bd02_C-F,primary
cournot,Cournot,Bd02_C-F:0111:0126,Bd02_C-F,primary
cousin,Cousin,Bd02_C-F:0112:0127,Bd02_C-F,primary
couturat,Couturat,Bd02_C-F:0113:0128,Bd02_C-F,primary
covering-law-modell,Covering-Law-Modell,Bd02_C-F:0113:0129,Bd02_C-F,primary
covering-law-modell,Covering-Law-Modell,Bd02_C-F:0399:0456,Bd02_C-F,redirect_alias
craig’s lemma,Craig’s Lemma,Bd02_C-F:0113:0130,Bd02_C-F,primary
creatio ex nihilo,creatio ex nihilo,Bd02_C-F:0114:0131,Bd02_C-F,primary
credo quia absurdum,credo quia absurdum,Bd02_C-F:0114:0132,Bd02_C-F,primary
credo ut intelligam,credo ut intelligam,Bd02_C-F:0114:0133,Bd02_C-F,primary
cremonini,Cremonini,Bd02_C-F:0115:0134,Bd02_C-F,primary
crescas,Crescas,Bd02_C-F:0115:0135,Bd02_C-F,primary
croce,Croce,Bd02_C-F:0116:0136,Bd02_C-F,primary
crusius,Crusius,Bd02_C-F:0117:0137,Bd02_C-F,primary
cudworth,Cudworth,Bd02_C-F:0118:0138,Bd02_C-F,primary
curry,Curry,Bd02_C-F:0118:0139,Bd02_C-F,primary
currysche antinomie,Currysche Antinomie,Bd02_C-F:0119:0140,Bd02_C-F,primary
cusanus,Cusanus,Bd02_C-F:0119:0141,Bd02_C-F,primary
cuvier,Cuvier,Bd02_C-F:0119:0142,Bd02_C-F,primary
czolbe,Czolbe,Bd02_C-F:0121:0143,Bd02_C-F,primary
cārvāka,Cārvāka,Bd02_C-F:0044:0030,Bd02_C-F,primary
dalgarno,Dalgarno,Bd02_C-F:0123:0145,Bd02_C-F,primary
dalton,Dalton,Bd02_C-F:0123:0146,Bd02_C-F,primary
damaskios,Damaskios,Bd02_C-F:0124:0147,Bd02_C-F,primary
dammbruchargument,Dammbruchargument,Bd02_C-F:0125:0148,Bd02_C-F,primary
dann und nur dann,dann und nur dann,Bd02_C-F:0126:0149,Bd02_C-F,primary
dante,Dante,Bd02_C-F:0126:0150,Bd02_C-F,primary
danto,Danto,Bd02_C-F:0133:0151,Bd02_C-F,primary
darii,Darii,Bd02_C-F:0135:0152,Bd02_C-F,primary
darstellbar,darstellbar,Bd02_C-F:0135:0154,Bd02_C-F,slash_half
darstellbar/darstellbarkeit,darstellbar/Darstellbarkeit,Bd02_C-F:0135:0154,Bd02_C-F,primary
darstellbarkeit,Darstellbarkeit,Bd02_C-F:0135:0154,Bd02_C-F,slash_half
darstellende aussage,darstellende Aussage,Bd01_A-B:0329:0414,Bd01_A-B,comma_inverted
darstellende aussageform,darstellende Aussageform,Bd01_A-B:0330:0416,Bd01_A-B,comma_inverted
darstellung logisch-mengentheoretisch,Darstellung (logisch-mengentheoretisch),Bd02_C-F:0135:0155,Bd02_C-F,primary
darstellung semiotisch,Darstellung (semiotisch),Bd02_C-F:0135:0156,Bd02_C-F,primary
darwin,Darwin,Bd02_C-F:0137:0157,Bd02_C-F,primary
darwinismus,Darwinismus,Bd02_C-F:0140:0158,Bd02_C-F,primary
darśana,darśana,Bd02_C-F:0135:0153,Bd02_C-F,primary
das absolute,das Absolute,Bd01_A-B:0039:0026,Bd01_A-B,comma_inverted
das allgemeine,das Allgemeine,Bd01_A-B:0125:0154,Bd01_A-B,comma_inverted
das andere,das Andere,Bd01_A-B:0156:0213,Bd01_A-B,comma_inverted
das bose,das Böse,Bd01_A-B:0535:0673,Bd01_A-B,comma_inverted
das erhabene,das Erhabene,Bd02_C-F:0384:0442,Bd02_C-F,comma_inverted
das gegebene,das Gegebene,Bd03_G-Inn:0057:0029,Bd03_G-Inn,comma_inverted
das gute,das Gute,Bd03_G-Inn:0259:0199,Bd03_G-Inn,comma_inverted
das leere,das Leere,Bd04_Ins-Loc:0508:0402,Bd04_Ins-Loc,comma_inverted
das schone,das Schöne,Bd07_Re-Te:0296:0240,Bd07_Re-Te,comma_inverted
das seiende,das Seiende,Bd07_Re-Te:0332:0267,Bd07_Re-Te,comma_inverted
das sein,das Sein,Bd07_Re-Te:0333:0268,Bd07_Re-Te,comma_inverted
das selbst,das Selbst,Bd07_Re-Te:0336:0272,Bd07_Re-Te,comma_inverted
das ubel,das Übel,Bd08_Th-Z:0166:0112,Bd08_Th-Z,comma_inverted
das unbewusste,das Unbewußte,Bd08_Th-Z:0188:0151,Bd08_Th-Z,comma_inverted
das unendliche,das Unendliche,Bd08_Th-Z:0195:0156,Bd08_Th-Z,comma_inverted
dasein,Dasein,Bd02_C-F:0141:0159,Bd02_C-F,primary
daseinsanalyse,Daseinsanalyse,Bd02_C-F:0144:0160,Bd02_C-F,primary
davidson,Davidson,Bd02_C-F:0144:0161,Bd02_C-F,primary
de dicto,de dicto,Bd02_C-F:0147:0164,Bd02_C-F,slash_half
de dicto/de re,de dicto/de re,Bd02_C-F:0147:0164,Bd02_C-F,primary
de dicto/de re,de dicto/de re,Bd05_Log-N:0450:0344,Bd02_C-F,redirect_alias
de morgansche gesetze,De Morgansche Gesetze,Bd02_C-F:0171:0192,Bd02_C-F,primary
de re,de re,Bd02_C-F:0147:0164,Bd02_C-F,slash_half
dedekind,Dedekind,Bd02_C-F:0146:0162,Bd02_C-F,primary
dedekindscher schnitt,Dedekindscher Schnitt,Bd02_C-F:0147:0163,Bd02_C-F,primary
deduktion,Deduktion,Bd02_C-F:0147:0165,Bd02_C-F,primary
"deduktion, transzendentale","Deduktion, transzendentale",Bd02_C-F:0147:0166,Bd02_C-F,primary
deduktionsregel,Deduktionsregel,Bd02_C-F:0148:0167,Bd02_C-F,primary
deduktionstheorem,Deduktionstheorem,Bd02_C-F:0149:0168,Bd02_C-F,primary
deduktive logik,deduktive Logik,Bd05_Log-N:0033:0012,Bd05_Log-N,comma_inverted
deduktive methode,deduktive Methode,Bd05_Log-N:0406:0291,Bd05_Log-N,comma_inverted
deduktiver schluss,deduktiver Schluß,Bd07_Re-Te:0281:0228,Bd07_Re-Te,comma_inverted
deduktivismus,Deduktivismus,Bd02_C-F:0149:0169,Bd02_C-F,primary
dee,Dee,Bd02_C-F:0150:0170,Bd02_C-F,primary
deep ecology,deep ecology,Bd02_C-F:0151:0171,Bd02_C-F,primary
definierbar,definierbar,Bd02_C-F:0151:0172,Bd02_C-F,slash_half
definierbar/definierbarkeit,definierbar/Definierbarkeit,Bd02_C-F:0151:0172,Bd02_C-F,primary
definierbarkeit,Definierbarkeit,Bd02_C-F:0151:0172,Bd02_C-F,slash_half
definit,definit,Bd02_C-F:0153:0173,Bd02_C-F,slash_half
definit/definitheit,definit/Definitheit,Bd02_C-F:0153:0173,Bd02_C-F,primary
definitheit,Definitheit,Bd02_C-F:0153:0173,Bd02_C-F,slash_half
definition,Definition,Bd02_C-F:0155:0174,Bd02_C-F,primary
"definition, bedingte","Definition, bedingte",Bd02_C-F:0157:0175,Bd02_C-F,primary
"definition, bedingte","Definition, bedingte",Bd02_C-F:0155:0174,Bd02_C-F,redirect_alias
"definition, explizite","Definition, explizite",Bd02_C-F:0157:0176,Bd02_C-F,primary
"definition, explizite","Definition, explizite",Bd02_C-F:0155:0174,Bd02_C-F,redirect_alias
"definition, genetische","Definition, genetische",Bd02_C-F:0157:0177,Bd02_C-F,primary
"definition, genetische","Definition, genetische",Bd02_C-F:0155:0174,Bd02_C-F,redirect_alias
"definition, implizite","Definition, implizite",Bd02_C-F:0157:0178,Bd02_C-F,primary
"definition, induktive","Definition, induktive",Bd02_C-F:0158:0179,Bd02_C-F,primary
"definition, operationale","Definition, operationale",Bd02_C-F:0160:0180,Bd02_C-F,primary
"definition, operationale","Definition, operationale",Bd02_C-F:0155:0174,Bd02_C-F,redirect_alias
"definition, rekursive","Definition, rekursive",Bd02_C-F:0160:0181,Bd02_C-F,primary
definitionsbereich,Definitionsbereich,Bd02_C-F:0161:0182,Bd02_C-F,primary
deiktisch,deiktisch,Bd02_C-F:0161:0183,Bd02_C-F,primary
deismus,Deismus,Bd02_C-F:0162:0184,Bd02_C-F,primary
dekonstruktion dekonstruktivismus,Dekonstruktion (Dekonstruktivismus),Bd02_C-F:0163:0185,Bd02_C-F,primary
deleuze,Deleuze,Bd02_C-F:0164:0186,Bd02_C-F,primary
delisches problem,Delisches Problem,Bd02_C-F:0166:0187,Bd02_C-F,primary
demiurg,Demiurg,Bd02_C-F:0168:0188,Bd02_C-F,primary
demokrit,Demokrit,Bd02_C-F:0168:0189,Bd02_C-F,primary
demonstratio propter quid,demonstratio propter quid,Bd02_C-F:0169:0190,Bd02_C-F,slash_half
demonstratio propter quid/demonstratio quia,demonstratio propter quid/demonstratio quia,Bd02_C-F:0169:0190,Bd02_C-F,primary
demonstratio quia,demonstratio quia,Bd02_C-F:0169:0190,Bd02_C-F,slash_half
demonstrator,Demonstrator,Bd02_C-F:0170:0191,Bd02_C-F,primary
denken,Denken,Bd02_C-F:0172:0193,Bd02_C-F,primary
denkgesetz,Denkgesetz,Bd02_C-F:0174:0194,Bd02_C-F,primary
denkokonomie,Denkökonomie,Bd02_C-F:0174:0195,Bd02_C-F,primary
dennett,Dennett,Bd02_C-F:0175:0196,Bd02_C-F,primary
denotation,Denotation,Bd02_C-F:0177:0197,Bd02_C-F,primary
denotationelle semantik,denotationelle Semantik,Bd07_Re-Te:0363:0286,Bd07_Re-Te,comma_inverted
deontische distribution,deontische Distribution,Bd02_C-F:0255:0281,Bd02_C-F,comma_inverted
deontische logik,deontische Logik,Bd05_Log-N:0034:0013,Bd05_Log-N,comma_inverted
deontologie,Deontologie,Bd02_C-F:0177:0198,Bd02_C-F,primary
deontologische ethik,deontologische Ethik,Bd02_C-F:0432:0477,Bd02_C-F,comma_inverted
der andere,der Andere,Bd01_A-B:0156:0214,Bd01_A-B,comma_inverted
der waagerechte,der Waagerechte,Bd08_Th-Z:0390:0381,Bd08_Th-Z,comma_inverted
derrida,Derrida,Bd02_C-F:0177:0199,Bd02_C-F,primary
desaguliers,Desaguliers,Bd02_C-F:0179:0200,Bd02_C-F,primary
desargues,Desargues,Bd02_C-F:0180:0201,Bd02_C-F,primary
descartes,Descartes,Bd02_C-F:0180:0202,Bd02_C-F,primary
deskriptiv,deskriptiv,Bd02_C-F:0184:0203,Bd02_C-F,slash_half
deskriptiv/praskriptiv,deskriptiv/präskriptiv,Bd02_C-F:0184:0203,Bd02_C-F,primary
deskriptivismus,Deskriptivismus,Bd02_C-F:0184:0204,Bd02_C-F,primary
deskriptivistischer fehlschluss,deskriptivistischer Fehlschluß,Bd02_C-F:0498:0556,Bd02_C-F,comma_inverted
determinismus,Determinismus,Bd02_C-F:0185:0205,Bd02_C-F,primary
deus sive natura,deus sive natura,Bd02_C-F:0187:0206,Bd02_C-F,primary
deutscher idealismus,deutscher Idealismus,Bd03_G-Inn:0526:0375,Bd03_G-Inn,comma_inverted
deutscher idealismus,deutscher Idealismus,Bd02_C-F:0187:0207,Bd02_C-F,primary
deutscher idealismus,deutscher Idealismus,Bd03_G-Inn:0526:0375,Bd02_C-F,redirect_alias
deutung,Deutung,Bd02_C-F:0187:0208,Bd02_C-F,primary
dewey,Dewey,Bd02_C-F:0188:0209,Bd02_C-F,primary
dezimalsystem,Dezimalsystem,Bd02_C-F:0190:0210,Bd02_C-F,primary
dezisionismus,Dezisionismus,Bd02_C-F:0190:0211,Bd02_C-F,primary
dharma,dharma,Bd02_C-F:0191:0212,Bd02_C-F,primary
dharmakāya,dharmakāya,Bd02_C-F:0192:0213,Bd02_C-F,primary
dharmakīrti,Dharmakīrti,Bd02_C-F:0192:0214,Bd02_C-F,primary
dharmapāla,Dharmapāla,Bd02_C-F:0195:0215,Bd02_C-F,primary
dharmottara,Dharmottara,Bd02_C-F:0196:0216,Bd02_C-F,primary
dhyāna,dhyāna,Bd02_C-F:0197:0217,Bd02_C-F,primary
diachron,diachron,Bd02_C-F:0197:0218,Bd02_C-F,slash_half
diachron/synchron,diachron/synchron,Bd02_C-F:0197:0218,Bd02_C-F,primary
diagnose,Diagnose,Bd02_C-F:0197:0219,Bd02_C-F,primary
diagonalprinzip,Diagonalprinzip,Bd02_C-F:0198:0220,Bd02_C-F,primary
diagonalprinzip,Diagonalprinzip,Bd02_C-F:0030:0019,Bd02_C-F,redirect_alias
diagonalverfahren,Diagonalverfahren,Bd02_C-F:0198:0221,Bd02_C-F,primary
diagonalverfahren,Diagonalverfahren,Bd02_C-F:0030:0019,Bd02_C-F,redirect_alias
"diagramme, logische","Diagramme, logische",Bd02_C-F:0198:0222,Bd02_C-F,primary
dialektik,Dialektik,Bd02_C-F:0199:0223,Bd02_C-F,primary
"dialektik, negative","Dialektik, negative",Bd02_C-F:0205:0224,Bd02_C-F,primary
"dialektik, transzendentale","Dialektik, transzendentale",Bd02_C-F:0206:0225,Bd02_C-F,primary
dialektische logik,dialektische Logik,Bd05_Log-N:0041:0014,Bd05_Log-N,comma_inverted
dialektische methode,dialektische Methode,Bd05_Log-N:0406:0292,Bd05_Log-N,comma_inverted
dialektischer materialismus,dialektischer Materialismus,Bd05_Log-N:0266:0188,Bd05_Log-N,comma_inverted
dialektischer syllogismus,dialektischer Syllogismus,Bd07_Re-Te:0620:0523,Bd07_Re-Te,comma_inverted
diallele,Diallele,Bd02_C-F:0207:0226,Bd02_C-F,primary
dialog,Dialog,Bd02_C-F:0207:0227,Bd02_C-F,primary
"dialog, rationaler","Dialog, rationaler",Bd02_C-F:0209:0228,Bd02_C-F,primary
dialogdefinit,dialogdefinit,Bd02_C-F:0209:0229,Bd02_C-F,slash_half
dialogdefinit/dialogdefinitheit,dialogdefinit/Dialogdefinitheit,Bd02_C-F:0209:0229,Bd02_C-F,primary
dialogdefinitheit,Dialogdefinitheit,Bd02_C-F:0209:0229,Bd02_C-F,slash_half
dialogische logik,dialogische Logik,Bd05_Log-N:0042:0015,Bd05_Log-N,comma_inverted
dialogische philosophie,dialogische Philosophie,Bd06_O-Ra:0245:0196,Bd06_O-Ra,comma_inverted
dialogischer konstruktivismus,dialogischer Konstruktivismus,Bd04_Ins-Loc:0339:0262,Bd04_Ins-Loc,comma_inverted
dialogisches prinzip,dialogisches Prinzip,Bd06_O-Ra:0452:0344,Bd06_O-Ra,comma_inverted
dichotomie,Dichotomie,Bd02_C-F:0210:0230,Bd02_C-F,primary
dictum de omni et nullo,dictum de omni et nullo,Bd02_C-F:0210:0231,Bd02_C-F,primary
didaktik,Didaktik,Bd02_C-F:0211:0232,Bd02_C-F,primary
diderot,Diderot,Bd02_C-F:0214:0233,Bd02_C-F,primary
dietrich von freiberg,Dietrich von Freiberg,Bd02_C-F:0215:0234,Bd02_C-F,primary
differentia specifica,differentia specifica,Bd02_C-F:0221:0239,Bd02_C-F,primary
differential,Differential,Bd02_C-F:0216:0235,Bd02_C-F,primary
differentialgeometrie,Differentialgeometrie,Bd02_C-F:0217:0236,Bd02_C-F,primary
differentialgleichung,Differentialgleichung,Bd02_C-F:0220:0237,Bd02_C-F,primary
differentiation,Differentiation,Bd02_C-F:0222:0240,Bd02_C-F,primary
differentiation,Differentiation,Bd01_A-B:0146:0197,Bd02_C-F,redirect_alias
differenz mathematisch,Differenz (mathematisch),Bd02_C-F:0222:0241,Bd02_C-F,primary
differenz mathematisch,Differenz (mathematisch),Bd07_Re-Te:0602:0497,Bd02_C-F,redirect_alias
"differenz, ontologische","Differenz, ontologische",Bd02_C-F:0222:0242,Bd02_C-F,primary
"differenz, symmetrische","Differenz, symmetrische",Bd02_C-F:0222:0243,Bd02_C-F,primary
digby,Digby,Bd02_C-F:0222:0244,Bd02_C-F,primary
digby,Digby,Bd02_C-F:0223:0245,Bd02_C-F,primary
digges,Digges,Bd02_C-F:0223:0246,Bd02_C-F,primary
dignāga,Dignāga,Bd02_C-F:0224:0247,Bd02_C-F,primary
dihairesis,Dihairesis,Bd02_C-F:0227:0248,Bd02_C-F,primary
dikaiarchos,Dikaiarchos,Bd02_C-F:0227:0249,Bd02_C-F,primary
dilemma,Dilemma,Bd02_C-F:0227:0250,Bd02_C-F,primary
"dilemma, moralisches","Dilemma, moralisches",Bd02_C-F:0228:0251,Bd02_C-F,primary
dilthey,Dilthey,Bd02_C-F:0229:0252,Bd02_C-F,primary
dimension,Dimension,Bd02_C-F:0231:0253,Bd02_C-F,primary
dimensionsanalyse,Dimensionsanalyse,Bd02_C-F:0233:0254,Bd02_C-F,primary
ding,Ding,Bd02_C-F:0234:0255,Bd02_C-F,primary
ding an sich,Ding an sich,Bd02_C-F:0235:0256,Bd02_C-F,primary
dingler,Dingler,Bd02_C-F:0236:0257,Bd02_C-F,primary
diodoros kronos,Diodoros Kronos,Bd02_C-F:0238:0258,Bd02_C-F,primary
diogenes,Diogenes,Bd02_C-F:0239:0260,Bd02_C-F,primary
diogenes,Diogenes,Bd02_C-F:0240:0261,Bd02_C-F,primary
diogenes,Diogenes,Bd02_C-F:0241:0262,Bd02_C-F,primary
diogenes la�rtios,Diogenes La�rtios,Bd02_C-F:0239:0259,Bd02_C-F,primary
dionysios areopagites,Dionysios Areopagites,Bd02_C-F:0241:0263,Bd02_C-F,primary
dionysios areopagites,Dionysios Areopagites,Bd06_O-Ra:0507:0405,Bd02_C-F,redirect_alias
dionysisch,dionysisch,Bd02_C-F:0241:0264,Bd02_C-F,primary
dionysisch,dionysisch,Bd01_A-B:0201:0286,Bd02_C-F,redirect_alias
dionysisch,dionysisch,Bd01_A-B:0201:0286,Bd01_A-B,slash_half
diophantos,Diophantos,Bd02_C-F:0241:0265,Bd02_C-F,primary
dirac,Dirac,Bd02_C-F:0242:0266,Bd02_C-F,primary
dirichlet,Dirichlet,Bd02_C-F:0244:0267,Bd02_C-F,primary
disjunktion,Disjunktion,Bd02_C-F:0244:0268,Bd02_C-F,primary
disjunktiver syllogismus,disjunktiver Syllogismus,Bd07_Re-Te:0620:0524,Bd07_Re-Te,comma_inverted
disjunktives urteil,disjunktives Urteil,Bd08_Th-Z:0255:0219,Bd08_Th-Z,comma_inverted
disjunktor,Disjunktor,Bd02_C-F:0244:0269,Bd02_C-F,primary
diskontinuitat,Diskontinuität,Bd02_C-F:0244:0270,Bd02_C-F,primary
diskret,diskret,Bd02_C-F:0245:0271,Bd02_C-F,primary
diskurs,Diskurs,Bd02_C-F:0245:0272,Bd02_C-F,primary
diskursethik,Diskursethik,Bd02_C-F:0247:0273,Bd02_C-F,primary
diskursiv,diskursiv,Bd02_C-F:0251:0274,Bd02_C-F,slash_half
diskursiv/diskursivitat,diskursiv/Diskursivität,Bd02_C-F:0251:0274,Bd02_C-F,primary
diskursivitat,Diskursivität,Bd02_C-F:0251:0274,Bd02_C-F,slash_half
diskurstheorie,Diskurstheorie,Bd02_C-F:0251:0275,Bd02_C-F,primary
dispositionsbegriff,Dispositionsbegriff,Bd02_C-F:0252:0276,Bd02_C-F,primary
disputatio,disputatio,Bd02_C-F:0253:0277,Bd02_C-F,primary
"dissonanz, kognitive","Dissonanz, kognitive",Bd02_C-F:0253:0278,Bd02_C-F,primary
distanz,Distanz,Bd02_C-F:0254:0279,Bd02_C-F,primary
distinctio,distinctio,Bd02_C-F:0254:0280,Bd02_C-F,primary
"distribution, deontische","Distribution, deontische",Bd02_C-F:0255:0281,Bd02_C-F,primary
distributiv,distributiv,Bd02_C-F:0255:0282,Bd02_C-F,slash_half
distributiv/distributivitat,distributiv/Distributivität,Bd02_C-F:0255:0282,Bd02_C-F,primary
distributivitat,Distributivität,Bd02_C-F:0255:0282,Bd02_C-F,slash_half
"disziplin, wissenschaftliche","Disziplin, wissenschaftliche",Bd02_C-F:0255:0283,Bd02_C-F,primary
disziplinaritat,Disziplinarität,Bd02_C-F:0256:0284,Bd02_C-F,primary
divergent,divergent,Bd02_C-F:0256:0285,Bd02_C-F,slash_half
divergent/divergenz,divergent/Divergenz,Bd02_C-F:0256:0285,Bd02_C-F,primary
divergenz,Divergenz,Bd02_C-F:0256:0285,Bd02_C-F,slash_half
diversitat,Diversität,Bd02_C-F:0256:0286,Bd02_C-F,primary
diversitat,Diversität,Bd08_Th-Z:0332:0307,Bd02_C-F,redirect_alias
division mathematisch,Division (mathematisch),Bd02_C-F:0256:0287,Bd02_C-F,primary
dn-erklarung,DN-Erklärung,Bd02_C-F:0257:0289,Bd02_C-F,primary
dn-erklarung,DN-Erklärung,Bd02_C-F:0399:0456,Bd02_C-F,redirect_alias
dna,DNA,Bd02_C-F:0256:0288,Bd02_C-F,primary
docta ignorantia,docta ignorantia,Bd02_C-F:0257:0290,Bd02_C-F,primary
dodgson,Dodgson,Bd02_C-F:0257:0291,Bd02_C-F,primary
dodgson,Dodgson,Bd02_C-F:0039:0025,Bd02_C-F,redirect_alias
dogmatismus,Dogmatismus,Bd02_C-F:0257:0292,Bd02_C-F,primary
dominicus gundissalinus,Dominicus Gundissalinus,Bd02_C-F:0258:0293,Bd02_C-F,primary
doppelte wahrheit,doppelte Wahrheit,Bd08_Th-Z:0400:0388,Bd08_Th-Z,comma_inverted
doxa,Doxa,Bd02_C-F:0258:0294,Bd02_C-F,primary
doxa,Doxa,Bd05_Log-N:0328:0231,Bd02_C-F,redirect_alias
doxastische logik,doxastische Logik,Bd05_Log-N:0045:0016,Bd05_Log-N,comma_inverted
doxographie,Doxographie,Bd02_C-F:0258:0295,Bd02_C-F,primary
dravya,dravya,Bd02_C-F:0259:0296,Bd02_C-F,primary
dreikorperproblem,Dreikörperproblem,Bd02_C-F:0259:0297,Bd02_C-F,primary
dreiplattenverfahren,Dreiplattenverfahren,Bd02_C-F:0260:0298,Bd02_C-F,primary
dreistadiengesetz,Dreistadiengesetz,Bd02_C-F:0261:0299,Bd02_C-F,primary
driesch,Driesch,Bd02_C-F:0262:0300,Bd02_C-F,primary
dritte welt,Dritte Welt,Bd02_C-F:0263:0302,Bd02_C-F,primary
dritter mensch,Dritter Mensch,Bd02_C-F:0263:0301,Bd02_C-F,primary
drobisch,Drobisch,Bd02_C-F:0265:0303,Bd02_C-F,primary
droysen,Droysen,Bd02_C-F:0266:0304,Bd02_C-F,primary
du bois-reymond,Du Bois-Reymond,Bd02_C-F:0270:0310,Bd02_C-F,primary
du bois-reymond,Du Bois-Reymond,Bd02_C-F:0271:0311,Bd02_C-F,primary
dual,dual,Bd02_C-F:0267:0305,Bd02_C-F,slash_half
dual/dualitat,dual/Dualität,Bd02_C-F:0267:0305,Bd02_C-F,primary
dualismus,Dualismus,Bd02_C-F:0268:0306,Bd02_C-F,primary
dualitat,Dualität,Bd02_C-F:0267:0305,Bd02_C-F,slash_half
dualitatsprinzip,Dualitätsprinzip,Bd02_C-F:0269:0307,Bd02_C-F,primary
dualitatsprinzip,Dualitätsprinzip,Bd02_C-F:0267:0305,Bd02_C-F,redirect_alias
dualsystem,Dualsystem,Bd02_C-F:0270:0308,Bd02_C-F,primary
dubislav,Dubislav,Bd02_C-F:0270:0309,Bd02_C-F,primary
duh.kha,duh.kha,Bd02_C-F:0275:0314,Bd02_C-F,primary
duhem,Duhem,Bd02_C-F:0272:0312,Bd02_C-F,primary
duhem-quine-these,Duhem-Quine-These,Bd02_C-F:0275:0313,Bd02_C-F,primary
duhring,Dühring,Bd02_C-F:0275:0315,Bd02_C-F,primary
dumbleton,Dumbleton,Bd02_C-F:0276:0316,Bd02_C-F,primary
dummett,Dummett,Bd02_C-F:0276:0317,Bd02_C-F,primary
duns scotus,Duns Scotus,Bd02_C-F:0280:0318,Bd02_C-F,primary
duplex negatio affirmat,duplex negatio affirmat,Bd02_C-F:0284:0319,Bd02_C-F,primary
durchschnitt,Durchschnitt,Bd02_C-F:0284:0320,Bd02_C-F,primary
durkheim,Durkheim,Bd02_C-F:0284:0321,Bd02_C-F,primary
dynamik,Dynamik,Bd02_C-F:0286:0322,Bd02_C-F,primary
dynamis,Dynamis,Bd02_C-F:0287:0323,Bd02_C-F,primary
dynamische logik,dynamische Logik,Bd05_Log-N:0045:0017,Bd05_Log-N,comma_inverted
dynamismus,Dynamismus,Bd02_C-F:0288:0324,Bd02_C-F,primary
dynamismus physikalisch,Dynamismus (physikalisch),Bd02_C-F:0288:0325,Bd02_C-F,primary
d’alembertsches prinzip,d’Alembertsches Prinzip,Bd02_C-F:0122:0144,Bd02_C-F,primary
ebbinghaus,Ebbinghaus,Bd02_C-F:0290:0326,Bd02_C-F,primary
eberhard,Eberhard,Bd02_C-F:0291:0327,Bd02_C-F,primary
ebreo,Ebreo,Bd02_C-F:0291:0328,Bd02_C-F,primary
ebreo,Ebreo,Bd01_A-B:0037:0022,Bd02_C-F,redirect_alias
eckhart,Eckhart,Bd02_C-F:0291:0329,Bd02_C-F,primary
eco,Eco,Bd02_C-F:0293:0330,Bd02_C-F,primary
eddington,Eddington,Bd02_C-F:0295:0331,Bd02_C-F,primary
edwards,Edwards,Bd02_C-F:0296:0332,Bd02_C-F,primary
effektive logik,effektive Logik,Bd05_Log-N:0046:0018,Bd05_Log-N,comma_inverted
"ego, transzendentales","Ego, transzendentales",Bd02_C-F:0297:0333,Bd02_C-F,primary
egoismus,Egoismus,Bd02_C-F:0297:0334,Bd02_C-F,primary
egoistisches gen,egoistisches Gen,Bd03_G-Inn:0090:0055,Bd03_G-Inn,comma_inverted
eidetik,Eidetik,Bd02_C-F:0297:0335,Bd02_C-F,primary
eidetische reduktion,eidetische Reduktion,Bd07_Re-Te:0050:0025,Bd07_Re-Te,comma_inverted
eidetische variation,eidetische Variation,Bd08_Th-Z:0284:0257,Bd08_Th-Z,comma_inverted
eidos,Eidos,Bd02_C-F:0298:0336,Bd02_C-F,primary
eigenname,Eigenname,Bd02_C-F:0298:0337,Bd02_C-F,primary
eigenpradikator,Eigenprädikator,Bd02_C-F:0300:0338,Bd02_C-F,primary
eigenschaft,Eigenschaft,Bd02_C-F:0301:0339,Bd02_C-F,primary
eigentlichkeit,Eigentlichkeit,Bd02_C-F:0302:0340,Bd02_C-F,primary
eigentum,Eigentum,Bd02_C-F:0302:0341,Bd02_C-F,primary
eigenvariable,Eigenvariable,Bd02_C-F:0305:0342,Bd02_C-F,primary
eigenwert,Eigenwert,Bd02_C-F:0305:0343,Bd02_C-F,primary
eimerversuch,Eimerversuch,Bd02_C-F:0306:0344,Bd02_C-F,primary
einbildungskraft,Einbildungskraft,Bd02_C-F:0306:0345,Bd02_C-F,primary
eindeutig,eindeutig,Bd02_C-F:0308:0346,Bd02_C-F,slash_half
eindeutig/eindeutigkeit,eindeutig/Eindeutigkeit,Bd02_C-F:0308:0346,Bd02_C-F,primary
eindeutigkeit,Eindeutigkeit,Bd02_C-F:0308:0346,Bd02_C-F,slash_half
eineindeutig,eineindeutig,Bd02_C-F:0309:0347,Bd02_C-F,slash_half
eineindeutig/eineindeutigkeit,eineindeutig/Eineindeutigkeit,Bd02_C-F:0309:0347,Bd02_C-F,primary
eineindeutigkeit,Eineindeutigkeit,Bd02_C-F:0309:0347,Bd02_C-F,slash_half
einfacher begriff,einfacher Begriff,Bd01_A-B:0410:0512,Bd01_A-B,comma_inverted
einfachheitskriterium,Einfachheitskriterium,Bd02_C-F:0309:0348,Bd02_C-F,primary
einfuhlung,Einfühlung,Bd02_C-F:0310:0349,Bd02_C-F,primary
einfuhrung,Einführung,Bd02_C-F:0311:0350,Bd02_C-F,primary
einfuhrungsregeln,Einführungsregeln,Bd02_C-F:0314:0351,Bd02_C-F,primary
einheit,Einheit,Bd02_C-F:0314:0352,Bd02_C-F,primary
einheit der natur,Einheit der Natur,Bd02_C-F:0315:0353,Bd02_C-F,primary
einheitswissenschaft,Einheitswissenschaft,Bd02_C-F:0316:0354,Bd02_C-F,primary
einige,einige,Bd02_C-F:0316:0355,Bd02_C-F,primary
einschrankung,Einschränkung,Bd02_C-F:0317:0356,Bd02_C-F,primary
einsetzung,Einsetzung,Bd02_C-F:0317:0357,Bd02_C-F,primary
einsetzung,Einsetzung,Bd02_C-F:0411:0463,Bd02_C-F,redirect_alias
einsquantor,Einsquantor,Bd02_C-F:0317:0358,Bd02_C-F,primary
"einstein, albert","Einstein, Albert",Bd02_C-F:0317:0359,Bd02_C-F,primary
einstein-podolsky-rosen-argument,Einstein-Podolsky-Rosen-Argument,Bd02_C-F:0319:0360,Bd02_C-F,primary
einstellig,einstellig,Bd02_C-F:0322:0361,Bd02_C-F,slash_half
einstellig/einstelligkeit,einstellig/Einstelligkeit,Bd02_C-F:0322:0361,Bd02_C-F,primary
einstelligkeit,Einstelligkeit,Bd02_C-F:0322:0361,Bd02_C-F,slash_half
"einstellung, propositionale","Einstellung, propositionale",Bd02_C-F:0322:0362,Bd02_C-F,primary
einzelheit,Einzelheit,Bd02_C-F:0323:0363,Bd02_C-F,primary
eisler,Eisler,Bd02_C-F:0323:0364,Bd02_C-F,primary
eklektizismus,Eklektizismus,Bd02_C-F:0323:0365,Bd02_C-F,primary
ekphantos,Ekphantos,Bd02_C-F:0323:0366,Bd02_C-F,primary
ekstasis,Ekstasis,Bd02_C-F:0324:0367,Bd02_C-F,primary
ekthesis,Ekthesis,Bd02_C-F:0325:0368,Bd02_C-F,primary
eleatismus,Eleatismus,Bd02_C-F:0326:0370,Bd02_C-F,primary
elektrodynamik,Elektrodynamik,Bd02_C-F:0327:0371,Bd02_C-F,primary
elektromagnetisches weltbild,elektromagnetisches Weltbild,Bd08_Th-Z:0474:0444,Bd08_Th-Z,comma_inverted
element,Element,Bd02_C-F:0327:0372,Bd02_C-F,primary
elementar-berechenbar,elementar-berechenbar,Bd02_C-F:0329:0374,Bd02_C-F,primary
elementar-entscheidbar,elementar-entscheidbar,Bd02_C-F:0329:0375,Bd02_C-F,primary
elementaraussage,Elementaraussage,Bd02_C-F:0328:0373,Bd02_C-F,primary
elementrelation,Elementrelation,Bd02_C-F:0329:0376,Bd02_C-F,primary
elenchus,elenchus,Bd02_C-F:0329:0377,Bd02_C-F,primary
elenktik,Elenktik,Bd02_C-F:0329:0378,Bd02_C-F,primary
elimination,Elimination,Bd02_C-F:0329:0379,Bd02_C-F,primary
eliminativer materialismus,eliminativer Materialismus,Bd05_Log-N:0267:0189,Bd05_Log-N,comma_inverted
eliminierbar,eliminierbar,Bd02_C-F:0330:0380,Bd02_C-F,slash_half
eliminierbar/eliminierbarkeit,eliminierbar/Eliminierbarkeit,Bd02_C-F:0330:0380,Bd02_C-F,primary
eliminierbar/eliminierbarkeit,eliminierbar/Eliminierbarkeit,Bd02_C-F:0329:0379,Bd02_C-F,redirect_alias
eliminierbarkeit,Eliminierbarkeit,Bd02_C-F:0330:0380,Bd02_C-F,slash_half
elliptische geometrie,elliptische Geometrie,Bd03_G-Inn:0109:0078,Bd03_G-Inn,comma_inverted
emanation,Emanation,Bd02_C-F:0330:0381,Bd02_C-F,primary
emanzipation,Emanzipation,Bd02_C-F:0330:0382,Bd02_C-F,primary
emergent,emergent,Bd02_C-F:0331:0383,Bd02_C-F,slash_half
emergent/emergenz,emergent/Emergenz,Bd02_C-F:0331:0383,Bd02_C-F,primary
emergenz,Emergenz,Bd02_C-F:0331:0383,Bd02_C-F,slash_half
emerson,Emerson,Bd02_C-F:0333:0384,Bd02_C-F,primary
emotivismus,Emotivismus,Bd02_C-F:0333:0385,Bd02_C-F,primary
empedokles,Empedokles,Bd02_C-F:0335:0386,Bd02_C-F,primary
empfindung,Empfindung,Bd02_C-F:0336:0387,Bd02_C-F,primary
empiriokritizismus,Empiriokritizismus,Bd02_C-F:0337:0388,Bd02_C-F,primary
empirische philosophie,empirische Philosophie,Bd06_O-Ra:0247:0197,Bd06_O-Ra,comma_inverted
empirische sozialforschung,empirische Sozialforschung,Bd07_Re-Te:0455:0385,Bd07_Re-Te,comma_inverted
empirischer gehalt,empirischer Gehalt,Bd03_G-Inn:0062:0036,Bd03_G-Inn,comma_inverted
empirisches subjekt,empirisches Subjekt,Bd07_Re-Te:0588:0477,Bd07_Re-Te,comma_inverted
empirismus,Empirismus,Bd02_C-F:0338:0389,Bd02_C-F,primary
"empirismus, logischer","Empirismus, logischer",Bd02_C-F:0339:0390,Bd02_C-F,primary
empiristisches sinnkriterium,empiristisches Sinnkriterium,Bd07_Re-Te:0413:0339,Bd07_Re-Te,comma_inverted
endlich,endlich,Bd02_C-F:0340:0391,Bd02_C-F,slash_half
endlich-axiomatisierbar,endlich-axiomatisierbar,Bd02_C-F:0341:0392,Bd02_C-F,primary
endlich/endlichkeit mathematisch,endlich/Endlichkeit (mathematisch),Bd02_C-F:0340:0391,Bd02_C-F,primary
endlichkeit,Endlichkeit,Bd02_C-F:0341:0393,Bd02_C-F,primary
endlichkeit,Endlichkeit,Bd02_C-F:0340:0391,Bd02_C-F,slash_half
endlichkeitssatze,Endlichkeitssätze,Bd02_C-F:0342:0394,Bd02_C-F,primary
energeia,Energeia,Bd02_C-F:0342:0395,Bd02_C-F,primary
energie,Energie,Bd02_C-F:0343:0396,Bd02_C-F,primary
engellehre,Engellehre,Bd02_C-F:0343:0397,Bd02_C-F,primary
engels,Engels,Bd02_C-F:0344:0398,Bd02_C-F,primary
ens,ens,Bd02_C-F:0346:0399,Bd02_C-F,primary
ens,ens,Bd07_Re-Te:0332:0267,Bd02_C-F,redirect_alias
ens rationis,ens rationis,Bd02_C-F:0346:0400,Bd02_C-F,primary
ent-ockhamisierung,Ent-Ockhamisierung,Bd02_C-F:0350:0409,Bd02_C-F,primary
entailment,Entailment,Bd02_C-F:0347:0401,Bd02_C-F,primary
entailment,Entailment,Bd05_Log-N:0115:0070,Bd02_C-F,redirect_alias
entausserung,Entäußerung,Bd02_C-F:0347:0402,Bd02_C-F,primary
entdeckungszusammenhang,Entdeckungszusammenhang,Bd02_C-F:0348:0403,Bd02_C-F,slash_half
entdeckungszusammenhang/begrundungszusammenhang,Entdeckungszusammenhang/Begründungszusammenhang,Bd02_C-F:0348:0403,Bd02_C-F,primary
entelechie,Entelechie,Bd02_C-F:0348:0404,Bd02_C-F,primary
entfremdung,Entfremdung,Bd02_C-F:0348:0405,Bd02_C-F,primary
enthalten,enthalten,Bd02_C-F:0350:0406,Bd02_C-F,slash_half
enthalten/enthaltensein,enthalten/Enthaltensein,Bd02_C-F:0350:0406,Bd02_C-F,primary
enthaltensein,Enthaltensein,Bd02_C-F:0350:0406,Bd02_C-F,slash_half
enthymem,Enthymem,Bd02_C-F:0350:0407,Bd02_C-F,primary
entia non sunt multiplicanda praeter necessitatem,entia non sunt multiplicanda praeter necessitatem,Bd02_C-F:0350:0408,Bd02_C-F,primary
entropie,Entropie,Bd02_C-F:0351:0410,Bd02_C-F,primary
entscheidbar,entscheidbar,Bd02_C-F:0351:0411,Bd02_C-F,slash_half
entscheidbar/entscheidbarkeit,entscheidbar/Entscheidbarkeit,Bd02_C-F:0351:0411,Bd02_C-F,primary
entscheidbarkeit,Entscheidbarkeit,Bd02_C-F:0351:0411,Bd02_C-F,slash_half
entscheidung,Entscheidung,Bd02_C-F:0351:0412,Bd02_C-F,primary
entscheidungsdefinit,entscheidungsdefinit,Bd02_C-F:0352:0413,Bd02_C-F,slash_half
entscheidungsdefinit/entscheidungsdefinitheit,entscheidungsdefinit/Entscheidungsdefinitheit,Bd02_C-F:0352:0413,Bd02_C-F,primary
entscheidungsdefinitheit,Entscheidungsdefinitheit,Bd02_C-F:0352:0413,Bd02_C-F,slash_half
entscheidungsproblem,Entscheidungsproblem,Bd02_C-F:0353:0414,Bd02_C-F,primary
entscheidungstheorie,Entscheidungstheorie,Bd02_C-F:0353:0415,Bd02_C-F,primary
entscheidungsverfahren,Entscheidungsverfahren,Bd02_C-F:0358:0416,Bd02_C-F,primary
entweder-oder,entweder-oder,Bd02_C-F:0359:0417,Bd02_C-F,primary
entwicklung,Entwicklung,Bd02_C-F:0359:0418,Bd02_C-F,primary
entwurf,Entwurf,Bd02_C-F:0360:0419,Bd02_C-F,primary
entzweiung,Entzweiung,Bd02_C-F:0360:0420,Bd02_C-F,primary
enzyklopadie,Enzyklopädie,Bd02_C-F:0361:0421,Bd02_C-F,primary
enzyklopadischer imperativ,enzyklopädischer Imperativ,Bd03_G-Inn:0571:0419,Bd03_G-Inn,comma_inverted
enzyklopadisten,Enzyklopädisten,Bd02_C-F:0366:0422,Bd02_C-F,primary
epagoge,Epagoge,Bd02_C-F:0367:0423,Bd02_C-F,primary
epiktet,Epiktet,Bd02_C-F:0367:0424,Bd02_C-F,primary
epikur,Epikur,Bd02_C-F:0367:0425,Bd02_C-F,primary
epikureismus,Epikureismus,Bd02_C-F:0369:0426,Bd02_C-F,primary
epimenides,Epimenides,Bd02_C-F:0370:0427,Bd02_C-F,primary
epiphanomenalismus,Epiphänomenalismus,Bd02_C-F:0370:0428,Bd02_C-F,primary
episteme,Episteme,Bd02_C-F:0371:0429,Bd02_C-F,primary
epistemische logik,epistemische Logik,Bd05_Log-N:0046:0019,Bd05_Log-N,comma_inverted
episyllogismus,Episyllogismus,Bd02_C-F:0371:0430,Bd02_C-F,primary
epoche,Epoche,Bd02_C-F:0371:0431,Bd02_C-F,primary
epsilontik,Epsilontik,Bd02_C-F:0372:0432,Bd02_C-F,primary
erasmus von rotterdam,Erasmus von Rotterdam,Bd02_C-F:0372:0433,Bd02_C-F,primary
eratosthenes,Eratosthenes,Bd02_C-F:0374:0434,Bd02_C-F,primary
erblich,erblich,Bd02_C-F:0375:0435,Bd02_C-F,primary
erdmann,Erdmann,Bd02_C-F:0375:0436,Bd02_C-F,primary
ereignis,Ereignis,Bd02_C-F:0376:0437,Bd02_C-F,primary
ereignislogik,Ereignislogik,Bd02_C-F:0378:0438,Bd02_C-F,primary
erfahrung,Erfahrung,Bd02_C-F:0379:0439,Bd02_C-F,primary
"erfahrung, asthetische","Erfahrung, ästhetische",Bd02_C-F:0381:0440,Bd02_C-F,primary
erfullbar,erfüllbar,Bd02_C-F:0384:0441,Bd02_C-F,slash_half
erfullbar/erfullbarkeit,erfüllbar/Erfüllbarkeit,Bd02_C-F:0384:0441,Bd02_C-F,primary
erfullbarkeit,Erfüllbarkeit,Bd02_C-F:0384:0441,Bd02_C-F,slash_half
"erhabene, das","Erhabene, das",Bd02_C-F:0384:0442,Bd02_C-F,primary
erhaltungssatze,Erhaltungssätze,Bd02_C-F:0386:0443,Bd02_C-F,primary
erinnerung,Erinnerung,Bd02_C-F:0388:0444,Bd02_C-F,primary
erinnerung kulturwissenschaftlich,Erinnerung (kulturwissenschaftlich),Bd02_C-F:0389:0445,Bd02_C-F,primary
eristik,Eristik,Bd02_C-F:0392:0446,Bd02_C-F,primary
"eriugena, johannes scotus","Eriugena, Johannes Scotus",Bd02_C-F:0392:0447,Bd02_C-F,primary
erkenntnis,Erkenntnis,Bd02_C-F:0393:0448,Bd02_C-F,primary
erkenntnisfortschritt,Erkenntnisfortschritt,Bd02_C-F:0393:0449,Bd02_C-F,primary
erkenntnisinteresse,Erkenntnisinteresse,Bd02_C-F:0394:0450,Bd02_C-F,primary
erkenntniskritik,Erkenntniskritik,Bd02_C-F:0395:0451,Bd02_C-F,primary
erkenntnistheoretischer anarchismus,erkenntnistheoretischer Anarchismus,Bd01_A-B:0152:0207,Bd01_A-B,comma_inverted
erkenntnistheorie,Erkenntnistheorie,Bd02_C-F:0395:0452,Bd02_C-F,primary
"erkenntnistheorie, anarchistische","Erkenntnistheorie, anarchistische",Bd02_C-F:0397:0453,Bd02_C-F,primary
"erkenntnistheorie, evolutionare","Erkenntnistheorie, evolutionäre",Bd02_C-F:0397:0454,Bd02_C-F,primary
"erkenntnistheorie, genetische","Erkenntnistheorie, genetische",Bd02_C-F:0398:0455,Bd02_C-F,primary
erklarung,Erklärung,Bd02_C-F:0399:0456,Bd02_C-F,primary
"erklarung, funktionale","Erklärung, funktionale",Bd02_C-F:0405:0457,Bd02_C-F,primary
erlanger programm,Erlanger Programm,Bd02_C-F:0407:0458,Bd02_C-F,primary
erlanger schule,Erlanger Schule,Bd02_C-F:0408:0459,Bd02_C-F,primary
erleben,Erleben,Bd02_C-F:0409:0460,Bd02_C-F,primary
eros,Eros,Bd02_C-F:0410:0461,Bd02_C-F,primary
erotetische logik,erotetische Logik,Bd05_Log-N:0050:0020,Bd05_Log-N,comma_inverted
erscheinung,Erscheinung,Bd02_C-F:0411:0462,Bd02_C-F,primary
ersetzung,Ersetzung,Bd02_C-F:0411:0463,Bd02_C-F,primary
ersetzungsaxiom,Ersetzungsaxiom,Bd02_C-F:0411:0464,Bd02_C-F,primary
ersetzungstheorem,Ersetzungstheorem,Bd02_C-F:0412:0465,Bd02_C-F,primary
erste philosophie,erste Philosophie,Bd06_O-Ra:0247:0198,Bd06_O-Ra,comma_inverted
erweiterung,Erweiterung,Bd02_C-F:0412:0466,Bd02_C-F,primary
es,Es,Bd02_C-F:0413:0467,Bd02_C-F,primary
es existiert,es existiert,Bd02_C-F:0415:0470,Bd02_C-F,slash_half
es existiert/es gibt,es existiert/es gibt,Bd02_C-F:0415:0470,Bd02_C-F,primary
es gibt,es gibt,Bd02_C-F:0415:0470,Bd02_C-F,slash_half
eschatologie,Eschatologie,Bd02_C-F:0414:0468,Bd02_C-F,primary
eselsbeweis,Eselsbeweis,Bd02_C-F:0415:0469,Bd02_C-F,slash_half
eselsbeweis/eselsbrucke,Eselsbeweis/Eselsbrücke,Bd02_C-F:0415:0469,Bd02_C-F,primary
eselsbrucke,Eselsbrücke,Bd02_C-F:0415:0469,Bd02_C-F,slash_half
esse,esse,Bd02_C-F:0416:0471,Bd02_C-F,primary
esse,esse,Bd07_Re-Te:0333:0268,Bd02_C-F,redirect_alias
esse est percipi,esse est percipi,Bd02_C-F:0416:0472,Bd02_C-F,primary
essentia,essentia,Bd02_C-F:0416:0473,Bd02_C-F,primary
essentialismus,Essentialismus,Bd02_C-F:0416:0474,Bd02_C-F,primary
ethik,Ethik,Bd02_C-F:0422:0475,Bd02_C-F,primary
"ethik, angewandte","Ethik, angewandte",Bd02_C-F:0429:0476,Bd02_C-F,primary
"ethik, deontologische","Ethik, deontologische",Bd02_C-F:0432:0477,Bd02_C-F,primary
"ethik, evolutionare","Ethik, evolutionäre",Bd02_C-F:0433:0478,Bd02_C-F,primary
"ethik, formale","Ethik, formale",Bd02_C-F:0434:0479,Bd02_C-F,primary
"ethik, materiale","Ethik, materiale",Bd02_C-F:0435:0480,Bd02_C-F,primary
"ethik, materiale","Ethik, materiale",Bd08_Th-Z:0487:0460,Bd02_C-F,redirect_alias
"ethik, medizinische","Ethik, medizinische",Bd02_C-F:0435:0481,Bd02_C-F,primary
"ethik, normative","Ethik, normative",Bd02_C-F:0439:0482,Bd02_C-F,primary
"ethik, okologische","Ethik, ökologische",Bd02_C-F:0439:0483,Bd02_C-F,primary
"ethik, teleologische","Ethik, teleologische",Bd02_C-F:0441:0484,Bd02_C-F,primary
"ethik, utilitaristische","Ethik, utilitaristische",Bd02_C-F:0442:0485,Bd02_C-F,primary
"ethik, utilitaristische","Ethik, utilitaristische",Bd08_Th-Z:0264:0239,Bd02_C-F,redirect_alias
ethischer externalismus,ethischer Externalismus,Bd02_C-F:0481:0535,Bd02_C-F,comma_inverted
ethischer internalismus,ethischer Internalismus,Bd04_Ins-Loc:0056:0025,Bd04_Ins-Loc,comma_inverted
ethischer realismus,ethischer Realismus,Bd07_Re-Te:0026:0008,Bd07_Re-Te,comma_inverted
ethnomethodologie,Ethnomethodologie,Bd02_C-F:0442:0486,Bd02_C-F,primary
eubulides,Eubulides,Bd02_C-F:0442:0487,Bd02_C-F,primary
eucken,Eucken,Bd02_C-F:0442:0488,Bd02_C-F,primary
eudamonismus,Eudämonismus,Bd02_C-F:0443:0489,Bd02_C-F,primary
eudamonologie,Eudämonologie,Bd02_C-F:0443:0490,Bd02_C-F,primary
eudemos,Eudemos,Bd02_C-F:0443:0491,Bd02_C-F,primary
eudoxos,Eudoxos,Bd02_C-F:0444:0492,Bd02_C-F,primary
eukleides,Eukleides,Bd02_C-F:0445:0493,Bd02_C-F,primary
euklid,Euklid,Bd02_C-F:0446:0494,Bd02_C-F,primary
euklidische geometrie,Euklidische Geometrie,Bd02_C-F:0448:0495,Bd02_C-F,primary
euklidizitat,Euklidizität,Bd02_C-F:0451:0496,Bd02_C-F,primary
euler,Euler,Bd02_C-F:0452:0497,Bd02_C-F,primary
euler-diagramme,Euler-Diagramme,Bd02_C-F:0453:0498,Bd02_C-F,primary
eulersches bruckenproblem,Eulersches Brückenproblem,Bd02_C-F:0454:0499,Bd02_C-F,primary
"evans, gareth","Evans, Gareth",Bd02_C-F:0454:0500,Bd02_C-F,primary
evidenz,Evidenz,Bd02_C-F:0456:0501,Bd02_C-F,primary
evidenztheorie,Evidenztheorie,Bd02_C-F:0457:0502,Bd02_C-F,primary
evolution,Evolution,Bd02_C-F:0457:0503,Bd02_C-F,primary
evolutionare erkenntnistheorie,evolutionäre Erkenntnistheorie,Bd02_C-F:0397:0454,Bd02_C-F,comma_inverted
evolutionare ethik,evolutionäre Ethik,Bd02_C-F:0433:0478,Bd02_C-F,comma_inverted
evolutionstheorie,Evolutionstheorie,Bd02_C-F:0460:0504,Bd02_C-F,primary
ewigkeit der welt,Ewigkeit der Welt,Bd02_C-F:0462:0505,Bd02_C-F,primary
ex falso quodlibet,ex falso quodlibet,Bd02_C-F:0465:0508,Bd02_C-F,primary
ex nihilo nihil fit,ex nihilo nihil fit,Bd02_C-F:0471:0521,Bd02_C-F,primary
ex quolibet verum,ex quolibet verum,Bd02_C-F:0478:0530,Bd02_C-F,primary
exaktheit,Exaktheit,Bd02_C-F:0462:0506,Bd02_C-F,primary
exemplifikation,Exemplifikation,Bd02_C-F:0464:0507,Bd02_C-F,primary
exhaustion,Exhaustion,Bd02_C-F:0465:0509,Bd02_C-F,primary
existentia,existentia,Bd02_C-F:0466:0510,Bd02_C-F,primary
existentialismus,Existentialismus,Bd02_C-F:0466:0511,Bd02_C-F,primary
existentialismus,Existentialismus,Bd02_C-F:0468:0517,Bd02_C-F,redirect_alias
existenz,Existenz,Bd02_C-F:0466:0512,Bd02_C-F,primary
existenz logisch,Existenz (logisch),Bd02_C-F:0467:0513,Bd02_C-F,primary
existenzaussage,Existenzaussage,Bd02_C-F:0467:0514,Bd02_C-F,primary
existenzialien,Existenzialien,Bd02_C-F:0468:0515,Bd02_C-F,primary
existenzoperator,Existenzoperator,Bd02_C-F:0468:0516,Bd02_C-F,slash_half
existenzoperator/existenzquantor,Existenzoperator/Existenzquantor,Bd02_C-F:0468:0516,Bd02_C-F,primary
existenzoperator/existenzquantor,Existenzoperator/Existenzquantor,Bd02_C-F:0317:0358,Bd02_C-F,redirect_alias
existenzphilosophie,Existenzphilosophie,Bd02_C-F:0468:0517,Bd02_C-F,primary
existenzprasupposition,Existenzpräsupposition,Bd02_C-F:0471:0518,Bd02_C-F,primary
existenzprasupposition,Existenzpräsupposition,Bd04_Ins-Loc:0205:0143,Bd02_C-F,redirect_alias
existenzquantor,Existenzquantor,Bd02_C-F:0468:0516,Bd02_C-F,slash_half
exklusion,Exklusion,Bd02_C-F:0471:0519,Bd02_C-F,primary
exklusor,Exklusor,Bd02_C-F:0471:0520,Bd02_C-F,primary
exklusor,Exklusor,Bd07_Re-Te:0389:0311,Bd02_C-F,redirect_alias
experiment,Experiment,Bd02_C-F:0472:0522,Bd02_C-F,primary
"experimentalismus, neuer","Experimentalismus, neuer",Bd02_C-F:0472:0523,Bd02_C-F,primary
experimentalphilosophie,Experimentalphilosophie,Bd02_C-F:0473:0524,Bd02_C-F,primary
experimentum crucis,experimentum crucis,Bd02_C-F:0475:0525,Bd02_C-F,primary
explanandum,Explanandum,Bd02_C-F:0477:0526,Bd02_C-F,slash_half
explanans,Explanans,Bd02_C-F:0477:0526,Bd02_C-F,slash_half
explanans/explanandum,Explanans/Explanandum,Bd02_C-F:0477:0526,Bd02_C-F,primary
explanans/explanandum,Explanans/Explanandum,Bd02_C-F:0399:0456,Bd02_C-F,redirect_alias
explanatorische koharenz,explanatorische Kohärenz,Bd04_Ins-Loc:0274:0183,Bd04_Ins-Loc,comma_inverted
explikation,Explikation,Bd02_C-F:0477:0527,Bd02_C-F,primary
explizite definition,explizite Definition,Bd02_C-F:0157:0176,Bd02_C-F,comma_inverted
exponibilia,exponibilia,Bd02_C-F:0477:0528,Bd02_C-F,primary
exportationsregeln,Exportationsregeln,Bd02_C-F:0478:0529,Bd02_C-F,primary
extension,Extension,Bd02_C-F:0478:0531,Bd02_C-F,slash_half
extensional,extensional,Bd02_C-F:0478:0531,Bd02_C-F,slash_half
extensional/extension,extensional/Extension,Bd02_C-F:0478:0531,Bd02_C-F,primary
extensionale logik,extensionale Logik,Bd05_Log-N:0050:0021,Bd05_Log-N,comma_inverted
extensionalitatsaxiom,Extensionalitätsaxiom,Bd02_C-F:0479:0532,Bd02_C-F,primary
extensionalitatsprinzip,Extensionalitätsprinzip,Bd02_C-F:0480:0533,Bd02_C-F,primary
extensionalitatsthese,Extensionalitätsthese,Bd02_C-F:0480:0534,Bd02_C-F,primary
extern,extern,Bd04_Ins-Loc:0054:0024,Bd04_Ins-Loc,slash_half
"externalismus, ethischer","Externalismus, ethischer",Bd02_C-F:0481:0535,Bd02_C-F,primary
extremalprinzipien,Extremalprinzipien,Bd02_C-F:0483:0536,Bd02_C-F,primary
extrinsisch,extrinsisch,Bd04_Ins-Loc:0072:0036,Bd04_Ins-Loc,slash_half
faber,Faber,Bd02_C-F:0485:0537,Bd02_C-F,primary
faktizitat,Faktizität,Bd02_C-F:0485:0538,Bd02_C-F,primary
fallgesetz,Fallgesetz,Bd02_C-F:0486:0539,Bd02_C-F,primary
fallibilismus,Fallibilismus,Bd02_C-F:0488:0540,Bd02_C-F,primary
fallunterscheidung,Fallunterscheidung,Bd02_C-F:0489:0541,Bd02_C-F,primary
falsch,falsch,Bd02_C-F:0489:0542,Bd02_C-F,primary
falsches bewusstsein,falsches Bewußtsein,Bd01_A-B:0476:0594,Bd01_A-B,comma_inverted
falsifikation,Falsifikation,Bd02_C-F:0490:0543,Bd02_C-F,primary
falsifizierbar,falsifizierbar,Bd02_C-F:0490:0544,Bd02_C-F,slash_half
falsifizierbar/falsifizierbarkeit,falsifizierbar/Falsifizierbarkeit,Bd02_C-F:0490:0544,Bd02_C-F,primary
falsifizierbar/falsifizierbarkeit,falsifizierbar/Falsifizierbarkeit,Bd02_C-F:0490:0543,Bd02_C-F,redirect_alias
falsifizierbarkeit,Falsifizierbarkeit,Bd02_C-F:0490:0544,Bd02_C-F,slash_half
falsum,falsum,Bd02_C-F:0490:0545,Bd02_C-F,primary
familienahnlichkeit,Familienähnlichkeit,Bd02_C-F:0491:0546,Bd02_C-F,primary
fangfrage,Fangfrage,Bd02_C-F:0492:0547,Bd02_C-F,primary
fangschluss,Fangschluß,Bd02_C-F:0492:0548,Bd02_C-F,primary
"farabi, al-","Farabi, al-",Bd02_C-F:0493:0549,Bd02_C-F,primary
"farghani, al-","Farghani, al-",Bd02_C-F:0495:0550,Bd02_C-F,primary
"farghani, al-","Farghani, al-",Bd01_A-B:0112:0135,Bd02_C-F,redirect_alias
fatalismus,Fatalismus,Bd02_C-F:0495:0551,Bd02_C-F,primary
faule vernunft,faule Vernunft,Bd08_Th-Z:0326:0297,Bd08_Th-Z,comma_inverted
faulheit,Faulheit,Bd02_C-F:0496:0552,Bd02_C-F,primary
fechner,Fechner,Bd02_C-F:0496:0553,Bd02_C-F,primary
feder,Feder,Bd02_C-F:0496:0554,Bd02_C-F,primary
fehlschluss,Fehlschluß,Bd02_C-F:0497:0555,Bd02_C-F,primary
"fehlschluss, deskriptivistischer","Fehlschluß, deskriptivistischer",Bd02_C-F:0498:0556,Bd02_C-F,primary
"fehlschluss, naturalistischer","Fehlschluß, naturalistischer",Bd02_C-F:0499:0557,Bd02_C-F,primary
feigl,Feigl,Bd02_C-F:0499:0558,Bd02_C-F,primary
feinhals,Feinhals,Bd02_C-F:0500:0559,Bd02_C-F,primary
feld,Feld,Bd02_C-F:0501:0560,Bd02_C-F,primary
ferguson,Ferguson,Bd02_C-F:0503:0562,Bd02_C-F,primary
ferio,Ferio,Bd02_C-F:0504:0563,Bd02_C-F,primary
fermat,Fermat,Bd02_C-F:0504:0564,Bd02_C-F,primary
fermatsches prinzip,Fermatsches Prinzip,Bd02_C-F:0505:0565,Bd02_C-F,primary
fermatsches problem,Fermatsches Problem,Bd02_C-F:0505:0566,Bd02_C-F,primary
fermatsches problem,Fermatsches Problem,Bd02_C-F:0504:0564,Bd02_C-F,redirect_alias
feuerbach,Feuerbach,Bd02_C-F:0505:0567,Bd02_C-F,primary
feuerbach,Feuerbach,Bd02_C-F:0507:0568,Bd02_C-F,primary
feyerabend,Feyerabend,Bd02_C-F:0508:0569,Bd02_C-F,primary
fibonacci,Fibonacci,Bd02_C-F:0509:0570,Bd02_C-F,primary
fichte,Fichte,Bd02_C-F:0511:0571,Bd02_C-F,primary
fichte,Fichte,Bd02_C-F:0512:0572,Bd02_C-F,primary
ficino,Ficino,Bd02_C-F:0516:0573,Bd02_C-F,primary
fideismus,Fideismus,Bd02_C-F:0517:0574,Bd02_C-F,primary
figur logisch,Figur (logisch),Bd02_C-F:0518:0575,Bd02_C-F,primary
fiktion,Fiktion,Bd02_C-F:0518:0576,Bd02_C-F,primary
"fiktion, literarische","Fiktion, literarische",Bd02_C-F:0519:0577,Bd02_C-F,primary
fiktionalismus,Fiktionalismus,Bd02_C-F:0520:0578,Bd02_C-F,primary
filter,Filter,Bd02_C-F:0520:0579,Bd02_C-F,primary
filum cogitandi,filum cogitandi,Bd02_C-F:0521:0580,Bd02_C-F,primary
finalisierung,Finalisierung,Bd02_C-F:0521:0581,Bd02_C-F,primary
finalismus,Finalismus,Bd02_C-F:0522:0582,Bd02_C-F,primary
finalitat,Finalität,Bd02_C-F:0522:0583,Bd02_C-F,primary
fine,Fine,Bd02_C-F:0522:0584,Bd02_C-F,primary
finetti,Finetti,Bd02_C-F:0523:0585,Bd02_C-F,primary
finit,finit,Bd02_C-F:0525:0586,Bd02_C-F,slash_half
finit/finitismus,finit/Finitismus,Bd02_C-F:0525:0586,Bd02_C-F,primary
finitismus,Finitismus,Bd02_C-F:0525:0586,Bd02_C-F,slash_half
fink,Fink,Bd02_C-F:0526:0587,Bd02_C-F,primary
fischer,Fischer,Bd02_C-F:0526:0588,Bd02_C-F,primary
fitness,Fitneß,Bd02_C-F:0527:0589,Bd02_C-F,primary
fixpunkt,Fixpunkt,Bd02_C-F:0528:0590,Bd02_C-F,primary
fleck,Fleck,Bd02_C-F:0530:0591,Bd02_C-F,primary
fludd,Fludd,Bd02_C-F:0531:0592,Bd02_C-F,primary
fluxion,Fluxion,Bd02_C-F:0532:0593,Bd02_C-F,primary
fodor,Fodor,Bd02_C-F:0532:0594,Bd02_C-F,primary
folge logisch,Folge (logisch),Bd02_C-F:0535:0595,Bd02_C-F,primary
folge mathematisch,Folge (mathematisch),Bd02_C-F:0536:0596,Bd02_C-F,primary
folgerung,Folgerung,Bd02_C-F:0536:0597,Bd02_C-F,primary
fonseca,Fonseca,Bd02_C-F:0537:0598,Bd02_C-F,primary
fontenelle,Fontenelle,Bd02_C-F:0537:0599,Bd02_C-F,primary
forberg,Forberg,Bd02_C-F:0538:0600,Bd02_C-F,primary
forcing,forcing,Bd02_C-F:0538:0601,Bd02_C-F,primary
form,Form,Bd02_C-F:0539:0602,Bd02_C-F,primary
form asthetisch,Form (ästhetisch),Bd02_C-F:0540:0603,Bd02_C-F,primary
form logisch,Form (logisch),Bd02_C-F:0542:0604,Bd02_C-F,primary
form und materie,Form und Materie,Bd02_C-F:0548:0613,Bd02_C-F,primary
formal,formal,Bd02_C-F:0543:0605,Bd02_C-F,primary
formal-analytisch,formal-analytisch,Bd02_C-F:0544:0606,Bd02_C-F,primary
formal-synthetisch,formal-synthetisch,Bd02_C-F:0547:0609,Bd02_C-F,primary
formal-synthetisch,formal-synthetisch,Bd02_C-F:0544:0606,Bd02_C-F,redirect_alias
formale ethik,formale Ethik,Bd02_C-F:0434:0479,Bd02_C-F,comma_inverted
formale logik,formale Logik,Bd05_Log-N:0050:0022,Bd05_Log-N,comma_inverted
formale redeweise,formale Redeweise,Bd07_Re-Te:0044:0020,Bd07_Re-Te,comma_inverted
formale sprache,formale Sprache,Bd07_Re-Te:0503:0415,Bd07_Re-Te,comma_inverted
formales system,formales System,Bd07_Re-Te:0655:0561,Bd07_Re-Te,comma_inverted
formalisierung,Formalisierung,Bd02_C-F:0545:0607,Bd02_C-F,primary
formalismus,Formalismus,Bd02_C-F:0545:0608,Bd02_C-F,primary
formalwissenschaft,Formalwissenschaft,Bd02_C-F:0547:0610,Bd02_C-F,primary
formel,Formel,Bd02_C-F:0547:0611,Bd02_C-F,primary
formey,Formey,Bd02_C-F:0547:0612,Bd02_C-F,primary
forschung,Forschung,Bd02_C-F:0551:0614,Bd02_C-F,primary
forschungsprogramm,Forschungsprogramm,Bd02_C-F:0552:0615,Bd02_C-F,primary
fortschritt,Fortschritt,Bd02_C-F:0553:0616,Bd02_C-F,primary
foucault,Foucault,Bd02_C-F:0555:0617,Bd02_C-F,primary
fourier,Fourier,Bd02_C-F:0557:0618,Bd02_C-F,primary
fourier,Fourier,Bd02_C-F:0558:0619,Bd02_C-F,primary
fourier-analyse,Fourier-Analyse,Bd02_C-F:0559:0620,Bd02_C-F,primary
fraassen,Fraassen,Bd02_C-F:0559:0621,Bd02_C-F,primary
fracastoro,Fracastoro,Bd02_C-F:0561:0622,Bd02_C-F,primary
fraenkel,Fraenkel,Bd02_C-F:0561:0623,Bd02_C-F,primary
frage,Frage,Bd02_C-F:0562:0624,Bd02_C-F,primary
fraktal,Fraktal,Bd02_C-F:0563:0625,Bd02_C-F,primary
frank,Frank,Bd02_C-F:0566:0626,Bd02_C-F,primary
frankfurter schule,Frankfurter Schule,Bd02_C-F:0567:0627,Bd02_C-F,primary
franklin,Franklin,Bd02_C-F:0568:0628,Bd02_C-F,primary
franz von marchia,Franz von Marchia,Bd02_C-F:0569:0629,Bd02_C-F,primary
franz von meyronnes,Franz von Meyronnes,Bd02_C-F:0570:0630,Bd02_C-F,primary
franzosische moralisten,französische Moralisten,Bd05_Log-N:0478:0375,Bd05_Log-N,comma_inverted
franzosischer materialismus,französischer Materialismus,Bd05_Log-N:0269:0190,Bd05_Log-N,comma_inverted
frege,Frege,Bd02_C-F:0571:0631,Bd02_C-F,primary
freidenker,Freidenker,Bd02_C-F:0576:0632,Bd02_C-F,primary
freie logik,freie Logik,Bd05_Log-N:0054:0023,Bd05_Log-N,comma_inverted
freiheit,Freiheit,Bd02_C-F:0577:0633,Bd02_C-F,primary
freiheit handlungstheoretisch,Freiheit (handlungstheoretisch),Bd02_C-F:0584:0634,Bd02_C-F,primary
freud,Freud,Bd02_C-F:0588:0635,Bd02_C-F,primary
freundschaft,Freundschaft,Bd02_C-F:0591:0636,Bd02_C-F,primary
freyer,Freyer,Bd02_C-F:0592:0637,Bd02_C-F,primary
frieden historisch-juristisch,Frieden (historisch-juristisch),Bd02_C-F:0593:0638,Bd02_C-F,primary
frieden systematisch,Frieden (systematisch),Bd02_C-F:0595:0639,Bd02_C-F,primary
fries,Fries,Bd02_C-F:0596:0640,Bd02_C-F,primary
friessche schule,Friessche Schule,Bd02_C-F:0597:0641,Bd02_C-F,primary
fromm,Fromm,Bd02_C-F:0598:0642,Bd02_C-F,primary
fundamentalismus,Fundamentalismus,Bd02_C-F:0600:0643,Bd02_C-F,primary
"fundamentalismus, begrundungstheoretischer","Fundamentalismus, begründungstheoretischer",Bd02_C-F:0601:0644,Bd02_C-F,primary
fundamentalontologie,Fundamentalontologie,Bd02_C-F:0604:0645,Bd02_C-F,primary
fundamentalphilosophie,Fundamentalphilosophie,Bd02_C-F:0605:0646,Bd02_C-F,primary
fundamentalsatz der algebra,Fundamentalsatz der Algebra,Bd02_C-F:0607:0647,Bd02_C-F,primary
fundamentalsatz der elementaren zahlentheorie,Fundamentalsatz der (elementaren) Zahlentheorie,Bd02_C-F:0608:0648,Bd02_C-F,primary
fundiert,fundiert,Bd02_C-F:0608:0649,Bd02_C-F,slash_half
fundiert/fundiertheit,fundiert/Fundiertheit,Bd02_C-F:0608:0649,Bd02_C-F,primary
fundiertheit,Fundiertheit,Bd02_C-F:0608:0649,Bd02_C-F,slash_half
fundierungsaxiom,Fundierungsaxiom,Bd02_C-F:0608:0650,Bd02_C-F,primary
fundierungsaxiom,Fundierungsaxiom,Bd07_Re-Te:0068:0050,Bd02_C-F,redirect_alias
fung yu-lan,Fung Yu-lan,Bd02_C-F:0608:0651,Bd02_C-F,primary
funktion,Funktion,Bd02_C-F:0608:0652,Bd02_C-F,primary
"funktion, charakteristische","Funktion, charakteristische",Bd02_C-F:0610:0653,Bd02_C-F,primary
"funktion, rekursive","Funktion, rekursive",Bd02_C-F:0610:0654,Bd02_C-F,primary
funktional,Funktional,Bd02_C-F:0611:0655,Bd02_C-F,primary
funktionalanalyse,Funktionalanalyse,Bd02_C-F:0611:0656,Bd02_C-F,primary
funktionalanalyse,Funktionalanalyse,Bd04_Ins-Loc:0195:0134,Bd02_C-F,redirect_alias
funktionale erklarung,funktionale Erklärung,Bd02_C-F:0405:0457,Bd02_C-F,comma_inverted
funktionalinterpretation,Funktionalinterpretation,Bd02_C-F:0611:0657,Bd02_C-F,primary
funktionalismus,Funktionalismus,Bd02_C-F:0612:0658,Bd02_C-F,primary
funktionalismus kognitionswissenschaftlich,Funktionalismus (kognitionswissenschaftlich,Bd02_C-F:0613:0659,Bd02_C-F,primary
funktionentheorie,Funktionentheorie,Bd02_C-F:0614:0660,Bd02_C-F,primary
funktor,Funktor,Bd02_C-F:0615:0661,Bd02_C-F,primary
futurabilien,Futurabilien,Bd02_C-F:0616:0662,Bd02_C-F,primary
futurologie,Futurologie,Bd02_C-F:0617:0663,Bd02_C-F,primary
fuzzy logic,Fuzzy Logic,Bd02_C-F:0617:0664,Bd02_C-F,primary
f�nelon,F�nelon,Bd02_C-F:0502:0561,Bd02_C-F,primary
gabirol,Gabirol,Bd03_G-Inn:0019:0001,Bd03_G-Inn,primary
gabirol,Gabirol,Bd01_A-B:0352:0447,Bd03_G-Inn,redirect_alias
gadamer,Gadamer,Bd03_G-Inn:0019:0002,Bd03_G-Inn,primary
galenische figur,Galenische Figur,Bd03_G-Inn:0022:0003,Bd03_G-Inn,primary
galenos,Galenos,Bd03_G-Inn:0022:0004,Bd03_G-Inn,primary
galilei,Galilei,Bd03_G-Inn:0024:0005,Bd03_G-Inn,primary
galilei-invarianz,Galilei-Invarianz,Bd03_G-Inn:0029:0006,Bd03_G-Inn,primary
galilei-transformation,Galilei-Transformation,Bd03_G-Inn:0030:0007,Bd03_G-Inn,primary
galois,Galois,Bd03_G-Inn:0030:0008,Bd03_G-Inn,primary
garaudy,Garaudy,Bd03_G-Inn:0033:0010,Bd03_G-Inn,primary
garve,Garve,Bd03_G-Inn:0034:0011,Bd03_G-Inn,primary
gassendi,Gassendi,Bd03_G-Inn:0036:0012,Bd03_G-Inn,primary
gatschenberger,Gätschenberger,Bd03_G-Inn:0037:0013,Bd03_G-Inn,primary
gattung,Gattung,Bd03_G-Inn:0038:0014,Bd03_G-Inn,primary
gaud.apāda,Gaud.apāda,Bd03_G-Inn:0039:0015,Bd03_G-Inn,primary
gaudentios,Gaudentios,Bd03_G-Inn:0040:0016,Bd03_G-Inn,primary
gauss,Gauß,Bd03_G-Inn:0041:0017,Bd03_G-Inn,primary
gaṅgeśa upādhyāya,Gaṅgeśa Upādhyāya,Bd03_G-Inn:0032:0009,Bd03_G-Inn,primary
geach,Geach,Bd03_G-Inn:0043:0018,Bd03_G-Inn,primary
gebrauch,Gebrauch,Bd03_G-Inn:0044:0019,Bd03_G-Inn,primary
gebrauchsdefinition,Gebrauchsdefinition,Bd03_G-Inn:0044:0020,Bd03_G-Inn,primary
gebrauchsdefinition,Gebrauchsdefinition,Bd02_C-F:0157:0178,Bd03_G-Inn,redirect_alias
gebrauchssprache,Gebrauchssprache,Bd03_G-Inn:0044:0021,Bd03_G-Inn,primary
gebrauchstheorie der bedeutung,Gebrauchstheorie (der Bedeutung),Bd03_G-Inn:0044:0022,Bd03_G-Inn,primary
gebrauchswert,Gebrauchswert,Bd03_G-Inn:0050:0023,Bd03_G-Inn,primary
gedanke,Gedanke,Bd03_G-Inn:0050:0024,Bd03_G-Inn,primary
gedankending,Gedankending,Bd03_G-Inn:0051:0025,Bd03_G-Inn,primary
gedankending,Gedankending,Bd02_C-F:0346:0400,Bd03_G-Inn,redirect_alias
gedankenexperiment,Gedankenexperiment,Bd03_G-Inn:0051:0026,Bd03_G-Inn,primary
gefangenendilemma,Gefangenendilemma,Bd03_G-Inn:0054:0027,Bd03_G-Inn,primary
gefuhl,Gefühl,Bd03_G-Inn:0055:0028,Bd03_G-Inn,primary
"gegebene, das","Gegebene, das",Bd03_G-Inn:0057:0029,Bd03_G-Inn,primary
gegebenheitsweise,Gegebenheitsweise,Bd03_G-Inn:0058:0030,Bd03_G-Inn,primary
gegensatz,Gegensatz,Bd03_G-Inn:0059:0031,Bd03_G-Inn,primary
gegenstand,Gegenstand,Bd03_G-Inn:0060:0032,Bd03_G-Inn,primary
gegenstandsbereich,Gegenstandsbereich,Bd03_G-Inn:0061:0033,Bd03_G-Inn,primary
gegenstandsbereich,Gegenstandsbereich,Bd06_O-Ra:0026:0007,Bd03_G-Inn,redirect_alias
gegenstandstheorie,Gegenstandstheorie,Bd03_G-Inn:0061:0034,Bd03_G-Inn,primary
gegenstandsvariable,Gegenstandsvariable,Bd03_G-Inn:0062:0035,Bd03_G-Inn,primary
gegenstandsvariable,Gegenstandsvariable,Bd06_O-Ra:0030:0013,Bd03_G-Inn,redirect_alias
"gehalt, empirischer","Gehalt, empirischer",Bd03_G-Inn:0062:0036,Bd03_G-Inn,primary
gehirn im tank,Gehirn im Tank,Bd03_G-Inn:0064:0037,Bd03_G-Inn,primary
gehlen,Gehlen,Bd03_G-Inn:0065:0038,Bd03_G-Inn,primary
gehtmanscher doppelschluss,Gehtmanscher Doppelschluß,Bd03_G-Inn:0066:0039,Bd03_G-Inn,primary
geiger,Geiger,Bd03_G-Inn:0067:0040,Bd03_G-Inn,primary
geiger,Geiger,Bd03_G-Inn:0067:0041,Bd03_G-Inn,primary
geist,Geist,Bd03_G-Inn:0069:0042,Bd03_G-Inn,primary
"geist, absoluter","Geist, absoluter",Bd03_G-Inn:0071:0043,Bd03_G-Inn,primary
"geist, objektiver","Geist, objektiver",Bd03_G-Inn:0072:0044,Bd03_G-Inn,primary
"geist, subjektiver","Geist, subjektiver",Bd03_G-Inn:0073:0045,Bd03_G-Inn,primary
geisteswissenschaften,Geisteswissenschaften,Bd03_G-Inn:0074:0046,Bd03_G-Inn,primary
gelassenheit,Gelassenheit,Bd03_G-Inn:0077:0047,Bd03_G-Inn,primary
geld,Geld,Bd03_G-Inn:0078:0048,Bd03_G-Inn,primary
geltung,Geltung,Bd03_G-Inn:0082:0049,Bd03_G-Inn,primary
gemeinschaft,Gemeinschaft,Bd03_G-Inn:0083:0050,Bd03_G-Inn,primary
gemeinwohl,Gemeinwohl,Bd03_G-Inn:0087:0051,Bd03_G-Inn,primary
geminos,Geminos,Bd03_G-Inn:0088:0052,Bd03_G-Inn,primary
gemut,Gemüt,Bd03_G-Inn:0088:0053,Bd03_G-Inn,primary
gen,Gen,Bd03_G-Inn:0089:0054,Bd03_G-Inn,primary
"gen, egoistisches","Gen, egoistisches",Bd03_G-Inn:0090:0055,Bd03_G-Inn,primary
"genau dann, wenn","genau dann, wenn",Bd03_G-Inn:0090:0056,Bd03_G-Inn,primary
"genau dann, wenn","genau dann, wenn",Bd02_C-F:0126:0149,Bd03_G-Inn,redirect_alias
gender studies,Gender Studies,Bd03_G-Inn:0090:0057,Bd03_G-Inn,primary
generalisator,Generalisator,Bd03_G-Inn:0092:0058,Bd03_G-Inn,primary
generalisierung,Generalisierung,Bd03_G-Inn:0092:0059,Bd03_G-Inn,primary
generell,generell,Bd03_G-Inn:0092:0060,Bd03_G-Inn,primary
genese,Genese,Bd03_G-Inn:0092:0061,Bd03_G-Inn,primary
genethik,Genethik,Bd03_G-Inn:0093:0062,Bd03_G-Inn,primary
genetik,Genetik,Bd03_G-Inn:0094:0063,Bd03_G-Inn,primary
genetische definition,genetische Definition,Bd02_C-F:0157:0177,Bd02_C-F,comma_inverted
genetische erkenntnistheorie,genetische Erkenntnistheorie,Bd02_C-F:0398:0455,Bd02_C-F,comma_inverted
genetischer code,genetischer Code,Bd02_C-F:0094:0096,Bd02_C-F,comma_inverted
genidentitat,Genidentität,Bd03_G-Inn:0095:0064,Bd03_G-Inn,primary
genie,Genie,Bd03_G-Inn:0095:0065,Bd03_G-Inn,primary
genius malignus,genius malignus,Bd03_G-Inn:0097:0066,Bd03_G-Inn,primary
genom,Genom,Bd03_G-Inn:0097:0067,Bd03_G-Inn,primary
gentile,Gentile,Bd03_G-Inn:0097:0068,Bd03_G-Inn,primary
gentzen,Gentzen,Bd03_G-Inn:0099:0069,Bd03_G-Inn,primary
gentzen-kalkul,Gentzen-Kalkül,Bd03_G-Inn:0102:0070,Bd03_G-Inn,primary
gentzenscher hauptsatz,Gentzenscher Hauptsatz,Bd03_G-Inn:0102:0071,Bd03_G-Inn,primary
gentzentypkalkul,Gentzentypkalkül,Bd03_G-Inn:0103:0072,Bd03_G-Inn,primary
genus,genus,Bd03_G-Inn:0103:0073,Bd03_G-Inn,primary
genus,genus,Bd03_G-Inn:0038:0014,Bd03_G-Inn,redirect_alias
genus proximum,genus proximum,Bd03_G-Inn:0103:0074,Bd03_G-Inn,primary
geometrie,Geometrie,Bd03_G-Inn:0104:0075,Bd03_G-Inn,primary
"geometrie, absolute","Geometrie, absolute",Bd03_G-Inn:0107:0076,Bd03_G-Inn,primary
"geometrie, analytische","Geometrie, analytische",Bd03_G-Inn:0107:0077,Bd03_G-Inn,primary
"geometrie, elliptische","Geometrie, elliptische",Bd03_G-Inn:0109:0078,Bd03_G-Inn,primary
"geometrie, euklidische","Geometrie, Euklidische",Bd03_G-Inn:0110:0079,Bd03_G-Inn,primary
"geometrie, euklidische","Geometrie, Euklidische",Bd02_C-F:0448:0495,Bd03_G-Inn,redirect_alias
"geometrie, hyperbolische","Geometrie, hyperbolische",Bd03_G-Inn:0110:0080,Bd03_G-Inn,primary
"geometrie, nicht-archimedische","Geometrie, nicht-archimedische",Bd03_G-Inn:0112:0081,Bd03_G-Inn,primary
"geometrie, nicht-euklidische","Geometrie, nicht-euklidische",Bd03_G-Inn:0113:0082,Bd03_G-Inn,primary
"geometrie, nicht-euklidische","Geometrie, nicht-euklidische",Bd05_Log-N:0585:0461,Bd03_G-Inn,redirect_alias
"geometrie, sakrale","Geometrie, sakrale",Bd03_G-Inn:0113:0083,Bd03_G-Inn,primary
"geometrie, sakrale","Geometrie, sakrale",Bd07_Re-Te:0219:0168,Bd03_G-Inn,redirect_alias
geordnete menge,geordnete Menge,Bd05_Log-N:0350:0241,Bd05_Log-N,comma_inverted
geordnetes paar,geordnetes Paar,Bd06_O-Ra:0093:0071,Bd06_O-Ra,comma_inverted
geozentrismus,Geozentrismus,Bd03_G-Inn:0113:0084,Bd03_G-Inn,primary
gerard von brussel,Gerard von Brüssel,Bd03_G-Inn:0114:0085,Bd03_G-Inn,primary
gerbert von aurillac,Gerbert von Aurillac,Bd03_G-Inn:0114:0086,Bd03_G-Inn,primary
gerechtigkeit,Gerechtigkeit,Bd03_G-Inn:0115:0087,Bd03_G-Inn,primary
gergonne,Gergonne,Bd03_G-Inn:0120:0088,Bd03_G-Inn,primary
gerson,Gerson,Bd03_G-Inn:0120:0089,Bd03_G-Inn,primary
geschichte,Geschichte,Bd03_G-Inn:0122:0090,Bd03_G-Inn,primary
geschichtlichkeit,Geschichtlichkeit,Bd03_G-Inn:0124:0091,Bd03_G-Inn,primary
geschichtsphilosophie,Geschichtsphilosophie,Bd03_G-Inn:0125:0092,Bd03_G-Inn,primary
geschmack,Geschmack,Bd03_G-Inn:0128:0093,Bd03_G-Inn,primary
gesellschaft,Gesellschaft,Bd03_G-Inn:0131:0094,Bd03_G-Inn,primary
"gesellschaft, burgerliche","Gesellschaft, bürgerliche",Bd03_G-Inn:0133:0095,Bd03_G-Inn,primary
gesellschaftstheorie,Gesellschaftstheorie,Bd03_G-Inn:0135:0096,Bd03_G-Inn,primary
gesellschaftsvertrag,Gesellschaftsvertrag,Bd03_G-Inn:0135:0097,Bd03_G-Inn,primary
gesetz der grossen zahlen,Gesetz der großen Zahlen,Bd03_G-Inn:0142:0101,Bd03_G-Inn,primary
gesetz exakte wissenschaften,Gesetz (exakte Wissenschaften),Bd03_G-Inn:0138:0098,Bd03_G-Inn,primary
gesetz historisch und sozialwissenschaftlich,Gesetz (historisch und sozialwissenschaftlich),Bd03_G-Inn:0141:0099,Bd03_G-Inn,primary
gesetz juristisch,Gesetz (juristisch),Bd03_G-Inn:0142:0100,Bd03_G-Inn,primary
gesetz juristisch,Gesetz (juristisch),Bd07_Re-Te:0037:0014,Bd03_G-Inn,redirect_alias
gesinnungsethik,Gesinnungsethik,Bd03_G-Inn:0143:0102,Bd03_G-Inn,primary
gestalt,Gestalt,Bd03_G-Inn:0143:0103,Bd03_G-Inn,primary
gestalttheorie,Gestalttheorie,Bd03_G-Inn:0143:0104,Bd03_G-Inn,primary
gesundheit,Gesundheit,Bd03_G-Inn:0146:0105,Bd03_G-Inn,primary
gettier-problem,Gettier-Problem,Bd03_G-Inn:0146:0106,Bd03_G-Inn,primary
geulincx,Geulincx,Bd03_G-Inn:0148:0107,Bd03_G-Inn,primary
gewalt,Gewalt,Bd03_G-Inn:0149:0108,Bd03_G-Inn,primary
gewinnstrategie,Gewinnstrategie,Bd03_G-Inn:0151:0109,Bd03_G-Inn,primary
gewissen,Gewissen,Bd03_G-Inn:0151:0110,Bd03_G-Inn,primary
gewissheit,Gewißheit,Bd03_G-Inn:0153:0111,Bd03_G-Inn,primary
"gewissheit, sinnliche","Gewißheit, sinnliche",Bd03_G-Inn:0155:0112,Bd03_G-Inn,primary
gewohnheit,Gewohnheit,Bd03_G-Inn:0155:0113,Bd03_G-Inn,primary
geworfenheit,Geworfenheit,Bd03_G-Inn:0157:0114,Bd03_G-Inn,primary
"ghasali, al-","Ghasali, al-",Bd03_G-Inn:0157:0115,Bd03_G-Inn,primary
"ghasali, al-","Ghasali, al-",Bd01_A-B:0112:0136,Bd03_G-Inn,redirect_alias
gibbon,Gibbon,Bd03_G-Inn:0157:0116,Bd03_G-Inn,primary
gilbert,Gilbert,Bd03_G-Inn:0158:0117,Bd03_G-Inn,primary
gilbert de la porr�e,Gilbert de la Porr�e,Bd03_G-Inn:0159:0118,Bd03_G-Inn,primary
gisch,gisch),Bd06_O-Ra:0471:0371,Bd06_O-Ra,primary
glanvill,Glanvill,Bd03_G-Inn:0161:0119,Bd03_G-Inn,primary
glaube philosophisch,Glaube (philosophisch),Bd03_G-Inn:0162:0120,Bd03_G-Inn,primary
glaukos von rhegion,Glaukos von Rhegion,Bd03_G-Inn:0164:0121,Bd03_G-Inn,primary
gleichgewicht,Gleichgewicht,Bd03_G-Inn:0164:0122,Bd03_G-Inn,primary
gleichheit logisch,Gleichheit (logisch),Bd03_G-Inn:0165:0123,Bd03_G-Inn,primary
gleichheit sozial,Gleichheit (sozial),Bd03_G-Inn:0166:0124,Bd03_G-Inn,primary
gleichmachtig,gleichmächtig,Bd03_G-Inn:0169:0125,Bd03_G-Inn,slash_half
gleichmachtig/gleichmachtigkeit,gleichmächtig/Gleichmächtigkeit,Bd03_G-Inn:0169:0125,Bd03_G-Inn,primary
gleichmachtig/gleichmachtigkeit,gleichmächtig/Gleichmächtigkeit,Bd01_A-B:0212:0308,Bd03_G-Inn,redirect_alias
gleichmachtigkeit,Gleichmächtigkeit,Bd03_G-Inn:0169:0125,Bd03_G-Inn,slash_half
gleichung,Gleichung,Bd03_G-Inn:0169:0126,Bd03_G-Inn,primary
gleichzeitig,gleichzeitig,Bd03_G-Inn:0169:0127,Bd03_G-Inn,slash_half
gleichzeitig/gleichzeitigkeit,gleichzeitig/Gleichzeitigkeit,Bd03_G-Inn:0169:0127,Bd03_G-Inn,primary
gleichzeitigkeit,Gleichzeitigkeit,Bd03_G-Inn:0169:0127,Bd03_G-Inn,slash_half
gluck gluckseligkeit,Glück (Glückseligkeit),Bd03_G-Inn:0170:0128,Bd03_G-Inn,primary
gnomon,Gnomon,Bd03_G-Inn:0172:0129,Bd03_G-Inn,primary
gnoseologie,Gnoseologie,Bd03_G-Inn:0175:0130,Bd03_G-Inn,primary
gnosis,Gnosis,Bd03_G-Inn:0175:0131,Bd03_G-Inn,primary
goclenius,Goclenius,Bd03_G-Inn:0177:0132,Bd03_G-Inn,primary
godel,Gödel,Bd03_G-Inn:0178:0133,Bd03_G-Inn,primary
godelisierung,Gödelisierung,Bd03_G-Inn:0180:0134,Bd03_G-Inn,primary
godelscher satz,Gödelscher Satz,Bd03_G-Inn:0182:0135,Bd03_G-Inn,primary
godelscher satz,Gödelscher Satz,Bd08_Th-Z:0237:0201,Bd03_G-Inn,redirect_alias
godwin,Godwin,Bd03_G-Inn:0182:0136,Bd03_G-Inn,primary
godwin,Godwin,Bd03_G-Inn:0183:0137,Bd03_G-Inn,primary
goethe,Goethe,Bd03_G-Inn:0184:0138,Bd03_G-Inn,primary
goldbachsche vermutung,Goldbachsche Vermutung,Bd03_G-Inn:0188:0139,Bd03_G-Inn,primary
goldene regel,goldene Regel,Bd07_Re-Te:0062:0040,Bd07_Re-Te,comma_inverted
goldene regel,Goldene Regel,Bd03_G-Inn:0188:0140,Bd03_G-Inn,primary
goldene regel,Goldene Regel,Bd07_Re-Te:0062:0040,Bd03_G-Inn,redirect_alias
goldener schnitt,goldener Schnitt,Bd07_Re-Te:0288:0236,Bd07_Re-Te,comma_inverted
goldmann,Goldmann,Bd03_G-Inn:0188:0141,Bd03_G-Inn,primary
gomperz,Gomperz,Bd03_G-Inn:0189:0142,Bd03_G-Inn,primary
gomperz,Gomperz,Bd03_G-Inn:0190:0143,Bd03_G-Inn,primary
gong sun long,Gong Sun Long,Bd03_G-Inn:0191:0144,Bd03_G-Inn,primary
gong sun long,Gong Sun Long,Bd04_Ins-Loc:0435:0347,Bd03_G-Inn,redirect_alias
gonseth,Gonseth,Bd03_G-Inn:0191:0145,Bd03_G-Inn,primary
good reasons approach,Good Reasons Approach,Bd03_G-Inn:0194:0148,Bd03_G-Inn,primary
goodman,Goodman,Bd03_G-Inn:0191:0146,Bd03_G-Inn,primary
goodmansche paradoxie,Goodmansche Paradoxie,Bd03_G-Inn:0193:0147,Bd03_G-Inn,primary
gorgias von leontinoi,Gorgias von Leontinoi,Bd03_G-Inn:0194:0149,Bd03_G-Inn,primary
gorres,Görres,Bd03_G-Inn:0196:0150,Bd03_G-Inn,primary
gott philosophisch,Gott (philosophisch),Bd03_G-Inn:0196:0151,Bd03_G-Inn,primary
gottesbeweis,Gottesbeweis,Bd03_G-Inn:0199:0152,Bd03_G-Inn,primary
gottesstaat,Gottesstaat,Bd03_G-Inn:0206:0153,Bd03_G-Inn,primary
gottfried von fontaines,Gottfried von Fontaines,Bd03_G-Inn:0207:0154,Bd03_G-Inn,primary
gottsched,Gottsched,Bd03_G-Inn:0208:0155,Bd03_G-Inn,primary
grammatik,Grammatik,Bd03_G-Inn:0209:0156,Bd03_G-Inn,primary
"grammatik, logische","Grammatik, logische",Bd03_G-Inn:0213:0157,Bd03_G-Inn,primary
gramsci,Gramsci,Bd03_G-Inn:0213:0158,Bd03_G-Inn,primary
granger,Granger,Bd03_G-Inn:0215:0159,Bd03_G-Inn,primary
graph,Graph,Bd03_G-Inn:0216:0160,Bd03_G-Inn,primary
graphem,Graphem,Bd03_G-Inn:0217:0161,Bd03_G-Inn,primary
grassmann,Graßmann,Bd03_G-Inn:0217:0162,Bd03_G-Inn,primary
grassmann,Grassmann,Bd03_G-Inn:0218:0163,Bd03_G-Inn,primary
gravesande,Gravesande,Bd03_G-Inn:0219:0164,Bd03_G-Inn,primary
gravesande,Gravesande,Bd07_Re-Te:0385:0306,Bd03_G-Inn,redirect_alias
gravitation,Gravitation,Bd03_G-Inn:0219:0165,Bd03_G-Inn,primary
green,Green,Bd03_G-Inn:0222:0166,Bd03_G-Inn,primary
gregor von nazianz,Gregor von Nazianz,Bd03_G-Inn:0223:0167,Bd03_G-Inn,primary
gregor von rimini,Gregor von Rimini,Bd03_G-Inn:0225:0168,Bd03_G-Inn,primary
gregory,Gregory,Bd03_G-Inn:0226:0169,Bd03_G-Inn,primary
grelling,Grelling,Bd03_G-Inn:0227:0170,Bd03_G-Inn,primary
grellingsche antinomie,Grellingsche Antinomie,Bd03_G-Inn:0228:0171,Bd03_G-Inn,primary
grenzbegriff,Grenzbegriff,Bd03_G-Inn:0229:0172,Bd03_G-Inn,primary
grenznutzen,Grenznutzen,Bd03_G-Inn:0230:0173,Bd03_G-Inn,primary
grenzsituation,Grenzsituation,Bd03_G-Inn:0231:0174,Bd03_G-Inn,primary
grenzwert,Grenzwert,Bd03_G-Inn:0231:0175,Bd03_G-Inn,primary
grice,Grice,Bd03_G-Inn:0232:0176,Bd03_G-Inn,primary
griechische philosophie,griechische Philosophie,Bd06_O-Ra:0247:0199,Bd06_O-Ra,comma_inverted
groethuysen,Groethuysen,Bd03_G-Inn:0233:0177,Bd03_G-Inn,primary
grosse,Größe,Bd03_G-Inn:0234:0178,Bd03_G-Inn,primary
grosse lehre,Große Lehre,Bd03_G-Inn:0236:0179,Bd03_G-Inn,primary
grossenlehre,Größenlehre,Bd03_G-Inn:0236:0180,Bd03_G-Inn,primary
grosseteste,Grosseteste,Bd03_G-Inn:0237:0181,Bd03_G-Inn,primary
grotius,Grotius,Bd03_G-Inn:0239:0182,Bd03_G-Inn,primary
grunbaum,Grünbaum,Bd03_G-Inn:0241:0183,Bd03_G-Inn,primary
grund,Grund,Bd03_G-Inn:0244:0184,Bd03_G-Inn,primary
"grund, praktischer","Grund, praktischer",Bd03_G-Inn:0245:0185,Bd03_G-Inn,primary
"grund, satz vom","Grund, Satz vom",Bd03_G-Inn:0250:0186,Bd03_G-Inn,primary
"grundgesetz, biogenetisches","Grundgesetz, biogenetisches",Bd03_G-Inn:0251:0187,Bd03_G-Inn,primary
grundlagenforschung,Grundlagenforschung,Bd03_G-Inn:0251:0188,Bd03_G-Inn,primary
grundlagenkrise,Grundlagenkrise,Bd03_G-Inn:0252:0189,Bd03_G-Inn,primary
grundlagenstreit,Grundlagenstreit,Bd03_G-Inn:0252:0190,Bd03_G-Inn,primary
grundsatz,Grundsatz,Bd03_G-Inn:0253:0191,Bd03_G-Inn,primary
grundzahl,Grundzahl,Bd03_G-Inn:0253:0192,Bd03_G-Inn,primary
gruppe,Gruppe,Bd03_G-Inn:0254:0193,Bd03_G-Inn,primary
gruppe mathematisch,Gruppe (mathematisch),Bd03_G-Inn:0254:0194,Bd03_G-Inn,primary
guericke,Guericke,Bd03_G-Inn:0255:0195,Bd03_G-Inn,primary
gultig,gültig,Bd03_G-Inn:0256:0196,Bd03_G-Inn,slash_half
gultig/gultigkeit,gültig/Gültigkeit,Bd03_G-Inn:0256:0196,Bd03_G-Inn,primary
gultigkeit,Gültigkeit,Bd03_G-Inn:0256:0196,Bd03_G-Inn,slash_half
gun.a,gun.a,Bd03_G-Inn:0258:0197,Bd03_G-Inn,primary
gunther,Günther,Bd03_G-Inn:0258:0198,Bd03_G-Inn,primary
"gute, das","Gute, das",Bd03_G-Inn:0259:0199,Bd03_G-Inn,primary
guterethik,Güterethik,Bd03_G-Inn:0264:0200,Bd03_G-Inn,primary
gutes leben,gutes Leben,Bd04_Ins-Loc:0497:0394,Bd04_Ins-Loc,comma_inverted
haberlin,Häberlin,Bd03_G-Inn:0267:0201,Bd03_G-Inn,primary
habermas,Habermas,Bd03_G-Inn:0267:0202,Bd03_G-Inn,primary
hacking,Hacking,Bd03_G-Inn:0272:0203,Bd03_G-Inn,primary
hadamard,Hadamard,Bd03_G-Inn:0273:0204,Bd03_G-Inn,primary
haecceitas,haecceitas,Bd03_G-Inn:0273:0205,Bd03_G-Inn,primary
haeckel,Haeckel,Bd03_G-Inn:0274:0206,Bd03_G-Inn,primary
hagerstrom,Hägerström,Bd03_G-Inn:0276:0207,Bd03_G-Inn,primary
hahn,Hahn,Bd03_G-Inn:0276:0208,Bd03_G-Inn,primary
halbformalismus,Halbformalismus,Bd03_G-Inn:0277:0210,Bd03_G-Inn,primary
halbintuitionismus,Halbintuitionismus,Bd03_G-Inn:0277:0211,Bd03_G-Inn,primary
haldane,Haldane,Bd03_G-Inn:0278:0212,Bd03_G-Inn,primary
haldane,Haldane,Bd03_G-Inn:0279:0213,Bd03_G-Inn,primary
haldane,Haldane,Bd03_G-Inn:0280:0214,Bd03_G-Inn,primary
haller,Haller,Bd03_G-Inn:0280:0215,Bd03_G-Inn,primary
haltung,Haltung,Bd03_G-Inn:0283:0216,Bd03_G-Inn,primary
hamann,Hamann,Bd03_G-Inn:0283:0217,Bd03_G-Inn,primary
hamel,Hamel,Bd03_G-Inn:0286:0218,Bd03_G-Inn,primary
hamilton,Hamilton,Bd03_G-Inn:0287:0219,Bd03_G-Inn,primary
hamilton,Hamilton,Bd03_G-Inn:0288:0220,Bd03_G-Inn,primary
hamiltonprinzip,Hamiltonprinzip,Bd03_G-Inn:0289:0221,Bd03_G-Inn,primary
hampshire,Hampshire,Bd03_G-Inn:0290:0222,Bd03_G-Inn,primary
han fei tzu,Han Fei Tzu,Bd03_G-Inn:0308:0229,Bd03_G-Inn,primary
handlung,Handlung,Bd03_G-Inn:0291:0223,Bd03_G-Inn,primary
handlungslogik,Handlungslogik,Bd03_G-Inn:0300:0224,Bd03_G-Inn,primary
handlungsschema,Handlungsschema,Bd03_G-Inn:0302:0225,Bd03_G-Inn,primary
handlungstheorie,Handlungstheorie,Bd03_G-Inn:0303:0226,Bd03_G-Inn,primary
"handlungstheorie, kausale","Handlungstheorie, kausale",Bd03_G-Inn:0307:0227,Bd03_G-Inn,primary
"handlungstheorie, kausale","Handlungstheorie, kausale",Bd03_G-Inn:0303:0226,Bd03_G-Inn,redirect_alias
handlungstoken,Handlungstoken,Bd03_G-Inn:0307:0228,Bd03_G-Inn,slash_half
handlungstyp,Handlungstyp,Bd03_G-Inn:0307:0228,Bd03_G-Inn,slash_half
handlungstyp/handlungstoken,Handlungstyp/Handlungstoken,Bd03_G-Inn:0307:0228,Bd03_G-Inn,primary
hanson,Hanson,Bd03_G-Inn:0309:0230,Bd03_G-Inn,primary
hare,Hare,Bd03_G-Inn:0310:0231,Bd03_G-Inn,primary
"harmonie, prastabilierte","Harmonie, prästabilierte",Bd03_G-Inn:0311:0232,Bd03_G-Inn,primary
hart,Hart,Bd03_G-Inn:0312:0233,Bd03_G-Inn,primary
hartley,Hartley,Bd03_G-Inn:0314:0234,Bd03_G-Inn,primary
hartmann,Hartmann,Bd03_G-Inn:0315:0235,Bd03_G-Inn,primary
hartmann,Hartmann,Bd03_G-Inn:0316:0236,Bd03_G-Inn,primary
harvey,Harvey,Bd03_G-Inn:0318:0237,Bd03_G-Inn,primary
haubersches theorem,Haubersches Theorem,Bd03_G-Inn:0320:0238,Bd03_G-Inn,primary
haufenschluss,Haufenschluß,Bd03_G-Inn:0320:0239,Bd03_G-Inn,primary
haufenschluss,Haufenschluß,Bd07_Re-Te:0449:0379,Bd03_G-Inn,redirect_alias
hausdorff,Hausdorff,Bd03_G-Inn:0320:0240,Bd03_G-Inn,primary
hawking,Hawking,Bd03_G-Inn:0321:0241,Bd03_G-Inn,primary
hayek,Hayek,Bd03_G-Inn:0323:0242,Bd03_G-Inn,primary
hedonismus,Hedonismus,Bd03_G-Inn:0324:0243,Bd03_G-Inn,primary
hegel,Hegel,Bd03_G-Inn:0325:0244,Bd03_G-Inn,primary
hegelianismus,Hegelianismus,Bd03_G-Inn:0331:0245,Bd03_G-Inn,primary
hegelsche logik,Hegelsche Logik,Bd03_G-Inn:0335:0246,Bd03_G-Inn,primary
heidegger,Heidegger,Bd03_G-Inn:0337:0247,Bd03_G-Inn,primary
heiligkeit des lebens,Heiligkeit des Lebens,Bd03_G-Inn:0343:0248,Bd03_G-Inn,primary
heinrich von brussel,Heinrich von Brüssel,Bd03_G-Inn:0344:0249,Bd03_G-Inn,primary
heinrich von gent,Heinrich von Gent,Bd03_G-Inn:0344:0250,Bd03_G-Inn,primary
heisenberg,Heisenberg,Bd03_G-Inn:0346:0251,Bd03_G-Inn,primary
hekataios von milet,Hekataios von Milet,Bd03_G-Inn:0348:0252,Bd03_G-Inn,primary
hekaton,Hekaton,Bd03_G-Inn:0348:0253,Bd03_G-Inn,primary
heliozentrismus,Heliozentrismus,Bd03_G-Inn:0349:0254,Bd03_G-Inn,primary
hellenismus,Hellenismus,Bd03_G-Inn:0351:0255,Bd03_G-Inn,primary
hellenistische philosophie,hellenistische Philosophie,Bd06_O-Ra:0250:0200,Bd06_O-Ra,comma_inverted
helmholtz,Helmholtz,Bd03_G-Inn:0356:0256,Bd03_G-Inn,primary
helmont,Helmont,Bd03_G-Inn:0358:0257,Bd03_G-Inn,primary
helmont,Helmont,Bd03_G-Inn:0360:0258,Bd03_G-Inn,primary
helv�tius,Helv�tius,Bd03_G-Inn:0362:0259,Bd03_G-Inn,primary
hempel,Hempel,Bd03_G-Inn:0363:0260,Bd03_G-Inn,primary
hempelsche paradoxie,Hempelsche Paradoxie,Bd03_G-Inn:0365:0261,Bd03_G-Inn,primary
hemsterhuis,Hemsterhuis,Bd03_G-Inn:0367:0262,Bd03_G-Inn,primary
hen kai pan,hen kai pan,Bd03_G-Inn:0368:0263,Bd03_G-Inn,primary
henkin,Henkin,Bd03_G-Inn:0368:0264,Bd03_G-Inn,primary
herakleides pontikos,Herakleides Pontikos,Bd03_G-Inn:0368:0265,Bd03_G-Inn,primary
heraklit,Heraklit,Bd03_G-Inn:0370:0266,Bd03_G-Inn,primary
heraklitismus,Heraklitismus,Bd03_G-Inn:0373:0267,Bd03_G-Inn,primary
herbart,Herbart,Bd03_G-Inn:0373:0268,Bd03_G-Inn,primary
herbert,Herbert,Bd03_G-Inn:0374:0269,Bd03_G-Inn,primary
herbrand,Herbrand,Bd03_G-Inn:0375:0270,Bd03_G-Inn,primary
herbrandscher satz,Herbrandscher Satz,Bd03_G-Inn:0375:0271,Bd03_G-Inn,primary
herder,Herder,Bd03_G-Inn:0376:0272,Bd03_G-Inn,primary
herillos,Herillos,Bd03_G-Inn:0380:0273,Bd03_G-Inn,primary
herleitung,Herleitung,Bd03_G-Inn:0381:0274,Bd03_G-Inn,primary
hermarchos,Hermarchos,Bd03_G-Inn:0381:0275,Bd03_G-Inn,primary
hermeneutik,Hermeneutik,Bd03_G-Inn:0382:0276,Bd03_G-Inn,primary
hermeneutische logik,hermeneutische Logik,Bd05_Log-N:0055:0025,Bd05_Log-N,comma_inverted
hermeneutische methode,hermeneutische Methode,Bd05_Log-N:0406:0293,Bd05_Log-N,comma_inverted
hermeneutischer zirkel,hermeneutischer Zirkel,Bd08_Th-Z:0695:0614,Bd08_Th-Z,comma_inverted
hermes,Hermes,Bd03_G-Inn:0388:0277,Bd03_G-Inn,primary
hermetik,Hermetik,Bd03_G-Inn:0389:0278,Bd03_G-Inn,slash_half
hermetisch,hermetisch,Bd03_G-Inn:0389:0278,Bd03_G-Inn,slash_half
hermetisch/hermetik,hermetisch/Hermetik,Bd03_G-Inn:0389:0278,Bd03_G-Inn,primary
hermetische philosophie,hermetische Philosophie,Bd06_O-Ra:0251:0201,Bd06_O-Ra,comma_inverted
heron,Heron,Bd03_G-Inn:0391:0279,Bd03_G-Inn,primary
herr und knecht,Herr und Knecht,Bd03_G-Inn:0394:0281,Bd03_G-Inn,primary
herrschaft,Herrschaft,Bd03_G-Inn:0393:0280,Bd03_G-Inn,primary
herschel,Herschel,Bd03_G-Inn:0395:0282,Bd03_G-Inn,primary
herstellung,Herstellung,Bd03_G-Inn:0397:0283,Bd03_G-Inn,primary
herstellungsapriori,Herstellungsapriori,Bd03_G-Inn:0398:0284,Bd03_G-Inn,primary
herstellungsapriori,Herstellungsapriori,Bd08_Th-Z:0234:0193,Bd03_G-Inn,redirect_alias
hertz,Hertz,Bd03_G-Inn:0398:0285,Bd03_G-Inn,primary
hertz,Hertz,Bd03_G-Inn:0400:0286,Bd03_G-Inn,primary
hesiod,Hesiod,Bd03_G-Inn:0401:0287,Bd03_G-Inn,primary
heteronomie,Heteronomie,Bd03_G-Inn:0403:0288,Bd03_G-Inn,primary
hetu,hetu,Bd03_G-Inn:0403:0289,Bd03_G-Inn,primary
heuristik,Heuristik,Bd03_G-Inn:0403:0290,Bd03_G-Inn,primary
heytesbury,Heytesbury,Bd03_G-Inn:0404:0291,Bd03_G-Inn,primary
heyting,Heyting,Bd03_G-Inn:0405:0292,Bd03_G-Inn,primary
heytingalgebra,Heytingalgebra,Bd03_G-Inn:0406:0293,Bd03_G-Inn,primary
hierarchie,Hierarchie,Bd03_G-Inn:0407:0294,Bd03_G-Inn,primary
hierokles,Hierokles,Bd03_G-Inn:0408:0295,Bd03_G-Inn,primary
hierokles von alexandreia,Hierokles von Alexandreia,Bd03_G-Inn:0409:0296,Bd03_G-Inn,primary
hieronymos von rhodos,Hieronymos von Rhodos,Bd03_G-Inn:0411:0297,Bd03_G-Inn,primary
hilbert,Hilbert,Bd03_G-Inn:0412:0298,Bd03_G-Inn,primary
hilbertprogramm,Hilbertprogramm,Bd03_G-Inn:0413:0299,Bd03_G-Inn,primary
hilberttypkalkul,Hilberttypkalkül,Bd03_G-Inn:0415:0300,Bd03_G-Inn,primary
hintergrundtheorie,Hintergrundtheorie,Bd03_G-Inn:0420:0302,Bd03_G-Inn,primary
hintikka,Hintikka,Bd03_G-Inn:0421:0303,Bd03_G-Inn,primary
hinweisdefinition,Hinweisdefinition,Bd03_G-Inn:0423:0304,Bd03_G-Inn,primary
hinweisdefinition,Hinweisdefinition,Bd02_C-F:0155:0174,Bd03_G-Inn,redirect_alias
hipparchos,Hipparchos,Bd03_G-Inn:0423:0305,Bd03_G-Inn,primary
hippasos,Hippasos,Bd03_G-Inn:0424:0306,Bd03_G-Inn,primary
hippel,Hippel,Bd03_G-Inn:0425:0307,Bd03_G-Inn,primary
hippias,Hippias,Bd03_G-Inn:0425:0308,Bd03_G-Inn,primary
hippokrates,Hippokrates,Bd03_G-Inn:0427:0309,Bd03_G-Inn,primary
hippokrates,Hippokrates,Bd03_G-Inn:0427:0310,Bd03_G-Inn,primary
hirnforschung,Hirnforschung,Bd03_G-Inn:0428:0311,Bd03_G-Inn,primary
historik,Historik,Bd03_G-Inn:0431:0312,Bd03_G-Inn,primary
historische logik,historische Logik,Bd05_Log-N:0056:0026,Bd05_Log-N,comma_inverted
historische methode,historische Methode,Bd05_Log-N:0408:0294,Bd05_Log-N,comma_inverted
historische vernunft,historische Vernunft,Bd08_Th-Z:0326:0298,Bd08_Th-Z,comma_inverted
historischer materialismus,historischer Materialismus,Bd05_Log-N:0270:0191,Bd05_Log-N,comma_inverted
historisches bewusstsein,historisches Bewußtsein,Bd01_A-B:0476:0595,Bd01_A-B,comma_inverted
historismus,Historismus,Bd03_G-Inn:0433:0313,Bd03_G-Inn,primary
historizismus,Historizismus,Bd03_G-Inn:0437:0314,Bd03_G-Inn,primary
ho-modell der erklarung,HO-Modell der Erklärung,Bd03_G-Inn:0450:0323,Bd03_G-Inn,primary
ho-modell der erklarung,HO-Modell der Erklärung,Bd02_C-F:0399:0456,Bd03_G-Inn,redirect_alias
hobbes,Hobbes,Bd03_G-Inn:0438:0315,Bd03_G-Inn,primary
hoffnung,Hoffnung,Bd03_G-Inn:0440:0316,Bd03_G-Inn,primary
hohlengleichnis,Höhlengleichnis,Bd03_G-Inn:0441:0317,Bd03_G-Inn,primary
holbach,Holbach,Bd03_G-Inn:0442:0318,Bd03_G-Inn,primary
holderlin,Hölderlin,Bd03_G-Inn:0443:0319,Bd03_G-Inn,primary
holismus,Holismus,Bd03_G-Inn:0445:0320,Bd03_G-Inn,primary
holkot,Holkot,Bd03_G-Inn:0448:0321,Bd03_G-Inn,primary
home,Home,Bd03_G-Inn:0449:0322,Bd03_G-Inn,primary
homo oeconomicus,homo oeconomicus,Bd03_G-Inn:0456:0329,Bd03_G-Inn,primary
homo-mensura-satz,Homo-mensura-Satz,Bd03_G-Inn:0454:0326,Bd03_G-Inn,primary
homogenitatsprinzip,Homogenitätsprinzip,Bd03_G-Inn:0450:0324,Bd03_G-Inn,primary
homologie,Homologie,Bd03_G-Inn:0453:0325,Bd03_G-Inn,primary
homomorphismus,Homomorphismus,Bd03_G-Inn:0455:0327,Bd03_G-Inn,primary
homonym,homonym,Bd03_G-Inn:0455:0328,Bd03_G-Inn,slash_half
homonym/homonymitat,homonym/Homonymität,Bd03_G-Inn:0455:0328,Bd03_G-Inn,primary
homonymitat,Homonymität,Bd03_G-Inn:0455:0328,Bd03_G-Inn,slash_half
honigswald,Hönigswald,Bd03_G-Inn:0457:0330,Bd03_G-Inn,primary
hooke,Hooke,Bd03_G-Inn:0459:0331,Bd03_G-Inn,primary
horizont,Horizont,Bd03_G-Inn:0460:0332,Bd03_G-Inn,primary
horkheimer,Horkheimer,Bd03_G-Inn:0461:0333,Bd03_G-Inn,primary
horoskop,Horoskop,Bd03_G-Inn:0462:0334,Bd03_G-Inn,primary
horror vacui,horror vacui,Bd03_G-Inn:0464:0335,Bd03_G-Inn,primary
hrabanus maurus,Hrabanus Maurus,Bd03_G-Inn:0464:0336,Bd03_G-Inn,primary
hrabanus maurus,Hrabanus Maurus,Bd06_O-Ra:0580:0463,Bd03_G-Inn,redirect_alias
hsun tzu,Hsün Tzu,Bd03_G-Inn:0464:0337,Bd03_G-Inn,primary
huai-nan tzu,Huai-nan Tzu,Bd03_G-Inn:0465:0338,Bd03_G-Inn,primary
hugo von st. viktor,Hugo von St. Viktor,Bd03_G-Inn:0465:0339,Bd03_G-Inn,primary
hui shih,Hui Shih,Bd03_G-Inn:0467:0340,Bd03_G-Inn,primary
humanismus,Humanismus,Bd03_G-Inn:0467:0341,Bd03_G-Inn,primary
humboldt,Humboldt,Bd03_G-Inn:0470:0342,Bd03_G-Inn,primary
humboldt,Humboldt,Bd03_G-Inn:0474:0343,Bd03_G-Inn,primary
hume,Hume,Bd03_G-Inn:0479:0344,Bd03_G-Inn,primary
humesches gesetz,Humesches Gesetz,Bd03_G-Inn:0483:0345,Bd03_G-Inn,primary
humor,Humor,Bd03_G-Inn:0486:0346,Bd03_G-Inn,primary
hunde-syllogismus,Hunde-Syllogismus,Bd03_G-Inn:0487:0348,Bd03_G-Inn,primary
hundert schulen,Hundert Schulen,Bd03_G-Inn:0487:0347,Bd03_G-Inn,primary
husserl,Husserl,Bd03_G-Inn:0488:0349,Bd03_G-Inn,primary
hutcheson,Hutcheson,Bd03_G-Inn:0494:0350,Bd03_G-Inn,primary
hutton,Hutton,Bd03_G-Inn:0496:0351,Bd03_G-Inn,primary
huxley,Huxley,Bd03_G-Inn:0497:0352,Bd03_G-Inn,primary
huygens,Huygens,Bd03_G-Inn:0499:0353,Bd03_G-Inn,primary
hyle,Hyle,Bd03_G-Inn:0504:0354,Bd03_G-Inn,primary
hylemorphismus,Hylemorphismus,Bd03_G-Inn:0504:0355,Bd03_G-Inn,primary
hylometrie,Hylometrie,Bd03_G-Inn:0505:0356,Bd03_G-Inn,primary
hylozoismus,Hylozoismus,Bd03_G-Inn:0506:0357,Bd03_G-Inn,primary
hyperbolische geometrie,hyperbolische Geometrie,Bd03_G-Inn:0110:0080,Bd03_G-Inn,comma_inverted
hypokeimenon,Hypokeimenon,Bd03_G-Inn:0507:0358,Bd03_G-Inn,primary
hypostase,Hypostase,Bd03_G-Inn:0507:0359,Bd03_G-Inn,primary
hypostasierung,Hypostasierung,Bd03_G-Inn:0508:0360,Bd03_G-Inn,primary
hypostasierung,Hypostasierung,Bd03_G-Inn:0507:0359,Bd03_G-Inn,redirect_alias
hypothese,Hypothese,Bd03_G-Inn:0508:0361,Bd03_G-Inn,primary
hypothetisch-deduktiv,hypothetisch-deduktiv,Bd03_G-Inn:0510:0362,Bd03_G-Inn,primary
hypothetischer imperativ,hypothetischer Imperativ,Bd03_G-Inn:0572:0420,Bd03_G-Inn,comma_inverted
hypothetischer syllogismus,hypothetischer Syllogismus,Bd07_Re-Te:0621:0525,Bd07_Re-Te,comma_inverted
hypothetisches urteil,hypothetisches Urteil,Bd08_Th-Z:0255:0220,Bd08_Th-Z,comma_inverted
hysteron – proteron,hysteron – proteron,Bd03_G-Inn:0512:0363,Bd03_G-Inn,primary
hīnayāna,Hīnayāna,Bd03_G-Inn:0416:0301,Bd03_G-Inn,primary
i ching,I Ching,Bd03_G-Inn:0520:0370,Bd03_G-Inn,primary
iamblichos,Iamblichos,Bd03_G-Inn:0513:0364,Bd03_G-Inn,primary
ibn baddscha,Ibn Baddscha,Bd03_G-Inn:0514:0365,Bd03_G-Inn,primary
ibn baddscha,Ibn Baddscha,Bd01_A-B:0347:0443,Bd03_G-Inn,redirect_alias
ibn daud,Ibn Daud,Bd03_G-Inn:0514:0366,Bd03_G-Inn,primary
ibn gabirol,Ibn Gabirol,Bd03_G-Inn:0515:0367,Bd03_G-Inn,primary
ibn gabirol,Ibn Gabirol,Bd01_A-B:0352:0447,Bd03_G-Inn,redirect_alias
ibn ruschd,Ibn Ruschd,Bd03_G-Inn:0515:0368,Bd03_G-Inn,primary
ibn ruschd,Ibn Ruschd,Bd01_A-B:0348:0445,Bd03_G-Inn,redirect_alias
ich,Ich,Bd03_G-Inn:0515:0369,Bd03_G-Inn,primary
ideal,Ideal,Bd03_G-Inn:0521:0371,Bd03_G-Inn,primary
ideale sprache,ideale Sprache,Bd07_Re-Te:0505:0416,Bd07_Re-Te,comma_inverted
idealisierung,Idealisierung,Bd03_G-Inn:0522:0372,Bd03_G-Inn,primary
idealismus,Idealismus,Bd03_G-Inn:0523:0373,Bd03_G-Inn,primary
"idealismus, absoluter","Idealismus, absoluter",Bd03_G-Inn:0526:0374,Bd03_G-Inn,primary
"idealismus, deutscher","Idealismus, deutscher",Bd03_G-Inn:0526:0375,Bd03_G-Inn,primary
"idealismus, kritischer","Idealismus, kritischer",Bd03_G-Inn:0528:0376,Bd03_G-Inn,primary
"idealismus, objektiver","Idealismus, objektiver",Bd03_G-Inn:0528:0377,Bd03_G-Inn,primary
"idealismus, subjektiver","Idealismus, subjektiver",Bd03_G-Inn:0529:0378,Bd03_G-Inn,primary
"idealismus, transzendentaler","Idealismus, transzendentaler",Bd03_G-Inn:0529:0379,Bd03_G-Inn,primary
idealsprache,Idealsprache,Bd03_G-Inn:0530:0380,Bd03_G-Inn,primary
idealsprache,Idealsprache,Bd07_Re-Te:0505:0416,Bd03_G-Inn,redirect_alias
idealtypus,Idealtypus,Bd03_G-Inn:0530:0381,Bd03_G-Inn,primary
idealwissenschaft,Idealwissenschaft,Bd03_G-Inn:0533:0382,Bd03_G-Inn,primary
idealwissenschaft,Idealwissenschaft,Bd02_C-F:0547:0610,Bd03_G-Inn,redirect_alias
ideation,Ideation,Bd03_G-Inn:0533:0383,Bd03_G-Inn,primary
ideationsprinzip,Ideationsprinzip,Bd03_G-Inn:0534:0384,Bd03_G-Inn,primary
ideative regel,ideative Regel,Bd07_Re-Te:0063:0041,Bd07_Re-Te,comma_inverted
ideator,Ideator,Bd03_G-Inn:0534:0385,Bd03_G-Inn,primary
ideator,Ideator,Bd03_G-Inn:0533:0383,Bd03_G-Inn,redirect_alias
idee historisch,Idee (historisch),Bd03_G-Inn:0534:0386,Bd03_G-Inn,primary
idee systematisch,Idee (systematisch),Bd03_G-Inn:0537:0387,Bd03_G-Inn,primary
"idee, absolute","Idee, absolute",Bd03_G-Inn:0540:0388,Bd03_G-Inn,primary
"idee, angeborene","Idee, angeborene",Bd03_G-Inn:0541:0389,Bd03_G-Inn,primary
ideengeschichte,Ideengeschichte,Bd03_G-Inn:0542:0390,Bd03_G-Inn,primary
ideenlehre,Ideenlehre,Bd03_G-Inn:0543:0391,Bd03_G-Inn,primary
ideenzahlenlehre,Ideenzahlenlehre,Bd03_G-Inn:0545:0392,Bd03_G-Inn,primary
idem per idem,idem per idem,Bd03_G-Inn:0548:0393,Bd03_G-Inn,primary
idempotent,idempotent,Bd03_G-Inn:0548:0394,Bd03_G-Inn,slash_half
idempotent/idempotenz,idempotent/Idempotenz,Bd03_G-Inn:0548:0394,Bd03_G-Inn,primary
idempotenz,Idempotenz,Bd03_G-Inn:0548:0394,Bd03_G-Inn,slash_half
identische begriffe,identische Begriffe,Bd01_A-B:0412:0515,Bd01_A-B,comma_inverted
identisches urteil,identisches Urteil,Bd08_Th-Z:0255:0221,Bd08_Th-Z,comma_inverted
identitat,Identität,Bd03_G-Inn:0548:0395,Bd03_G-Inn,primary
"identitat, personale","Identität, personale",Bd03_G-Inn:0552:0396,Bd03_G-Inn,primary
identitatsphilosophie,Identitätsphilosophie,Bd03_G-Inn:0552:0397,Bd03_G-Inn,primary
identitatstheorie,Identitätstheorie,Bd03_G-Inn:0553:0398,Bd03_G-Inn,primary
ideographie,Ideographie,Bd03_G-Inn:0556:0399,Bd03_G-Inn,primary
ideologie,Ideologie,Bd03_G-Inn:0556:0400,Bd03_G-Inn,primary
ideologiekritik,Ideologiekritik,Bd03_G-Inn:0560:0401,Bd03_G-Inn,primary
ideologiekritik,Ideologiekritik,Bd03_G-Inn:0556:0400,Bd03_G-Inn,redirect_alias
idiographisch,idiographisch,Bd03_G-Inn:0560:0402,Bd03_G-Inn,slash_half
idiographisch/nomothetisch,idiographisch/nomothetisch,Bd03_G-Inn:0560:0402,Bd03_G-Inn,primary
idolenlehre,Idolenlehre,Bd03_G-Inn:0561:0403,Bd03_G-Inn,primary
ignorabimus,ignorabimus,Bd03_G-Inn:0562:0404,Bd03_G-Inn,primary
ignoratio elenchi,ignoratio elenchi,Bd03_G-Inn:0562:0405,Bd03_G-Inn,primary
ikhwān al-s.afā’,Ikhwān al-S.afā’,Bd03_G-Inn:0562:0406,Bd03_G-Inn,primary
ikon,Ikon,Bd03_G-Inn:0563:0407,Bd03_G-Inn,primary
illokution,Illokution,Bd03_G-Inn:0564:0408,Bd03_G-Inn,primary
illokution,Illokution,Bd07_Re-Te:0518:0428,Bd03_G-Inn,redirect_alias
illuminationstheorie,Illuminationstheorie,Bd03_G-Inn:0565:0409,Bd03_G-Inn,primary
illusion,Illusion,Bd03_G-Inn:0566:0410,Bd03_G-Inn,primary
imaginar,imaginär,Bd03_G-Inn:0567:0411,Bd03_G-Inn,primary
imaginatio,imaginatio,Bd03_G-Inn:0567:0412,Bd03_G-Inn,primary
immanent,immanent,Bd03_G-Inn:0568:0413,Bd03_G-Inn,slash_half
immanent/immanenz,immanent/Immanenz,Bd03_G-Inn:0568:0413,Bd03_G-Inn,primary
immanente kritik,immanente Kritik,Bd04_Ins-Loc:0414:0329,Bd04_Ins-Loc,comma_inverted
immanenz,Immanenz,Bd03_G-Inn:0568:0413,Bd03_G-Inn,slash_half
immanenzphilosophie,Immanenzphilosophie,Bd03_G-Inn:0569:0414,Bd03_G-Inn,primary
immaterialismus,Immaterialismus,Bd03_G-Inn:0569:0415,Bd03_G-Inn,primary
immoralismus,Immoralismus,Bd03_G-Inn:0569:0416,Bd03_G-Inn,primary
immunisierung,Immunisierung,Bd03_G-Inn:0569:0417,Bd03_G-Inn,primary
imperativ,Imperativ,Bd03_G-Inn:0569:0418,Bd03_G-Inn,primary
"imperativ, enzyklopadischer","Imperativ, enzyklopädischer",Bd03_G-Inn:0571:0419,Bd03_G-Inn,primary
"imperativ, hypothetischer","Imperativ, hypothetischer",Bd03_G-Inn:0572:0420,Bd03_G-Inn,primary
"imperativ, kategorischer","Imperativ, kategorischer",Bd03_G-Inn:0572:0421,Bd03_G-Inn,primary
imperativlogik,Imperativlogik,Bd03_G-Inn:0575:0422,Bd03_G-Inn,primary
impetustheorie,Impetustheorie,Bd03_G-Inn:0579:0423,Bd03_G-Inn,primary
implikation,Implikation,Bd03_G-Inn:0580:0424,Bd03_G-Inn,primary
implikation,Implikation,Bd06_O-Ra:0160:0136,Bd06_O-Ra,primary
"implikation, induktive","Implikation, induktive",Bd03_G-Inn:0581:0425,Bd03_G-Inn,primary
"implikation, relevante","Implikation, relevante",Bd03_G-Inn:0582:0426,Bd03_G-Inn,primary
"implikation, strenge","Implikation, strenge",Bd03_G-Inn:0582:0427,Bd03_G-Inn,primary
"implikation, strikte","Implikation, strikte",Bd03_G-Inn:0582:0428,Bd03_G-Inn,primary
implikationenkalkul,Implikationenkalkül,Bd03_G-Inn:0582:0429,Bd03_G-Inn,primary
implikationslogik,Implikationslogik,Bd03_G-Inn:0582:0430,Bd03_G-Inn,primary
implikator,Implikator,Bd03_G-Inn:0583:0431,Bd03_G-Inn,primary
implikatur,Implikatur,Bd03_G-Inn:0583:0432,Bd03_G-Inn,primary
implizite definition,implizite Definition,Bd02_C-F:0157:0178,Bd02_C-F,comma_inverted
importationsregeln,Importationsregeln,Bd03_G-Inn:0586:0433,Bd03_G-Inn,primary
impradikativ,imprädikativ,Bd03_G-Inn:0586:0434,Bd03_G-Inn,slash_half
impradikativ/lmpradikativitat,imprädikativ/lmprädikativität,Bd03_G-Inn:0586:0434,Bd03_G-Inn,primary
impressor,Impressor,Bd03_G-Inn:0588:0435,Bd03_G-Inn,primary
impressor,Impressor,Bd04_Ins-Loc:0302:0215,Bd03_G-Inn,redirect_alias
impuls,Impuls,Bd03_G-Inn:0588:0436,Bd03_G-Inn,primary
in-der-welt-sein,In-der-Welt-sein,Bd03_G-Inn:0591:0440,Bd03_G-Inn,primary
inbegriff,Inbegriff,Bd03_G-Inn:0589:0437,Bd03_G-Inn,primary
indefinit,indefinit,Bd03_G-Inn:0590:0438,Bd03_G-Inn,slash_half
indefinit/indefinitheit,indefinit/Indefinitheit,Bd03_G-Inn:0590:0438,Bd03_G-Inn,primary
indefiniter quantor,indefiniter Quantor,Bd06_O-Ra:0564:0441,Bd06_O-Ra,comma_inverted
indefinitheit,Indefinitheit,Bd03_G-Inn:0590:0438,Bd03_G-Inn,slash_half
indem-relation,Indem-Relation,Bd03_G-Inn:0591:0439,Bd03_G-Inn,primary
indeterminismus,Indeterminismus,Bd03_G-Inn:0592:0441,Bd03_G-Inn,primary
index,Index,Bd03_G-Inn:0594:0442,Bd03_G-Inn,primary
indexical,indexical,Bd03_G-Inn:0595:0443,Bd03_G-Inn,primary
indifferenz,Indifferenz,Bd03_G-Inn:0597:0444,Bd03_G-Inn,primary
indikator,Indikator,Bd03_G-Inn:0598:0445,Bd03_G-Inn,primary
indirekter beweis,indirekter Beweis,Bd01_A-B:0469:0585,Bd01_A-B,comma_inverted
indische logik,indische Logik,Bd05_Log-N:0057:0027,Bd05_Log-N,comma_inverted
indische philosophie,indische Philosophie,Bd06_O-Ra:0252:0202,Bd06_O-Ra,comma_inverted
individualaussage,Individualaussage,Bd03_G-Inn:0601:0446,Bd03_G-Inn,primary
individualbegriff,Individualbegriff,Bd03_G-Inn:0601:0447,Bd03_G-Inn,primary
individualethik,Individualethik,Bd03_G-Inn:0601:0448,Bd03_G-Inn,primary
"individualismus, methodologischer","Individualismus, methodologischer",Bd03_G-Inn:0601:0449,Bd03_G-Inn,primary
individualitat,Individualität,Bd03_G-Inn:0603:0450,Bd03_G-Inn,primary
individuation,Individuation,Bd03_G-Inn:0604:0451,Bd03_G-Inn,primary
individuativum,Individuativum,Bd03_G-Inn:0607:0452,Bd03_G-Inn,primary
individuator,Individuator,Bd03_G-Inn:0608:0453,Bd03_G-Inn,primary
individuator,Individuator,Bd03_G-Inn:0604:0451,Bd03_G-Inn,redirect_alias
individuenbereich,Individuenbereich,Bd03_G-Inn:0608:0454,Bd03_G-Inn,primary
individuenkonstante,Individuenkonstante,Bd03_G-Inn:0608:0455,Bd03_G-Inn,primary
individuenvariable,Individuenvariable,Bd03_G-Inn:0608:0456,Bd03_G-Inn,primary
individuum,Individuum,Bd03_G-Inn:0608:0457,Bd03_G-Inn,primary
indivisibilien,Indivisibilien,Bd03_G-Inn:0611:0458,Bd03_G-Inn,primary
induktion,Induktion,Bd03_G-Inn:0612:0459,Bd03_G-Inn,primary
"induktion, transfinite","Induktion, transfinite",Bd03_G-Inn:0614:0460,Bd03_G-Inn,primary
"induktion, unendliche","Induktion, unendliche",Bd03_G-Inn:0614:0461,Bd03_G-Inn,primary
"induktion, vollstandige","Induktion, vollständige",Bd03_G-Inn:0615:0462,Bd03_G-Inn,primary
induktionsaxiom,Induktionsaxiom,Bd03_G-Inn:0616:0463,Bd03_G-Inn,primary
induktionsaxiom,Induktionsaxiom,Bd03_G-Inn:0615:0462,Bd03_G-Inn,redirect_alias
induktionsprinzip,Induktionsprinzip,Bd03_G-Inn:0616:0464,Bd03_G-Inn,primary
induktionsproblem,Induktionsproblem,Bd03_G-Inn:0616:0465,Bd03_G-Inn,primary
induktionsproblem,Induktionsproblem,Bd03_G-Inn:0612:0459,Bd03_G-Inn,redirect_alias
induktionsschema,Induktionsschema,Bd03_G-Inn:0616:0466,Bd03_G-Inn,primary
induktive definition,induktive Definition,Bd02_C-F:0158:0179,Bd02_C-F,comma_inverted
induktive implikation,induktive Implikation,Bd03_G-Inn:0581:0425,Bd03_G-Inn,comma_inverted
induktive logik,induktive Logik,Bd05_Log-N:0063:0028,Bd05_Log-N,comma_inverted
induktive methode,induktive Methode,Bd05_Log-N:0409:0295,Bd05_Log-N,comma_inverted
induktiver schluss,induktiver Schluß,Bd07_Re-Te:0281:0229,Bd07_Re-Te,comma_inverted
induktivismus,Induktivismus,Bd03_G-Inn:0616:0467,Bd03_G-Inn,primary
inertialsystem,Inertialsystem,Bd03_G-Inn:0617:0468,Bd03_G-Inn,primary
inferentialismus,Inferentialismus,Bd03_G-Inn:0619:0469,Bd03_G-Inn,primary
infinitare logik,infinitäre Logik,Bd05_Log-N:0064:0029,Bd05_Log-N,comma_inverted
infinitesimalrechnung,Infinitesimalrechnung,Bd03_G-Inn:0621:0470,Bd03_G-Inn,primary
influxus physicus,influxus physicus,Bd03_G-Inn:0623:0471,Bd03_G-Inn,primary
informatik,Informatik,Bd03_G-Inn:0624:0472,Bd03_G-Inn,primary
information,Information,Bd03_G-Inn:0627:0473,Bd03_G-Inn,primary
informationstheorie,Informationstheorie,Bd03_G-Inn:0629:0474,Bd03_G-Inn,primary
informelle logik,informelle Logik,Bd05_Log-N:0065:0030,Bd05_Log-N,comma_inverted
ingarden,Ingarden,Bd03_G-Inn:0632:0475,Bd03_G-Inn,primary
inhalt,Inhalt,Bd03_G-Inn:0633:0476,Bd03_G-Inn,primary
inhaltliche redeweise,inhaltliche Redeweise,Bd07_Re-Te:0044:0021,Bd07_Re-Te,comma_inverted
inhaltslogik,Inhaltslogik,Bd03_G-Inn:0633:0477,Bd03_G-Inn,primary
inhaltslogik,Inhaltslogik,Bd05_Log-N:0067:0032,Bd03_G-Inn,redirect_alias
inhaltsstrich,Inhaltsstrich,Bd03_G-Inn:0633:0478,Bd03_G-Inn,primary
inharent,inhärent,Bd03_G-Inn:0634:0479,Bd03_G-Inn,slash_half
inharent/inharenz,inhärent/Inhärenz,Bd03_G-Inn:0634:0479,Bd03_G-Inn,primary
inharenz,Inhärenz,Bd03_G-Inn:0634:0479,Bd03_G-Inn,slash_half
injunktion,Injunktion,Bd03_G-Inn:0634:0480,Bd03_G-Inn,primary
inklusion,Inklusion,Bd03_G-Inn:0634:0481,Bd03_G-Inn,primary
inklusive logik,inklusive Logik,Bd05_Log-N:0067:0031,Bd05_Log-N,comma_inverted
inkommensurabel,inkommensurabel,Bd03_G-Inn:0634:0482,Bd03_G-Inn,slash_half
inkommensurabel/inkommensurabilitat,inkommensurabel/Inkommensurabilität,Bd03_G-Inn:0634:0482,Bd03_G-Inn,primary
inkommensurabilitat,Inkommensurabilität,Bd03_G-Inn:0634:0482,Bd03_G-Inn,slash_half
inkompatibel,inkompatibel,Bd03_G-Inn:0636:0483,Bd03_G-Inn,slash_half
inkompatibel/inkompatibilitat,inkompatibel/Inkompatibilität,Bd03_G-Inn:0636:0483,Bd03_G-Inn,primary
inkompatibilismus,Inkompatibilismus,Bd03_G-Inn:0636:0484,Bd03_G-Inn,primary
inkompatibilismus,Inkompatibilismus,Bd03_G-Inn:0636:0484,Bd03_G-Inn,redirect_alias
inkompatibilismus,Inkompatibilismus,Bd04_Ins-Loc:0293:0205,Bd04_Ins-Loc,slash_half
inkompatibilitat,Inkompatibilität,Bd03_G-Inn:0636:0483,Bd03_G-Inn,slash_half
inkonsistent,inkonsistent,Bd03_G-Inn:0636:0485,Bd03_G-Inn,slash_half
inkonsistent/inkonsistenz,inkonsistent/Inkonsistenz,Bd03_G-Inn:0636:0485,Bd03_G-Inn,primary
inkonsistenz,Inkonsistenz,Bd03_G-Inn:0636:0485,Bd03_G-Inn,slash_half
innerer sinn,innerer Sinn,Bd07_Re-Te:0409:0333,Bd07_Re-Te,comma_inverted
innerlichkeit,Innerlichkeit,Bd03_G-Inn:0637:0486,Bd03_G-Inn,primary
insolubilia,Insolubilia,Bd04_Ins-Loc:0021:0001,Bd04_Ins-Loc,primary
instinkt,Instinkt,Bd04_Ins-Loc:0022:0002,Bd04_Ins-Loc,primary
institution,Institution,Bd04_Ins-Loc:0022:0003,Bd04_Ins-Loc,primary
institutionentheorie,Institutionentheorie,Bd04_Ins-Loc:0026:0004,Bd04_Ins-Loc,primary
institutionentheorie,Institutionentheorie,Bd04_Ins-Loc:0022:0003,Bd04_Ins-Loc,redirect_alias
instrumentalismus,Instrumentalismus,Bd04_Ins-Loc:0026:0005,Bd04_Ins-Loc,primary
integral,Integral,Bd04_Ins-Loc:0028:0006,Bd04_Ins-Loc,primary
integralrechnung,Integralrechnung,Bd02_C-F:0221:0238,Bd02_C-F,primary
integralrechnung,Integralrechnung,Bd03_G-Inn:0621:0470,Bd02_C-F,redirect_alias
integration,Integration,Bd04_Ins-Loc:0029:0007,Bd04_Ins-Loc,primary
integration,Integration,Bd03_G-Inn:0621:0470,Bd04_Ins-Loc,redirect_alias
intellectus,intellectus,Bd04_Ins-Loc:0029:0008,Bd04_Ins-Loc,primary
intellektualismus,Intellektualismus,Bd04_Ins-Loc:0029:0009,Bd04_Ins-Loc,primary
intellektuelle anschauung,intellektuelle Anschauung,Bd01_A-B:0170:0235,Bd01_A-B,comma_inverted
intelligenz,Intelligenz,Bd04_Ins-Loc:0030:0010,Bd04_Ins-Loc,primary
"intelligenz, kunstliche","Intelligenz, künstliche",Bd04_Ins-Loc:0032:0011,Bd04_Ins-Loc,primary
"intelligenz, multiple","Intelligenz, multiple",Bd04_Ins-Loc:0035:0012,Bd04_Ins-Loc,primary
intelligenztest,Intelligenztest,Bd04_Ins-Loc:0036:0013,Bd04_Ins-Loc,primary
intelligenztest,Intelligenztest,Bd04_Ins-Loc:0030:0010,Bd04_Ins-Loc,redirect_alias
intelligibel,intelligibel,Bd04_Ins-Loc:0036:0014,Bd04_Ins-Loc,primary
intension,Intension,Bd04_Ins-Loc:0037:0015,Bd04_Ins-Loc,slash_half
intensional,intensional,Bd04_Ins-Loc:0037:0015,Bd04_Ins-Loc,slash_half
intensional/intension,intensional/Intension,Bd04_Ins-Loc:0037:0015,Bd04_Ins-Loc,primary
intensionale logik,intensionale Logik,Bd05_Log-N:0067:0032,Bd05_Log-N,comma_inverted
intensionale semantik,intensionale Semantik,Bd07_Re-Te:0364:0287,Bd07_Re-Te,comma_inverted
intensionaler junktor,intensionaler Junktor,Bd04_Ins-Loc:0145:0096,Bd04_Ins-Loc,comma_inverted
intentio,intentio,Bd04_Ins-Loc:0038:0016,Bd04_Ins-Loc,primary
intention,Intention,Bd04_Ins-Loc:0038:0017,Bd04_Ins-Loc,primary
intentionalitat,Intentionalität,Bd04_Ins-Loc:0040:0018,Bd04_Ins-Loc,primary
interaktion,Interaktion,Bd04_Ins-Loc:0044:0019,Bd04_Ins-Loc,primary
interaktionismus,Interaktionismus,Bd04_Ins-Loc:0047:0020,Bd04_Ins-Loc,primary
"interaktionismus, symbolischer","Interaktionismus, symbolischer",Bd04_Ins-Loc:0049:0021,Bd04_Ins-Loc,primary
interdisziplinaritat,Interdisziplinarität,Bd04_Ins-Loc:0051:0022,Bd04_Ins-Loc,primary
interesse,Interesse,Bd04_Ins-Loc:0051:0023,Bd04_Ins-Loc,primary
intermediare logik,intermediäre Logik,Bd05_Log-N:0068:0033,Bd05_Log-N,comma_inverted
intern,intern,Bd04_Ins-Loc:0054:0024,Bd04_Ins-Loc,slash_half
intern/extern,intern/extern,Bd04_Ins-Loc:0054:0024,Bd04_Ins-Loc,primary
"internalismus, ethischer","Internalismus, ethischer",Bd04_Ins-Loc:0056:0025,Bd04_Ins-Loc,primary
"internalismus, ethischer","Internalismus, ethischer",Bd02_C-F:0481:0535,Bd04_Ins-Loc,redirect_alias
interpolationssatz,Interpolationssatz,Bd04_Ins-Loc:0056:0026,Bd04_Ins-Loc,primary
interpolationssatz,Interpolationssatz,Bd02_C-F:0113:0130,Bd04_Ins-Loc,redirect_alias
interpretation,Interpretation,Bd04_Ins-Loc:0056:0027,Bd04_Ins-Loc,primary
interpretation logisch,Interpretation (logisch),Bd04_Ins-Loc:0060:0028,Bd04_Ins-Loc,primary
interpretation logisch,Interpretation (logisch),Bd04_Ins-Loc:0061:0031,Bd04_Ins-Loc,redirect_alias
"interpretation, partielle","Interpretation, partielle",Bd04_Ins-Loc:0060:0029,Bd04_Ins-Loc,primary
"interpretation, radikale","Interpretation, radikale",Bd04_Ins-Loc:0061:0030,Bd04_Ins-Loc,primary
interpretationssemantik,Interpretationssemantik,Bd04_Ins-Loc:0061:0031,Bd04_Ins-Loc,primary
interrogativlogik,Interrogativlogik,Bd04_Ins-Loc:0062:0032,Bd04_Ins-Loc,primary
intersubjektivitat,Intersubjektivität,Bd04_Ins-Loc:0067:0033,Bd04_Ins-Loc,primary
intertheoretische relationen,intertheoretische Relationen,Bd07_Re-Te:0088:0070,Bd07_Re-Te,comma_inverted
intervallschachtelung,Intervallschachtelung,Bd04_Ins-Loc:0069:0034,Bd04_Ins-Loc,primary
interventionismus,Interventionismus,Bd04_Ins-Loc:0069:0035,Bd04_Ins-Loc,primary
intrinsisch,intrinsisch,Bd04_Ins-Loc:0072:0036,Bd04_Ins-Loc,slash_half
intrinsisch/extrinsisch,intrinsisch/extrinsisch,Bd04_Ins-Loc:0072:0036,Bd04_Ins-Loc,primary
introspektion,Introspektion,Bd04_Ins-Loc:0078:0037,Bd04_Ins-Loc,primary
intuition,Intuition,Bd04_Ins-Loc:0079:0038,Bd04_Ins-Loc,primary
intuitionismus,Intuitionismus,Bd04_Ins-Loc:0081:0039,Bd04_Ins-Loc,primary
intuitionismus ethisch,Intuitionismus (ethisch),Bd04_Ins-Loc:0083:0040,Bd04_Ins-Loc,primary
intuitionistische logik,intuitionistische Logik,Bd05_Log-N:0068:0034,Bd05_Log-N,comma_inverted
invariant,invariant,Bd04_Ins-Loc:0085:0041,Bd04_Ins-Loc,slash_half
invariant/invarianz,invariant/Invarianz,Bd04_Ins-Loc:0085:0041,Bd04_Ins-Loc,primary
invarianz,Invarianz,Bd04_Ins-Loc:0085:0041,Bd04_Ins-Loc,slash_half
inventio medii,inventio medii,Bd04_Ins-Loc:0088:0042,Bd04_Ins-Loc,primary
invers,invers,Bd04_Ins-Loc:0088:0043,Bd04_Ins-Loc,slash_half
invers/inversion,invers/Inversion,Bd04_Ins-Loc:0088:0043,Bd04_Ins-Loc,primary
inversion,Inversion,Bd04_Ins-Loc:0088:0043,Bd04_Ins-Loc,slash_half
inversionsprinzip,Inversionsprinzip,Bd04_Ins-Loc:0089:0044,Bd04_Ins-Loc,primary
ionische philosophie,ionische Philosophie,Bd06_O-Ra:0268:0203,Bd06_O-Ra,comma_inverted
ironie,Ironie,Bd04_Ins-Loc:0090:0045,Bd04_Ins-Loc,primary
irrational,irrational,Bd04_Ins-Loc:0092:0046,Bd04_Ins-Loc,slash_half
irrational mathematisch,irrational (mathematisch),Bd04_Ins-Loc:0094:0047,Bd04_Ins-Loc,primary
irrational/irrationalismus,irrational/Irrationalismus,Bd04_Ins-Loc:0092:0046,Bd04_Ins-Loc,primary
irrationalismus,Irrationalismus,Bd04_Ins-Loc:0092:0046,Bd04_Ins-Loc,slash_half
irrealer konditionalsatz,irrealer Konditionalsatz,Bd04_Ins-Loc:0304:0220,Bd04_Ins-Loc,comma_inverted
irreduzibel,irreduzibel,Bd04_Ins-Loc:0094:0048,Bd04_Ins-Loc,slash_half
irreduzibel/irreduzibilitat,irreduzibel/Irreduzibilität,Bd04_Ins-Loc:0094:0048,Bd04_Ins-Loc,primary
irreduzibilitat,Irreduzibilität,Bd04_Ins-Loc:0094:0048,Bd04_Ins-Loc,slash_half
irreversibel,irreversibel,Bd04_Ins-Loc:0094:0049,Bd04_Ins-Loc,slash_half
irreversibel/irreversibilitat,irreversibel/Irreversibilität,Bd04_Ins-Loc:0094:0049,Bd04_Ins-Loc,primary
irreversibel/irreversibilitat,irreversibel/Irreversibilität,Bd07_Re-Te:0143:0109,Bd04_Ins-Loc,redirect_alias
irreversibilitat,Irreversibilität,Bd04_Ins-Loc:0094:0049,Bd04_Ins-Loc,slash_half
irrtum,Irrtum,Bd04_Ins-Loc:0094:0050,Bd04_Ins-Loc,primary
is-erklarung,IS-Erklärung,Bd04_Ins-Loc:0096:0052,Bd04_Ins-Loc,primary
is-erklarung,IS-Erklärung,Bd02_C-F:0399:0456,Bd04_Ins-Loc,redirect_alias
isaak von stella,Isaak von Stella,Bd04_Ins-Loc:0095:0051,Bd04_Ins-Loc,primary
isidor von sevilla,Isidor von Sevilla,Bd04_Ins-Loc:0096:0053,Bd04_Ins-Loc,primary
islamische philosophie,islamische Philosophie,Bd06_O-Ra:0269:0204,Bd06_O-Ra,comma_inverted
isokrates,Isokrates,Bd04_Ins-Loc:0098:0054,Bd04_Ins-Loc,primary
isomorph,isomorph,Bd04_Ins-Loc:0100:0055,Bd04_Ins-Loc,slash_half
isomorph/isomorphie,isomorph/Isomorphie,Bd04_Ins-Loc:0100:0055,Bd04_Ins-Loc,primary
isomorphie,Isomorphie,Bd04_Ins-Loc:0100:0055,Bd04_Ins-Loc,slash_half
isotropie,Isotropie,Bd04_Ins-Loc:0101:0056,Bd04_Ins-Loc,primary
ist,ist,Bd04_Ins-Loc:0102:0057,Bd04_Ins-Loc,primary
jacobi,Jacobi,Bd04_Ins-Loc:0103:0058,Bd04_Ins-Loc,primary
jacobus veneticus graecus,Jacobus Veneticus Graecus,Bd04_Ins-Loc:0104:0059,Bd04_Ins-Loc,primary
jacoby,Jacoby,Bd04_Ins-Loc:0104:0060,Bd04_Ins-Loc,primary
jaeger,Jaeger,Bd04_Ins-Loc:0106:0061,Bd04_Ins-Loc,primary
jainistische philosophie,jainistische Philosophie,Bd06_O-Ra:0273:0205,Bd06_O-Ra,comma_inverted
jakobson,Jakobson,Bd04_Ins-Loc:0107:0062,Bd04_Ins-Loc,primary
james,James,Bd04_Ins-Loc:0110:0063,Bd04_Ins-Loc,primary
jansenismus,Jansenismus,Bd04_Ins-Loc:0112:0064,Bd04_Ins-Loc,primary
japanische philosophie,japanische Philosophie,Bd06_O-Ra:0277:0206,Bd06_O-Ra,comma_inverted
jaspers,Jaspers,Bd04_Ins-Loc:0113:0065,Bd04_Ins-Loc,primary
jean charlier,Jean Charlier,Bd04_Ins-Loc:0117:0067,Bd04_Ins-Loc,primary
jean charlier,Jean Charlier,Bd03_G-Inn:0120:0089,Bd04_Ins-Loc,redirect_alias
jerusalem,Jerusalem,Bd04_Ins-Loc:0117:0068,Bd04_Ins-Loc,primary
jevons,Jevons,Bd04_Ins-Loc:0118:0069,Bd04_Ins-Loc,primary
joachim von fiore,Joachim von Fiore,Bd04_Ins-Loc:0121:0072,Bd04_Ins-Loc,primary
jodl,Jodl,Bd04_Ins-Loc:0123:0073,Bd04_Ins-Loc,primary
johannes baconthorpe,Johannes Baconthorpe,Bd04_Ins-Loc:0124:0075,Bd04_Ins-Loc,primary
johannes capreolus,Johannes Capreolus,Bd04_Ins-Loc:0124:0076,Bd04_Ins-Loc,primary
johannes damascenus,Johannes Damascenus,Bd04_Ins-Loc:0125:0077,Bd04_Ins-Loc,primary
johannes vom kreuz,Johannes vom Kreuz,Bd04_Ins-Loc:0126:0078,Bd04_Ins-Loc,primary
johannes von jandun,Johannes von Jandun,Bd04_Ins-Loc:0127:0079,Bd04_Ins-Loc,primary
johannes von la rochelle,Johannes von La Rochelle,Bd04_Ins-Loc:0128:0080,Bd04_Ins-Loc,primary
johannes von mirecourt,Johannes von Mirecourt,Bd04_Ins-Loc:0129:0081,Bd04_Ins-Loc,primary
johannes von ripa,Johannes von Ripa,Bd04_Ins-Loc:0130:0082,Bd04_Ins-Loc,primary
johannes von salisbury,Johannes von Salisbury,Bd04_Ins-Loc:0130:0083,Bd04_Ins-Loc,primary
johannes von salisbury,Johannes von Salisbury,Bd07_Re-Te:0222:0172,Bd04_Ins-Loc,redirect_alias
johnson,Johnson,Bd04_Ins-Loc:0130:0084,Bd04_Ins-Loc,primary
jonas,Jonas,Bd04_Ins-Loc:0131:0085,Bd04_Ins-Loc,primary
jordanus,Jordanus,Bd04_Ins-Loc:0132:0086,Bd04_Ins-Loc,primary
jota-operator,Jota-Operator,Bd04_Ins-Loc:0137:0089,Bd04_Ins-Loc,primary
jo�l,Jo�l,Bd04_Ins-Loc:0123:0074,Bd04_Ins-Loc,primary
juan de santo tomas,Juan de Santo Tomás,Bd04_Ins-Loc:0137:0090,Bd04_Ins-Loc,primary
judische philosophie,jüdische Philosophie,Bd06_O-Ra:0288:0207,Bd06_O-Ra,comma_inverted
juhos,Juhos,Bd04_Ins-Loc:0139:0091,Bd04_Ins-Loc,primary
jung,Jung,Bd04_Ins-Loc:0140:0092,Bd04_Ins-Loc,primary
junghegelianismus,Junghegelianismus,Bd04_Ins-Loc:0142:0093,Bd04_Ins-Loc,primary
junghegelianismus,Junghegelianismus,Bd03_G-Inn:0331:0245,Bd04_Ins-Loc,redirect_alias
jungius,Jungius,Bd04_Ins-Loc:0142:0094,Bd04_Ins-Loc,primary
junktor,Junktor,Bd04_Ins-Loc:0145:0095,Bd04_Ins-Loc,primary
"junktor, intensionaler","Junktor, intensionaler",Bd04_Ins-Loc:0145:0096,Bd04_Ins-Loc,primary
junktorenlogik,Junktorenlogik,Bd04_Ins-Loc:0146:0097,Bd04_Ins-Loc,primary
junktorenlogisches schema,junktorenlogisches Schema,Bd07_Re-Te:0266:0213,Bd07_Re-Te,comma_inverted
juristische logik,juristische Logik,Bd05_Log-N:0072:0035,Bd05_Log-N,comma_inverted
juxtaposition,Juxtaposition,Bd04_Ins-Loc:0149:0098,Bd04_Ins-Loc,primary
juxtaposition,Juxtaposition,Bd08_Th-Z:0319:0291,Bd04_Ins-Loc,redirect_alias
jçāna,jÇāna,Bd04_Ins-Loc:0121:0071,Bd04_Ins-Loc,primary
jørgensen,Jørgensen,Bd04_Ins-Loc:0133:0087,Bd04_Ins-Loc,primary
jørgensens dilemma,Jørgensens Dilemma,Bd04_Ins-Loc:0134:0088,Bd04_Ins-Loc,primary
jāti,jāti,Bd04_Ins-Loc:0116:0066,Bd04_Ins-Loc,primary
jīva,jīva,Bd04_Ins-Loc:0121:0070,Bd04_Ins-Loc,primary
kabbala,Kabbala,Bd04_Ins-Loc:0150:0099,Bd04_Ins-Loc,primary
kaila,Kaila,Bd04_Ins-Loc:0154:0100,Bd04_Ins-Loc,primary
kalinowski,Kalinowski,Bd04_Ins-Loc:0156:0103,Bd04_Ins-Loc,primary
kalkul,Kalkül,Bd04_Ins-Loc:0157:0104,Bd04_Ins-Loc,primary
kalkul des naturlichen schliessens,Kalkül des natürlichen Schließens,Bd04_Ins-Loc:0158:0105,Bd04_Ins-Loc,primary
kalkulisierung,Kalkülisierung,Bd04_Ins-Loc:0159:0106,Bd04_Ins-Loc,primary
kallippos,Kallippos,Bd04_Ins-Loc:0160:0107,Bd04_Ins-Loc,primary
kamlah,Kamlah,Bd04_Ins-Loc:0160:0108,Bd04_Ins-Loc,primary
kanger,Kanger,Bd04_Ins-Loc:0162:0109,Bd04_Ins-Loc,primary
kanon,Kanon,Bd04_Ins-Loc:0164:0111,Bd04_Ins-Loc,primary
kant,Kant,Bd04_Ins-Loc:0165:0112,Bd04_Ins-Loc,primary
kantianismus,Kantianismus,Bd04_Ins-Loc:0182:0113,Bd04_Ins-Loc,primary
kapitalismus,Kapitalismus,Bd04_Ins-Loc:0182:0114,Bd04_Ins-Loc,primary
kardinaltugend,Kardinaltugend,Bd04_Ins-Loc:0184:0116,Bd04_Ins-Loc,primary
kardinaltugend,Kardinaltugend,Bd08_Th-Z:0143:0099,Bd04_Ins-Loc,redirect_alias
kardinalzahl,Kardinalzahl,Bd04_Ins-Loc:0184:0117,Bd04_Ins-Loc,primary
karma,karma,Bd04_Ins-Loc:0184:0119,Bd04_Ins-Loc,primary
karneades,Karneades,Bd04_Ins-Loc:0185:0120,Bd04_Ins-Loc,primary
kastner,Kästner,Bd04_Ins-Loc:0186:0121,Bd04_Ins-Loc,primary
kasuistik,Kasuistik,Bd04_Ins-Loc:0188:0122,Bd04_Ins-Loc,primary
katalepsis,Katalepsis,Bd04_Ins-Loc:0189:0123,Bd04_Ins-Loc,primary
katastrophentheorie,Katastrophentheorie,Bd04_Ins-Loc:0189:0124,Bd04_Ins-Loc,primary
katasyllogismus,Katasyllogismus,Bd04_Ins-Loc:0190:0125,Bd04_Ins-Loc,primary
kategorematisch,kategorematisch,Bd04_Ins-Loc:0191:0126,Bd04_Ins-Loc,primary
kategorialanalyse,Kategorialanalyse,Bd04_Ins-Loc:0191:0127,Bd04_Ins-Loc,primary
kategorie,Kategorie,Bd04_Ins-Loc:0191:0128,Bd04_Ins-Loc,primary
"kategorie, semantische","Kategorie, semantische",Bd04_Ins-Loc:0192:0129,Bd04_Ins-Loc,primary
"kategorie, syntaktische","Kategorie, syntaktische",Bd04_Ins-Loc:0193:0130,Bd04_Ins-Loc,primary
kategorienfehler,Kategorienfehler,Bd04_Ins-Loc:0194:0131,Bd04_Ins-Loc,primary
kategorisch,kategorisch,Bd04_Ins-Loc:0194:0132,Bd04_Ins-Loc,primary
kategorischer imperativ,kategorischer Imperativ,Bd03_G-Inn:0572:0421,Bd03_G-Inn,comma_inverted
kategorischer imperativ,Kategorischer Imperativ,Bd04_Ins-Loc:0195:0133,Bd04_Ins-Loc,primary
kategorischer imperativ,Kategorischer Imperativ,Bd03_G-Inn:0572:0421,Bd04_Ins-Loc,redirect_alias
kategorischer syllogismus,kategorischer Syllogismus,Bd07_Re-Te:0621:0526,Bd07_Re-Te,comma_inverted
kategorisches,kategorisches,Bd08_Th-Z:0256:0222,Bd08_Th-Z,primary
kausalanalyse,Kausalanalyse,Bd04_Ins-Loc:0195:0134,Bd04_Ins-Loc,primary
kausale handlungstheorie,kausale Handlungstheorie,Bd03_G-Inn:0307:0227,Bd03_G-Inn,comma_inverted
kausalgesetz,Kausalgesetz,Bd04_Ins-Loc:0196:0135,Bd04_Ins-Loc,primary
kausalgesetz,Kausalgesetz,Bd04_Ins-Loc:0196:0136,Bd04_Ins-Loc,redirect_alias
kausalitat,Kausalität,Bd04_Ins-Loc:0196:0136,Bd04_Ins-Loc,primary
kausalprinzip,Kausalprinzip,Bd04_Ins-Loc:0200:0137,Bd04_Ins-Loc,primary
kausalprinzip,Kausalprinzip,Bd04_Ins-Loc:0196:0136,Bd04_Ins-Loc,redirect_alias
kaut.ilya,Kaut.ilya,Bd04_Ins-Loc:0200:0138,Bd04_Ins-Loc,primary
keckermann,Keckermann,Bd04_Ins-Loc:0201:0139,Bd04_Ins-Loc,primary
kein,kein,Bd04_Ins-Loc:0203:0140,Bd04_Ins-Loc,primary
kelsen,Kelsen,Bd04_Ins-Loc:0203:0141,Bd04_Ins-Loc,primary
kelsos,Kelsos,Bd04_Ins-Loc:0204:0142,Bd04_Ins-Loc,primary
kennzeichnung,Kennzeichnung,Bd04_Ins-Loc:0205:0143,Bd04_Ins-Loc,primary
kennzeichnungsoperator,Kennzeichnungsoperator,Bd04_Ins-Loc:0208:0144,Bd04_Ins-Loc,primary
kennzeichnungsterm,Kennzeichnungsterm,Bd04_Ins-Loc:0208:0145,Bd04_Ins-Loc,primary
kepler,Kepler,Bd04_Ins-Loc:0208:0146,Bd04_Ins-Loc,primary
kettenschluss,Kettenschluß,Bd04_Ins-Loc:0217:0147,Bd04_Ins-Loc,primary
keynes,Keynes,Bd04_Ins-Loc:0218:0148,Bd04_Ins-Loc,primary
keynes,Keynes,Bd04_Ins-Loc:0221:0149,Bd04_Ins-Loc,primary
kierkegaard,Kierkegaard,Bd04_Ins-Loc:0221:0150,Bd04_Ins-Loc,primary
kilvington,Kilvington,Bd04_Ins-Loc:0228:0151,Bd04_Ins-Loc,primary
kilwardby,Kilwardby,Bd04_Ins-Loc:0228:0152,Bd04_Ins-Loc,primary
kinematik,Kinematik,Bd04_Ins-Loc:0233:0154,Bd04_Ins-Loc,primary
kircher,Kircher,Bd04_Ins-Loc:0234:0155,Bd04_Ins-Loc,primary
kirchhoff,Kirchhoff,Bd04_Ins-Loc:0238:0156,Bd04_Ins-Loc,primary
klages,Klages,Bd04_Ins-Loc:0239:0157,Bd04_Ins-Loc,primary
klammern,Klammern,Bd04_Ins-Loc:0241:0158,Bd04_Ins-Loc,primary
klar und deutlich,klar und deutlich,Bd04_Ins-Loc:0241:0159,Bd04_Ins-Loc,primary
klasse logisch,Klasse (logisch),Bd04_Ins-Loc:0242:0160,Bd04_Ins-Loc,primary
klasse sozialwissenschaftlich,Klasse (sozialwissenschaftlich),Bd04_Ins-Loc:0244:0161,Bd04_Ins-Loc,primary
"klasse, leere","Klasse, leere",Bd04_Ins-Loc:0247:0162,Bd04_Ins-Loc,primary
"klasse, leere","Klasse, leere",Bd05_Log-N:0350:0242,Bd04_Ins-Loc,redirect_alias
klasseneinteilung,Klasseneinteilung,Bd04_Ins-Loc:0247:0163,Bd04_Ins-Loc,primary
klassenkalkul,Klassenkalkül,Bd04_Ins-Loc:0248:0164,Bd04_Ins-Loc,primary
klassenlogik,Klassenlogik,Bd04_Ins-Loc:0249:0165,Bd04_Ins-Loc,primary
klassifikation,Klassifikation,Bd04_Ins-Loc:0249:0166,Bd04_Ins-Loc,primary
klassifikator,Klassifikator,Bd04_Ins-Loc:0250:0167,Bd04_Ins-Loc,primary
klassisch,klassisch,Bd04_Ins-Loc:0251:0168,Bd04_Ins-Loc,slash_half
klassisch/das klassische,klassisch/das Klassische,Bd04_Ins-Loc:0251:0168,Bd04_Ins-Loc,primary
klassische,Klassische,Bd04_Ins-Loc:0251:0168,Bd04_Ins-Loc,slash_half
klassische logik,klassische Logik,Bd05_Log-N:0075:0036,Bd05_Log-N,comma_inverted
klaus,Klaus,Bd04_Ins-Loc:0254:0169,Bd04_Ins-Loc,primary
kleanthes,Kleanthes,Bd04_Ins-Loc:0255:0170,Bd04_Ins-Loc,primary
kleene,Kleene,Bd04_Ins-Loc:0256:0171,Bd04_Ins-Loc,primary
klein,Klein,Bd04_Ins-Loc:0257:0172,Bd04_Ins-Loc,primary
kleomedes,Kleomedes,Bd04_Ins-Loc:0258:0173,Bd04_Ins-Loc,primary
klugheit,Klugheit,Bd04_Ins-Loc:0259:0174,Bd04_Ins-Loc,primary
knutzen,Knutzen,Bd04_Ins-Loc:0261:0175,Bd04_Ins-Loc,primary
kodierung,Kodierung,Bd04_Ins-Loc:0262:0176,Bd04_Ins-Loc,primary
kodifikat,Kodifikat,Bd04_Ins-Loc:0262:0177,Bd04_Ins-Loc,primary
koexistenzgesetz,Koexistenzgesetz,Bd04_Ins-Loc:0262:0178,Bd04_Ins-Loc,primary
kognitionswissenschaft,Kognitionswissenschaft,Bd04_Ins-Loc:0262:0179,Bd04_Ins-Loc,primary
kognitiv,kognitiv,Bd04_Ins-Loc:0268:0180,Bd04_Ins-Loc,primary
kognitive dissonanz,kognitive Dissonanz,Bd02_C-F:0253:0278,Bd02_C-F,comma_inverted
kognitivismus,Kognitivismus,Bd04_Ins-Loc:0269:0181,Bd04_Ins-Loc,primary
koharent,kohärent,Bd04_Ins-Loc:0270:0182,Bd04_Ins-Loc,slash_half
koharent/koharenz,kohärent/Kohärenz,Bd04_Ins-Loc:0270:0182,Bd04_Ins-Loc,primary
koharenz,Kohärenz,Bd04_Ins-Loc:0270:0182,Bd04_Ins-Loc,slash_half
"koharenz, explanatorische","Kohärenz, explanatorische",Bd04_Ins-Loc:0274:0183,Bd04_Ins-Loc,primary
"koharenz, probabilistische","Kohärenz, probabilistische",Bd04_Ins-Loc:0275:0184,Bd04_Ins-Loc,primary
koharenztheorie,Kohärenztheorie,Bd04_Ins-Loc:0278:0185,Bd04_Ins-Loc,primary
koharenztheorie,Kohärenztheorie,Bd08_Th-Z:0408:0399,Bd04_Ins-Loc,redirect_alias
koinzidenz,Koinzidenz,Bd04_Ins-Loc:0278:0186,Bd04_Ins-Loc,primary
koinzidenz,Koinzidenz,Bd02_C-F:0097:0101,Bd04_Ins-Loc,redirect_alias
koinzidenztheorem,Koinzidenztheorem,Bd04_Ins-Loc:0278:0187,Bd04_Ins-Loc,primary
kollektivum,Kollektivum,Bd04_Ins-Loc:0279:0189,Bd04_Ins-Loc,primary
kolmogorov,Kolmogorov,Bd04_Ins-Loc:0280:0190,Bd04_Ins-Loc,primary
kolmogorov-axiome,Kolmogorov-Axiome,Bd04_Ins-Loc:0281:0191,Bd04_Ins-Loc,primary
kolmogorov-axiome,Kolmogorov-Axiome,Bd08_Th-Z:0429:0406,Bd04_Ins-Loc,redirect_alias
kombinatorik,Kombinatorik,Bd04_Ins-Loc:0281:0192,Bd04_Ins-Loc,primary
kombinatorische logik,kombinatorische Logik,Bd05_Log-N:0076:0037,Bd05_Log-N,comma_inverted
kommensurabel,kommensurabel,Bd04_Ins-Loc:0281:0193,Bd04_Ins-Loc,slash_half
kommensurabel/kommensurabilitat,kommensurabel/Kommensurabilität,Bd04_Ins-Loc:0281:0193,Bd04_Ins-Loc,primary
kommensurabilitat,Kommensurabilität,Bd04_Ins-Loc:0281:0193,Bd04_Ins-Loc,slash_half
kommunikation,Kommunikation,Bd04_Ins-Loc:0282:0194,Bd04_Ins-Loc,primary
kommunikationsforschung,Kommunikationsforschung,Bd04_Ins-Loc:0282:0195,Bd04_Ins-Loc,primary
kommunikationsgemeinschaft,Kommunikationsgemeinschaft,Bd04_Ins-Loc:0282:0196,Bd04_Ins-Loc,primary
kommunikationstheorie,Kommunikationstheorie,Bd04_Ins-Loc:0283:0197,Bd04_Ins-Loc,primary
kommunikationswissenschaft,Kommunikationswissenschaft,Bd04_Ins-Loc:0286:0198,Bd04_Ins-Loc,primary
kommunismus,Kommunismus,Bd04_Ins-Loc:0287:0199,Bd04_Ins-Loc,primary
kommunitarismus,Kommunitarismus,Bd04_Ins-Loc:0289:0200,Bd04_Ins-Loc,primary
kommutativ,kommutativ,Bd04_Ins-Loc:0292:0201,Bd04_Ins-Loc,slash_half
kommutativ/kommutativitat,kommutativ/Kommutativität,Bd04_Ins-Loc:0292:0201,Bd04_Ins-Loc,primary
kommutativgesetz,Kommutativgesetz,Bd04_Ins-Loc:0292:0202,Bd04_Ins-Loc,primary
kommutativitat,Kommutativität,Bd04_Ins-Loc:0292:0201,Bd04_Ins-Loc,slash_half
kompaktheitssatze,Kompaktheitssätze,Bd04_Ins-Loc:0292:0203,Bd04_Ins-Loc,primary
kompaktheitssatze,Kompaktheitssätze,Bd02_C-F:0342:0394,Bd04_Ins-Loc,redirect_alias
komparativ,komparativ,Bd04_Ins-Loc:0292:0204,Bd04_Ins-Loc,slash_half
komparativ/komparativitat,komparativ/Komparativität,Bd04_Ins-Loc:0292:0204,Bd04_Ins-Loc,primary
komparative philosophie,komparative Philosophie,Bd06_O-Ra:0294:0208,Bd06_O-Ra,comma_inverted
komparativitat,Komparativität,Bd04_Ins-Loc:0292:0204,Bd04_Ins-Loc,slash_half
kompatibilismus,Kompatibilismus,Bd04_Ins-Loc:0293:0205,Bd04_Ins-Loc,slash_half
kompatibilismus/inkompatibilismus,Kompatibilismus/Inkompatibilismus,Bd04_Ins-Loc:0293:0205,Bd04_Ins-Loc,primary
komplement,Komplement,Bd04_Ins-Loc:0296:0206,Bd04_Ins-Loc,primary
komplementaritatsprinzip,Komplementaritätsprinzip,Bd04_Ins-Loc:0296:0207,Bd04_Ins-Loc,primary
komplex,komplex,Bd04_Ins-Loc:0297:0208,Bd04_Ins-Loc,slash_half
komplex/komplex,komplex/Komplex,Bd04_Ins-Loc:0297:0208,Bd04_Ins-Loc,primary
komplexitat,Komplexität,Bd04_Ins-Loc:0299:0209,Bd04_Ins-Loc,primary
komplexitatstheorie,Komplexitätstheorie,Bd04_Ins-Loc:0299:0210,Bd04_Ins-Loc,primary
kompositionalitatsprinzip,Kompositionalitätsprinzip,Bd04_Ins-Loc:0300:0211,Bd04_Ins-Loc,primary
komprehension,Komprehension,Bd04_Ins-Loc:0302:0212,Bd04_Ins-Loc,primary
komprehensionsaxiom,Komprehensionsaxiom,Bd04_Ins-Loc:0302:0213,Bd04_Ins-Loc,primary
komprehensionsaxiom,Komprehensionsaxiom,Bd04_Ins-Loc:0302:0212,Bd04_Ins-Loc,redirect_alias
kompressibel,kompressibel,Bd04_Ins-Loc:0302:0214,Bd04_Ins-Loc,primary
kompressor,Kompressor,Bd04_Ins-Loc:0302:0215,Bd04_Ins-Loc,primary
komprimierbar,komprimierbar,Bd04_Ins-Loc:0303:0216,Bd04_Ins-Loc,primary
komprimierbar,komprimierbar,Bd04_Ins-Loc:0302:0214,Bd04_Ins-Loc,redirect_alias
konditional,Konditional,Bd04_Ins-Loc:0303:0217,Bd04_Ins-Loc,primary
konditionalismus,Konditionalismus,Bd04_Ins-Loc:0303:0218,Bd04_Ins-Loc,primary
konditionalsatz,Konditionalsatz,Bd04_Ins-Loc:0303:0219,Bd04_Ins-Loc,primary
"konditionalsatz, irrealer","Konditionalsatz, irrealer",Bd04_Ins-Loc:0304:0220,Bd04_Ins-Loc,primary
konflikt,Konflikt,Bd04_Ins-Loc:0306:0221,Bd04_Ins-Loc,primary
konfuzianismus,Konfuzianismus,Bd04_Ins-Loc:0308:0222,Bd04_Ins-Loc,primary
konfuzius,Konfuzius,Bd04_Ins-Loc:0310:0223,Bd04_Ins-Loc,primary
kongruent,kongruent,Bd04_Ins-Loc:0311:0224,Bd04_Ins-Loc,slash_half
kongruent/kongruenz,kongruent/Kongruenz,Bd04_Ins-Loc:0311:0224,Bd04_Ins-Loc,primary
kongruenz,Kongruenz,Bd04_Ins-Loc:0311:0224,Bd04_Ins-Loc,slash_half
konig,König,Bd04_Ins-Loc:0312:0225,Bd04_Ins-Loc,primary
konig,König,Bd04_Ins-Loc:0313:0226,Bd04_Ins-Loc,primary
konigsberger,Königsberger,Bd04_Ins-Loc:0314:0227,Bd04_Ins-Loc,primary
konigsche antinomie,Königsche Antinomie,Bd04_Ins-Loc:0315:0228,Bd04_Ins-Loc,primary
konjugat,Konjugat,Bd04_Ins-Loc:0316:0229,Bd04_Ins-Loc,primary
konjugat,Konjugat,Bd04_Ins-Loc:0316:0230,Bd04_Ins-Loc,redirect_alias
konjunktion,Konjunktion,Bd04_Ins-Loc:0316:0230,Bd04_Ins-Loc,primary
konjunktives urteil,konjunktives Urteil,Bd08_Th-Z:0256:0223,Bd08_Th-Z,comma_inverted
konjunktor,Konjunktor,Bd04_Ins-Loc:0317:0231,Bd04_Ins-Loc,primary
konklusion,Konklusion,Bd04_Ins-Loc:0317:0232,Bd04_Ins-Loc,primary
konkret,konkret,Bd04_Ins-Loc:0318:0233,Bd04_Ins-Loc,primary
konkretion,Konkretion,Bd04_Ins-Loc:0318:0234,Bd04_Ins-Loc,primary
konkretum,Konkretum,Bd04_Ins-Loc:0319:0235,Bd04_Ins-Loc,primary
konnektionismus,Konnektionismus,Bd04_Ins-Loc:0319:0236,Bd04_Ins-Loc,primary
konnex,konnex,Bd04_Ins-Loc:0320:0237,Bd04_Ins-Loc,primary
konnexe logik,konnexe Logik,Bd05_Log-N:0077:0038,Bd05_Log-N,comma_inverted
konnotation,Konnotation,Bd04_Ins-Loc:0320:0238,Bd04_Ins-Loc,primary
konnotativ,konnotativ,Bd04_Ins-Loc:0321:0239,Bd04_Ins-Loc,primary
konsens,Konsens,Bd04_Ins-Loc:0321:0240,Bd04_Ins-Loc,primary
konsensustheorie,Konsensustheorie,Bd04_Ins-Loc:0322:0241,Bd04_Ins-Loc,primary
konsensustheorie,Konsensustheorie,Bd08_Th-Z:0408:0399,Bd04_Ins-Loc,redirect_alias
konsequens,Konsequens,Bd04_Ins-Loc:0322:0242,Bd04_Ins-Loc,primary
konsequentialismus,Konsequentialismus,Bd04_Ins-Loc:0322:0243,Bd04_Ins-Loc,primary
konsequenz,Konsequenz,Bd04_Ins-Loc:0325:0244,Bd04_Ins-Loc,primary
konsequenzenkalkul,Konsequenzenkalkül,Bd04_Ins-Loc:0325:0245,Bd04_Ins-Loc,primary
konsequenzenkalkul,Konsequenzenkalkül,Bd04_Ins-Loc:0325:0246,Bd04_Ins-Loc,redirect_alias
konsequenzenlogik,Konsequenzenlogik,Bd04_Ins-Loc:0325:0246,Bd04_Ins-Loc,primary
konsistent,konsistent,Bd04_Ins-Loc:0326:0248,Bd04_Ins-Loc,slash_half
konsistent/konsistenz,konsistent/Konsistenz,Bd04_Ins-Loc:0326:0248,Bd04_Ins-Loc,primary
konsistenz,Konsistenz,Bd04_Ins-Loc:0326:0248,Bd04_Ins-Loc,slash_half
konstante,Konstante,Bd04_Ins-Loc:0326:0249,Bd04_Ins-Loc,primary
"konstante, logische","Konstante, logische",Bd04_Ins-Loc:0326:0250,Bd04_Ins-Loc,primary
konstantenform,Konstantenform,Bd04_Ins-Loc:0326:0247,Bd04_Ins-Loc,primary
konstantenform,Konstantenform,Bd07_Re-Te:0710:0611,Bd04_Ins-Loc,redirect_alias
konstanz,Konstanz,Bd04_Ins-Loc:0326:0251,Bd04_Ins-Loc,primary
konstatierung,Konstatierung,Bd04_Ins-Loc:0327:0252,Bd04_Ins-Loc,primary
konstativum,Konstativum,Bd04_Ins-Loc:0328:0253,Bd04_Ins-Loc,primary
konstitution,Konstitution,Bd04_Ins-Loc:0328:0254,Bd04_Ins-Loc,primary
konstitutionssystem,Konstitutionssystem,Bd04_Ins-Loc:0329:0255,Bd04_Ins-Loc,primary
konstrukt,Konstrukt,Bd04_Ins-Loc:0330:0256,Bd04_Ins-Loc,primary
konstruktion,Konstruktion,Bd04_Ins-Loc:0330:0257,Bd04_Ins-Loc,primary
konstruktion logisch,Konstruktion (logisch),Bd04_Ins-Loc:0332:0258,Bd04_Ins-Loc,primary
konstruktiv,konstruktiv,Bd04_Ins-Loc:0333:0259,Bd04_Ins-Loc,slash_half
konstruktiv/konstruktivitat,konstruktiv/Konstruktivität,Bd04_Ins-Loc:0333:0259,Bd04_Ins-Loc,primary
konstruktive arithmetik,konstruktive Arithmetik,Bd01_A-B:0257:0348,Bd01_A-B,comma_inverted
konstruktive logik,konstruktive Logik,Bd05_Log-N:0078:0039,Bd05_Log-N,comma_inverted
konstruktive mathematik,konstruktive Mathematik,Bd05_Log-N:0282:0197,Bd05_Log-N,comma_inverted
konstruktive mengenlehre,konstruktive Mengenlehre,Bd05_Log-N:0352:0248,Bd05_Log-N,comma_inverted
konstruktive philosophie,konstruktive Philosophie,Bd06_O-Ra:0295:0209,Bd06_O-Ra,comma_inverted
konstruktive typentheorie,konstruktive Typentheorie,Bd08_Th-Z:0160:0109,Bd08_Th-Z,comma_inverted
konstruktive wissenschaft,konstruktive Wissenschaft,Bd08_Th-Z:0559:0529,Bd08_Th-Z,comma_inverted
konstruktive wissenschaftstheorie,konstruktive Wissenschaftstheorie,Bd08_Th-Z:0583:0543,Bd08_Th-Z,comma_inverted
konstruktive wissenschaftstheorie,Konstruktive Wissenschaftstheorie,Bd04_Ins-Loc:0334:0260,Bd04_Ins-Loc,primary
konstruktivismus,Konstruktivismus,Bd04_Ins-Loc:0334:0261,Bd04_Ins-Loc,primary
"konstruktivismus, dialogischer","Konstruktivismus, dialogischer",Bd04_Ins-Loc:0339:0262,Bd04_Ins-Loc,primary
"konstruktivismus, radikaler","Konstruktivismus, radikaler",Bd04_Ins-Loc:0341:0263,Bd04_Ins-Loc,primary
konstruktivitat,Konstruktivität,Bd04_Ins-Loc:0333:0259,Bd04_Ins-Loc,slash_half
kontemplation,Kontemplation,Bd04_Ins-Loc:0342:0264,Bd04_Ins-Loc,primary
kontext,Kontext,Bd04_Ins-Loc:0343:0265,Bd04_Ins-Loc,primary
kontextdefinition,Kontextdefinition,Bd04_Ins-Loc:0344:0266,Bd04_Ins-Loc,primary
kontextdefinition,Kontextdefinition,Bd02_C-F:0157:0178,Bd04_Ins-Loc,redirect_alias
kontextinvarianz,Kontextinvarianz,Bd04_Ins-Loc:0344:0267,Bd04_Ins-Loc,primary
kontingent,kontingent,Bd04_Ins-Loc:0344:0268,Bd04_Ins-Loc,slash_half
kontingent/kontingenz,kontingent/Kontingenz,Bd04_Ins-Loc:0344:0268,Bd04_Ins-Loc,primary
kontingenz,Kontingenz,Bd04_Ins-Loc:0344:0268,Bd04_Ins-Loc,slash_half
kontinuativum,Kontinuativum,Bd04_Ins-Loc:0344:0269,Bd04_Ins-Loc,primary
kontinuitat,Kontinuität,Bd04_Ins-Loc:0345:0270,Bd04_Ins-Loc,primary
kontinuum,Kontinuum,Bd04_Ins-Loc:0346:0271,Bd04_Ins-Loc,primary
kontinuumhypothese,Kontinuumhypothese,Bd04_Ins-Loc:0349:0272,Bd04_Ins-Loc,primary
kontradiktion,Kontradiktion,Bd04_Ins-Loc:0350:0273,Bd04_Ins-Loc,slash_half
kontradiktorisch,kontradiktorisch,Bd04_Ins-Loc:0350:0273,Bd04_Ins-Loc,slash_half
kontradiktorisch/kontradiktion,kontradiktorisch/Kontradiktion,Bd04_Ins-Loc:0350:0273,Bd04_Ins-Loc,primary
kontrafaktisch,kontrafaktisch,Bd04_Ins-Loc:0351:0274,Bd04_Ins-Loc,primary
kontrainduktion,Kontrainduktion,Bd04_Ins-Loc:0351:0275,Bd04_Ins-Loc,primary
kontrajunktion,Kontrajunktion,Bd04_Ins-Loc:0351:0276,Bd04_Ins-Loc,primary
kontraktualismus,Kontraktualismus,Bd04_Ins-Loc:0351:0277,Bd04_Ins-Loc,primary
kontraposition,Kontraposition,Bd04_Ins-Loc:0354:0278,Bd04_Ins-Loc,primary
kontrar,konträr,Bd04_Ins-Loc:0354:0279,Bd04_Ins-Loc,slash_half
kontrar/kontraritat,konträr/Kontrarität,Bd04_Ins-Loc:0354:0279,Bd04_Ins-Loc,primary
kontraritat,Kontrarität,Bd04_Ins-Loc:0354:0279,Bd04_Ins-Loc,slash_half
kontravalenz,Kontravalenz,Bd04_Ins-Loc:0354:0280,Bd04_Ins-Loc,primary
konvention,Konvention,Bd04_Ins-Loc:0355:0281,Bd04_Ins-Loc,primary
konventionalismus,Konventionalismus,Bd04_Ins-Loc:0359:0282,Bd04_Ins-Loc,primary
konvergent,konvergent,Bd04_Ins-Loc:0362:0283,Bd04_Ins-Loc,slash_half
konvergent/konvergenz,konvergent/Konvergenz,Bd04_Ins-Loc:0362:0283,Bd04_Ins-Loc,primary
konvergenz,Konvergenz,Bd04_Ins-Loc:0362:0283,Bd04_Ins-Loc,slash_half
konvergenztheorie,Konvergenztheorie,Bd04_Ins-Loc:0362:0284,Bd04_Ins-Loc,primary
konvers,konvers,Bd04_Ins-Loc:0363:0285,Bd04_Ins-Loc,slash_half
konvers/konversion,konvers/Konversion,Bd04_Ins-Loc:0363:0285,Bd04_Ins-Loc,primary
konversationsmaxime,Konversationsmaxime,Bd04_Ins-Loc:0364:0286,Bd04_Ins-Loc,primary
konversion,Konversion,Bd04_Ins-Loc:0363:0285,Bd04_Ins-Loc,slash_half
konzentriert,konzentriert,Bd04_Ins-Loc:0364:0287,Bd04_Ins-Loc,primary
konzeptualismus,Konzeptualismus,Bd04_Ins-Loc:0364:0288,Bd04_Ins-Loc,primary
kooperation,Kooperation,Bd04_Ins-Loc:0365:0289,Bd04_Ins-Loc,primary
koordinaten,Koordinaten,Bd04_Ins-Loc:0367:0290,Bd04_Ins-Loc,primary
koordination,Koordination,Bd04_Ins-Loc:0369:0291,Bd04_Ins-Loc,primary
kopenhagener deutung,Kopenhagener Deutung,Bd04_Ins-Loc:0371:0292,Bd04_Ins-Loc,primary
kopernikanische wende,Kopernikanische Wende,Bd04_Ins-Loc:0373:0293,Bd04_Ins-Loc,primary
kopernikus,Kopernikus,Bd04_Ins-Loc:0374:0294,Bd04_Ins-Loc,primary
kopula,Kopula,Bd04_Ins-Loc:0379:0295,Bd04_Ins-Loc,primary
korner,Körner,Bd04_Ins-Loc:0380:0296,Bd04_Ins-Loc,primary
korper,Körper,Bd04_Ins-Loc:0382:0297,Bd04_Ins-Loc,primary
korper mathematisch,Körper (mathematisch),Bd04_Ins-Loc:0382:0298,Bd04_Ins-Loc,primary
"korper, starrer","Körper, starrer",Bd04_Ins-Loc:0383:0299,Bd04_Ins-Loc,primary
korpuskel-welle-dualismus,Korpuskel-Welle-Dualismus,Bd04_Ins-Loc:0384:0300,Bd04_Ins-Loc,primary
korrekt,korrekt,Bd04_Ins-Loc:0385:0301,Bd04_Ins-Loc,slash_half
korrekt/korrektheit,korrekt/Korrektheit,Bd04_Ins-Loc:0385:0301,Bd04_Ins-Loc,primary
korrektheit,Korrektheit,Bd04_Ins-Loc:0385:0301,Bd04_Ins-Loc,slash_half
korrelation,Korrelation,Bd04_Ins-Loc:0385:0302,Bd04_Ins-Loc,primary
korrelator,Korrelator,Bd04_Ins-Loc:0385:0303,Bd04_Ins-Loc,primary
korrespondenzprinzip,Korrespondenzprinzip,Bd04_Ins-Loc:0386:0304,Bd04_Ins-Loc,primary
korrespondenzregel,Korrespondenzregel,Bd04_Ins-Loc:0386:0305,Bd04_Ins-Loc,primary
korrespondenztheorie,Korrespondenztheorie,Bd04_Ins-Loc:0388:0306,Bd04_Ins-Loc,primary
korrespondenztheorie,Korrespondenztheorie,Bd08_Th-Z:0408:0399,Bd04_Ins-Loc,redirect_alias
kosmogonie,Kosmogonie,Bd04_Ins-Loc:0388:0307,Bd04_Ins-Loc,primary
kosmologie,Kosmologie,Bd04_Ins-Loc:0390:0308,Bd04_Ins-Loc,primary
kosmologische paradoxien,kosmologische Paradoxien,Bd06_O-Ra:0116:0091,Bd06_O-Ra,comma_inverted
kosmos,Kosmos,Bd04_Ins-Loc:0395:0309,Bd04_Ins-Loc,primary
kosten,Kosten,Bd04_Ins-Loc:0396:0310,Bd04_Ins-Loc,primary
kosten,Kosten,Bd04_Ins-Loc:0396:0311,Bd04_Ins-Loc,redirect_alias
kosten-nutzen-analyse,Kosten-Nutzen-Analyse,Bd04_Ins-Loc:0396:0311,Bd04_Ins-Loc,primary
kotarbiński,Kotarbiński,Bd04_Ins-Loc:0397:0312,Bd04_Ins-Loc,primary
kotext,Kotext,Bd04_Ins-Loc:0398:0313,Bd04_Ins-Loc,primary
kovarianz,Kovarianz,Bd04_Ins-Loc:0398:0314,Bd04_Ins-Loc,primary
kołakowski,Kołakowski,Bd04_Ins-Loc:0278:0188,Bd04_Ins-Loc,primary
kraft,Kraft,Bd04_Ins-Loc:0399:0315,Bd04_Ins-Loc,primary
kraft,Kraft,Bd04_Ins-Loc:0401:0316,Bd04_Ins-Loc,primary
krankheit,Krankheit,Bd04_Ins-Loc:0402:0317,Bd04_Ins-Loc,primary
krantor,Krantor,Bd04_Ins-Loc:0402:0318,Bd04_Ins-Loc,primary
krates von theben,Krates von Theben,Bd04_Ins-Loc:0403:0319,Bd04_Ins-Loc,primary
kratylos,Kratylos,Bd04_Ins-Loc:0404:0320,Bd04_Ins-Loc,primary
krause,Krause,Bd04_Ins-Loc:0405:0321,Bd04_Ins-Loc,primary
kreisel,Kreisel,Bd04_Ins-Loc:0406:0322,Bd04_Ins-Loc,primary
krieg,Krieg,Bd04_Ins-Loc:0408:0323,Bd04_Ins-Loc,primary
kripke,Kripke,Bd04_Ins-Loc:0409:0324,Bd04_Ins-Loc,primary
kripke-semantik,Kripke-Semantik,Bd04_Ins-Loc:0410:0325,Bd04_Ins-Loc,primary
krise,Krise,Bd04_Ins-Loc:0411:0326,Bd04_Ins-Loc,primary
kriterium,Kriterium,Bd04_Ins-Loc:0411:0327,Bd04_Ins-Loc,primary
kritik,Kritik,Bd04_Ins-Loc:0412:0328,Bd04_Ins-Loc,primary
"kritik, immanente","Kritik, immanente",Bd04_Ins-Loc:0414:0329,Bd04_Ins-Loc,primary
kritische prufung,kritische Prüfung,Bd06_O-Ra:0503:0402,Bd06_O-Ra,comma_inverted
kritische theorie,kritische Theorie,Bd08_Th-Z:0050:0022,Bd08_Th-Z,comma_inverted
kritische theorie,Kritische Theorie,Bd04_Ins-Loc:0414:0331,Bd04_Ins-Loc,primary
kritische theorie,Kritische Theorie,Bd08_Th-Z:0050:0022,Bd04_Ins-Loc,redirect_alias
kritischer idealismus,kritischer Idealismus,Bd03_G-Inn:0528:0376,Bd03_G-Inn,comma_inverted
kritischer rationalismus,kritischer Rationalismus,Bd06_O-Ra:0601:0481,Bd06_O-Ra,comma_inverted
kritischer rationalismus,Kritischer Rationalismus,Bd04_Ins-Loc:0414:0330,Bd04_Ins-Loc,primary
kritischer rationalismus,Kritischer Rationalismus,Bd06_O-Ra:0601:0481,Bd04_Ins-Loc,redirect_alias
kritischer realismus,kritischer Realismus,Bd07_Re-Te:0030:0009,Bd07_Re-Te,comma_inverted
kritizismus,Kritizismus,Bd04_Ins-Loc:0414:0332,Bd04_Ins-Loc,primary
krokodilschluss,Krokodilschluß,Bd04_Ins-Loc:0415:0333,Bd04_Ins-Loc,primary
kronecker,Kronecker,Bd04_Ins-Loc:0416:0334,Bd04_Ins-Loc,primary
kronfeld,Kronfeld,Bd04_Ins-Loc:0417:0335,Bd04_Ins-Loc,primary
kropotkin,Kropotkin,Bd04_Ins-Loc:0418:0336,Bd04_Ins-Loc,primary
krug,Krug,Bd04_Ins-Loc:0419:0337,Bd04_Ins-Loc,primary
kuan-tzu,Kuan-Tzu,Bd04_Ins-Loc:0419:0338,Bd04_Ins-Loc,primary
kuhn,Kuhn,Bd04_Ins-Loc:0420:0339,Bd04_Ins-Loc,primary
kulpe,Külpe,Bd04_Ins-Loc:0423:0340,Bd04_Ins-Loc,primary
kultur,Kultur,Bd04_Ins-Loc:0425:0341,Bd04_Ins-Loc,primary
"kulturalismus, methodischer","Kulturalismus, methodischer",Bd04_Ins-Loc:0428:0342,Bd04_Ins-Loc,primary
kulturanthropologie,Kulturanthropologie,Bd04_Ins-Loc:0429:0343,Bd04_Ins-Loc,primary
kulturphilosophie,Kulturphilosophie,Bd04_Ins-Loc:0429:0344,Bd04_Ins-Loc,primary
kulturwissenschaften,Kulturwissenschaften,Bd04_Ins-Loc:0431:0345,Bd04_Ins-Loc,primary
kumārila,Kumārila,Bd04_Ins-Loc:0434:0346,Bd04_Ins-Loc,primary
kung-sun lung,Kung-sun Lung,Bd04_Ins-Loc:0435:0347,Bd04_Ins-Loc,primary
kunst,Kunst,Bd04_Ins-Loc:0435:0348,Bd04_Ins-Loc,primary
kunstliche intelligenz,künstliche Intelligenz,Bd04_Ins-Loc:0032:0011,Bd04_Ins-Loc,comma_inverted
kunstsprache,Kunstsprache,Bd04_Ins-Loc:0440:0349,Bd04_Ins-Loc,primary
kuratowski,Kuratowski,Bd04_Ins-Loc:0440:0350,Bd04_Ins-Loc,primary
kurzungsregel,Kürzungsregel,Bd04_Ins-Loc:0441:0351,Bd04_Ins-Loc,primary
kurzungsregel,Kürzungsregel,Bd08_Th-Z:0332:0309,Bd04_Ins-Loc,redirect_alias
kybernetik,Kybernetik,Bd04_Ins-Loc:0441:0352,Bd04_Ins-Loc,primary
kynismus,Kynismus,Bd04_Ins-Loc:0444:0353,Bd04_Ins-Loc,primary
kāla,kāla,Bd04_Ins-Loc:0155:0101,Bd04_Ins-Loc,primary
kālacakrayāna,Kālacakrayāna,Bd04_Ins-Loc:0156:0102,Bd04_Ins-Loc,primary
kāran.a,kāran.a,Bd04_Ins-Loc:0183:0115,Bd04_Ins-Loc,primary
kārikā,kārikā,Bd04_Ins-Loc:0184:0118,Bd04_Ins-Loc,primary
k’ang yu-wei,K’ang Yu-Wei,Bd04_Ins-Loc:0164:0110,Bd04_Ins-Loc,primary
l-begriffe,L-Begriffe,Bd04_Ins-Loc:0494:0392,Bd04_Ins-Loc,primary
l-begriffe,L-Begriffe,Bd05_Log-N:0144:0097,Bd04_Ins-Loc,redirect_alias
l-semantik,L-Semantik,Bd05_Log-N:0144:0097,Bd05_Log-N,primary
la mettrie,La Mettrie,Bd04_Ins-Loc:0467:0370,Bd04_Ins-Loc,primary
la rochefoucauld,La Rochefoucauld,Bd04_Ins-Loc:0481:0382,Bd04_Ins-Loc,primary
laas,Laas,Bd04_Ins-Loc:0446:0354,Bd04_Ins-Loc,primary
lacan,Lacan,Bd04_Ins-Loc:0446:0355,Bd04_Ins-Loc,primary
lachelier,Lachelier,Bd04_Ins-Loc:0449:0356,Bd04_Ins-Loc,primary
ladung,Ladung,Bd04_Ins-Loc:0450:0357,Bd04_Ins-Loc,primary
lagrange,Lagrange,Bd04_Ins-Loc:0451:0358,Bd04_Ins-Loc,primary
lakatos,Lakatos,Bd04_Ins-Loc:0454:0359,Bd04_Ins-Loc,primary
laks.an.a,laks.an.a,Bd04_Ins-Loc:0456:0360,Bd04_Ins-Loc,primary
lakydes von kyrene,Lakydes von Kyrene,Bd04_Ins-Loc:0456:0361,Bd04_Ins-Loc,primary
lalande,Lalande,Bd04_Ins-Loc:0457:0362,Bd04_Ins-Loc,primary
lamarck,Lamarck,Bd04_Ins-Loc:0458:0363,Bd04_Ins-Loc,primary
lamarckismus,Lamarckismus,Bd04_Ins-Loc:0459:0364,Bd04_Ins-Loc,primary
lambda-kalkul,Lambda-Kalkül,Bd04_Ins-Loc:0461:0365,Bd04_Ins-Loc,primary
lambda-operator,Lambda-Operator,Bd04_Ins-Loc:0463:0366,Bd04_Ins-Loc,primary
lambert,Lambert,Bd04_Ins-Loc:0463:0367,Bd04_Ins-Loc,primary
lambert,Lambert,Bd04_Ins-Loc:0466:0369,Bd04_Ins-Loc,primary
lambert-diagramme,Lambert-Diagramme,Bd04_Ins-Loc:0466:0368,Bd04_Ins-Loc,primary
landau,Landau,Bd04_Ins-Loc:0469:0371,Bd04_Ins-Loc,primary
landgrebe,Landgrebe,Bd04_Ins-Loc:0469:0372,Bd04_Ins-Loc,primary
lanfranc,Lanfranc,Bd04_Ins-Loc:0471:0373,Bd04_Ins-Loc,primary
lange,Lange,Bd04_Ins-Loc:0471:0374,Bd04_Ins-Loc,primary
lange,Länge,Bd04_Ins-Loc:0473:0375,Bd04_Ins-Loc,primary
langer,Langer,Bd04_Ins-Loc:0474:0376,Bd04_Ins-Loc,primary
langeweile,Langeweile,Bd04_Ins-Loc:0475:0377,Bd04_Ins-Loc,primary
langue,langue,Bd04_Ins-Loc:0478:0378,Bd04_Ins-Loc,slash_half
langue/parole,langue/parole,Bd04_Ins-Loc:0478:0378,Bd04_Ins-Loc,primary
lao tzu,Lao Tzu,Bd04_Ins-Loc:0479:0379,Bd04_Ins-Loc,primary
laplace,Laplace,Bd04_Ins-Loc:0479:0380,Bd04_Ins-Loc,primary
laplacescher damon,Laplacescher Dämon,Bd04_Ins-Loc:0480:0381,Bd04_Ins-Loc,primary
lask,Lask,Bd04_Ins-Loc:0483:0383,Bd04_Ins-Loc,primary
lasker,Lasker,Bd04_Ins-Loc:0484:0384,Bd04_Ins-Loc,primary
lassalle,Lassalle,Bd04_Ins-Loc:0485:0385,Bd04_Ins-Loc,primary
lasson,Lasson,Bd04_Ins-Loc:0487:0386,Bd04_Ins-Loc,primary
lasswitz,Laßwitz,Bd04_Ins-Loc:0488:0387,Bd04_Ins-Loc,primary
laue,Laue,Bd04_Ins-Loc:0489:0388,Bd04_Ins-Loc,primary
lautman,Lautman,Bd04_Ins-Loc:0490:0389,Bd04_Ins-Loc,primary
lavater,Lavater,Bd04_Ins-Loc:0490:0390,Bd04_Ins-Loc,primary
lavoisier,Lavoisier,Bd04_Ins-Loc:0492:0391,Bd04_Ins-Loc,primary
leben,Leben,Bd04_Ins-Loc:0494:0393,Bd04_Ins-Loc,primary
"leben, gutes","Leben, gutes",Bd04_Ins-Loc:0497:0394,Bd04_Ins-Loc,primary
"leben, vernunftiges","Leben, vernünftiges",Bd04_Ins-Loc:0498:0395,Bd04_Ins-Loc,primary
lebensform,Lebensform,Bd04_Ins-Loc:0498:0396,Bd04_Ins-Loc,primary
lebensphilosophie,Lebensphilosophie,Bd04_Ins-Loc:0500:0397,Bd04_Ins-Loc,primary
lebensqualitat,Lebensqualität,Bd04_Ins-Loc:0501:0398,Bd04_Ins-Loc,primary
lebenswelt,Lebenswelt,Bd04_Ins-Loc:0502:0399,Bd04_Ins-Loc,primary
lebensweltliches apriori,lebensweltliches Apriori,Bd01_A-B:0209:0301,Bd01_A-B,comma_inverted
lebenswissenschaften,Lebenswissenschaften,Bd04_Ins-Loc:0507:0400,Bd04_Ins-Loc,primary
lebesgue,Lebesgue,Bd04_Ins-Loc:0508:0401,Bd04_Ins-Loc,primary
leere klasse,leere Klasse,Bd04_Ins-Loc:0247:0162,Bd04_Ins-Loc,comma_inverted
leere menge,leere Menge,Bd05_Log-N:0350:0242,Bd05_Log-N,comma_inverted
leere quantifikation,leere Quantifikation,Bd06_O-Ra:0561:0436,Bd06_O-Ra,comma_inverted
"leere, das","Leere, das",Bd04_Ins-Loc:0508:0402,Bd04_Ins-Loc,primary
leerformel,Leerformel,Bd04_Ins-Loc:0510:0403,Bd04_Ins-Loc,primary
leerpradikator,Leerprädikator,Bd04_Ins-Loc:0510:0404,Bd04_Ins-Loc,primary
leerstelle,Leerstelle,Bd04_Ins-Loc:0510:0405,Bd04_Ins-Loc,primary
leerstelle,Leerstelle,Bd08_Th-Z:0278:0252,Bd04_Ins-Loc,redirect_alias
lefebvre,Lefebvre,Bd04_Ins-Loc:0510:0406,Bd04_Ins-Loc,primary
lef�vre d’�taples,Lef�vre d’�taples,Bd04_Ins-Loc:0511:0407,Bd04_Ins-Loc,primary
lef�vre d’�taples,Lef�vre d’�taples,Bd02_C-F:0485:0537,Bd04_Ins-Loc,redirect_alias
legalisten,Legalisten,Bd04_Ins-Loc:0511:0408,Bd04_Ins-Loc,primary
legalitat,Legalität,Bd04_Ins-Loc:0512:0409,Bd04_Ins-Loc,primary
legitimitat,Legitimität,Bd04_Ins-Loc:0514:0410,Bd04_Ins-Loc,primary
legrand,Legrand,Bd04_Ins-Loc:0514:0411,Bd04_Ins-Loc,primary
lehr- und lernbarkeit,Lehr- und Lernbarkeit,Bd04_Ins-Loc:0516:0414,Bd04_Ins-Loc,primary
lehr- und lernsituation,Lehr- und Lernsituation,Bd04_Ins-Loc:0518:0415,Bd04_Ins-Loc,primary
lehren und lernen,Lehren und Lernen,Bd04_Ins-Loc:0515:0412,Bd04_Ins-Loc,primary
lehrsatz,Lehrsatz,Bd04_Ins-Loc:0516:0413,Bd04_Ins-Loc,primary
lehrsatz,Lehrsatz,Bd08_Th-Z:0039:0016,Bd04_Ins-Loc,redirect_alias
leib,Leib,Bd04_Ins-Loc:0519:0416,Bd04_Ins-Loc,primary
leib-seele-problem,Leib-Seele-Problem,Bd04_Ins-Loc:0545:0423,Bd04_Ins-Loc,primary
leibapriori,Leibapriori,Bd04_Ins-Loc:0523:0417,Bd04_Ins-Loc,primary
leibniz,Leibniz,Bd04_Ins-Loc:0524:0418,Bd04_Ins-Loc,primary
leibniz-wolffsche philosophie,Leibniz-Wolffsche Philosophie,Bd04_Ins-Loc:0544:0422,Bd04_Ins-Loc,primary
leibnizprogramm,Leibnizprogramm,Bd04_Ins-Loc:0543:0419,Bd04_Ins-Loc,primary
leibnizsche charakteristik,Leibnizsche Charakteristik,Bd04_Ins-Loc:0543:0420,Bd04_Ins-Loc,primary
leibnizsches gesetz,Leibnizsches Gesetz,Bd04_Ins-Loc:0544:0421,Bd04_Ins-Loc,primary
leid en,Leid(en),Bd04_Ins-Loc:0549:0424,Bd04_Ins-Loc,primary
lekton,Lekton,Bd04_Ins-Loc:0550:0425,Bd04_Ins-Loc,primary
lem,Lem,Bd04_Ins-Loc:0551:0426,Bd04_Ins-Loc,primary
lemma,Lemma,Bd04_Ins-Loc:0553:0427,Bd04_Ins-Loc,primary
lenin,Lenin,Bd04_Ins-Loc:0553:0428,Bd04_Ins-Loc,primary
leninismus,Leninismus,Bd04_Ins-Loc:0556:0429,Bd04_Ins-Loc,primary
leninismus,Leninismus,Bd05_Log-N:0254:0176,Bd04_Ins-Loc,redirect_alias
leo hebraeus,Leo Hebraeus,Bd04_Ins-Loc:0556:0430,Bd04_Ins-Loc,primary
leo hebraeus,Leo Hebraeus,Bd01_A-B:0037:0022,Bd04_Ins-Loc,redirect_alias
leonardo da vinci,Leonardo da Vinci,Bd04_Ins-Loc:0556:0431,Bd04_Ins-Loc,primary
leroy,LeRoy,Bd04_Ins-Loc:0560:0432,Bd04_Ins-Loc,primary
lesage,Lesage,Bd04_Ins-Loc:0562:0433,Bd04_Ins-Loc,primary
lessing,Lessing,Bd04_Ins-Loc:0565:0435,Bd04_Ins-Loc,primary
lessing,Lessing,Bd04_Ins-Loc:0568:0436,Bd04_Ins-Loc,primary
letztbegrundung,Letztbegründung,Bd04_Ins-Loc:0569:0437,Bd04_Ins-Loc,primary
leukippos,Leukippos,Bd04_Ins-Loc:0572:0438,Bd04_Ins-Loc,primary
levi ben gerson,Levi Ben Gerson,Bd04_Ins-Loc:0573:0439,Bd04_Ins-Loc,primary
levi-strauss,Lévi-Strauss,Bd04_Ins-Loc:0576:0441,Bd04_Ins-Loc,primary
levinas,Lévinas,Bd04_Ins-Loc:0575:0440,Bd04_Ins-Loc,primary
levy-bruhl,Lévy-Bruhl,Bd04_Ins-Loc:0578:0442,Bd04_Ins-Loc,primary
lewin,Lewin,Bd04_Ins-Loc:0579:0443,Bd04_Ins-Loc,primary
lewis,Lewis,Bd04_Ins-Loc:0580:0444,Bd04_Ins-Loc,primary
lewis,Lewis,Bd04_Ins-Loc:0582:0445,Bd04_Ins-Loc,primary
lexem,Lexem,Bd04_Ins-Loc:0584:0446,Bd04_Ins-Loc,primary
lexikon,Lexikon,Bd04_Ins-Loc:0584:0447,Bd04_Ins-Loc,primary
leśniewski,Leśniewski,Bd04_Ins-Loc:0563:0434,Bd04_Ins-Loc,primary
liberalismus,Liberalismus,Bd04_Ins-Loc:0585:0449,Bd04_Ins-Loc,primary
libertarianismus,Libertarianismus,Bd04_Ins-Loc:0587:0450,Bd04_Ins-Loc,primary
libido,Libido,Bd04_Ins-Loc:0588:0451,Bd04_Ins-Loc,primary
lichtenberg,Lichtenberg,Bd04_Ins-Loc:0589:0452,Bd04_Ins-Loc,primary
lichtmetaphysik,Lichtmetaphysik,Bd04_Ins-Loc:0590:0453,Bd04_Ins-Loc,primary
liebe,Liebe,Bd04_Ins-Loc:0591:0454,Bd04_Ins-Loc,primary
liebmann,Liebmann,Bd04_Ins-Loc:0594:0455,Bd04_Ins-Loc,primary
lieh tzu,Lieh Tzu,Bd04_Ins-Loc:0595:0456,Bd04_Ins-Loc,primary
limes,Limes,Bd04_Ins-Loc:0596:0457,Bd04_Ins-Loc,primary
limitation,Limitation,Bd04_Ins-Loc:0596:0458,Bd04_Ins-Loc,primary
limitation,Limitation,Bd08_Th-Z:0257:0231,Bd04_Ins-Loc,redirect_alias
limitatives urteil,limitatives Urteil,Bd08_Th-Z:0256:0224,Bd08_Th-Z,comma_inverted
lindenbaum-algebra,Lindenbaum-Algebra,Bd04_Ins-Loc:0596:0459,Bd04_Ins-Loc,primary
lineare logik,lineare Logik,Bd05_Log-N:0079:0040,Bd05_Log-N,comma_inverted
linearkombination,Linearkombination,Bd04_Ins-Loc:0596:0460,Bd04_Ins-Loc,primary
lingua universalis,lingua universalis,Bd04_Ins-Loc:0596:0461,Bd04_Ins-Loc,primary
linguistik,Linguistik,Bd04_Ins-Loc:0597:0462,Bd04_Ins-Loc,primary
linguistische wende,linguistische Wende,Bd08_Th-Z:0480:0451,Bd08_Th-Z,comma_inverted
linguistischer phanomenalismus,linguistischer Phänomenalismus,Bd06_O-Ra:0194:0174,Bd06_O-Ra,comma_inverted
linguistisches relativitatsprinzip,linguistisches Relativitätsprinzip,Bd07_Re-Te:0100:0078,Bd07_Re-Te,comma_inverted
liniengleichnis,Liniengleichnis,Bd04_Ins-Loc:0601:0463,Bd04_Ins-Loc,primary
linkshegelianismus,Linkshegelianismus,Bd04_Ins-Loc:0603:0464,Bd04_Ins-Loc,primary
linkshegelianismus,Linkshegelianismus,Bd03_G-Inn:0331:0245,Bd04_Ins-Loc,redirect_alias
linne,Linné,Bd04_Ins-Loc:0603:0465,Bd04_Ins-Loc,primary
lipps,Lipps,Bd04_Ins-Loc:0605:0466,Bd04_Ins-Loc,primary
lipps,Lipps,Bd04_Ins-Loc:0606:0467,Bd04_Ins-Loc,primary
lipsius,Lipsius,Bd04_Ins-Loc:0606:0468,Bd04_Ins-Loc,primary
list der vernunft,List der Vernunft,Bd04_Ins-Loc:0608:0469,Bd04_Ins-Loc,primary
literarische fiktion,literarische Fiktion,Bd02_C-F:0519:0577,Bd02_C-F,comma_inverted
litt,Litt,Bd04_Ins-Loc:0608:0470,Bd04_Ins-Loc,primary
lmpradikativitat,lmprädikativität,Bd03_G-Inn:0586:0434,Bd03_G-Inn,slash_half
lobatschewski,Lobatschewski,Bd04_Ins-Loc:0610:0471,Bd04_Ins-Loc,primary
locke,Locke,Bd04_Ins-Loc:0611:0472,Bd04_Ins-Loc,primary
logica antiqua,logica antiqua,Bd05_Log-N:0021:0001,Bd05_Log-N,primary
logica moderna,logica moderna,Bd05_Log-N:0021:0002,Bd05_Log-N,primary
logica moderna,logica moderna,Bd05_Log-N:0021:0001,Bd05_Log-N,redirect_alias
logica nova,logica nova,Bd05_Log-N:0021:0003,Bd05_Log-N,primary
logica nova,logica nova,Bd05_Log-N:0021:0001,Bd05_Log-N,redirect_alias
logica vetus,logica vetus,Bd05_Log-N:0021:0004,Bd05_Log-N,primary
logica vetus,logica vetus,Bd05_Log-N:0021:0001,Bd05_Log-N,redirect_alias
logik,Logik,Bd05_Log-N:0021:0005,Bd05_Log-N,primary
logik der forschung,Logik der Forschung,Bd05_Log-N:0114:0067,Bd05_Log-N,primary
logik der frage,Logik der Frage,Bd05_Log-N:0115:0068,Bd05_Log-N,primary
logik der frage,Logik der Frage,Bd04_Ins-Loc:0062:0032,Bd05_Log-N,redirect_alias
logik der imperative,Logik der Imperative,Bd05_Log-N:0115:0069,Bd05_Log-N,primary
logik der imperative,Logik der Imperative,Bd03_G-Inn:0575:0422,Bd05_Log-N,redirect_alias
logik des,Logik des,Bd05_Log-N:0115:0070,Bd05_Log-N,primary
logik des scheins,Logik des Scheins,Bd05_Log-N:0117:0071,Bd05_Log-N,primary
logik von port-royal,Logik von Port-Royal,Bd05_Log-N:0121:0074,Bd05_Log-N,primary
logik von port-royal,Logik von Port-Royal,Bd06_O-Ra:0399:0274,Bd05_Log-N,redirect_alias
"logik, 2. stufe","Logik, 2. Stufe",Bd05_Log-N:0112:0064,Bd05_Log-N,primary
"logik, 2. stufe","Logik, 2. Stufe",Bd06_O-Ra:0414:0299,Bd05_Log-N,redirect_alias
"logik, algebraische","Logik, algebraische",Bd05_Log-N:0025:0006,Bd05_Log-N,primary
"logik, antike","Logik, antike",Bd05_Log-N:0029:0007,Bd05_Log-N,primary
"logik, arabische","Logik, arabische",Bd05_Log-N:0030:0008,Bd05_Log-N,primary
"logik, aristotelische","Logik, Aristotelische",Bd05_Log-N:0032:0009,Bd05_Log-N,primary
"logik, aristotelische","Logik, Aristotelische",Bd01_A-B:0245:0344,Bd05_Log-N,redirect_alias
"logik, axiologische","Logik, axiologische",Bd05_Log-N:0032:0010,Bd05_Log-N,primary
"logik, chinesische","Logik, chinesische",Bd05_Log-N:0033:0011,Bd05_Log-N,primary
"logik, deduktive","Logik, deduktive",Bd05_Log-N:0033:0012,Bd05_Log-N,primary
"logik, deontische","Logik, deontische",Bd05_Log-N:0034:0013,Bd05_Log-N,primary
"logik, dialektische","Logik, dialektische",Bd05_Log-N:0041:0014,Bd05_Log-N,primary
"logik, dialogische","Logik, dialogische",Bd05_Log-N:0042:0015,Bd05_Log-N,primary
"logik, doxastische","Logik, doxastische",Bd05_Log-N:0045:0016,Bd05_Log-N,primary
"logik, doxastische","Logik, doxastische",Bd05_Log-N:0046:0019,Bd05_Log-N,redirect_alias
"logik, dynamische","Logik, dynamische",Bd05_Log-N:0045:0017,Bd05_Log-N,primary
"logik, effektive","Logik, effektive",Bd05_Log-N:0046:0018,Bd05_Log-N,primary
"logik, epistemische","Logik, epistemische",Bd05_Log-N:0046:0019,Bd05_Log-N,primary
"logik, erotetische","Logik, erotetische",Bd05_Log-N:0050:0020,Bd05_Log-N,primary
"logik, erotetische","Logik, erotetische",Bd04_Ins-Loc:0062:0032,Bd05_Log-N,redirect_alias
"logik, extensionale","Logik, extensionale",Bd05_Log-N:0050:0021,Bd05_Log-N,primary
"logik, formale","Logik, formale",Bd05_Log-N:0050:0022,Bd05_Log-N,primary
"logik, freie","Logik, freie",Bd05_Log-N:0054:0023,Bd05_Log-N,primary
"logik, hegelsche","Logik, Hegelsche",Bd05_Log-N:0055:0024,Bd05_Log-N,primary
"logik, hegelsche","Logik, Hegelsche",Bd03_G-Inn:0335:0246,Bd05_Log-N,redirect_alias
"logik, hermeneutische","Logik, hermeneutische",Bd05_Log-N:0055:0025,Bd05_Log-N,primary
"logik, historische","Logik, historische",Bd05_Log-N:0056:0026,Bd05_Log-N,primary
"logik, indische","Logik, indische",Bd05_Log-N:0057:0027,Bd05_Log-N,primary
"logik, induktive","Logik, induktive",Bd05_Log-N:0063:0028,Bd05_Log-N,primary
"logik, infinitare","Logik, infinitäre",Bd05_Log-N:0064:0029,Bd05_Log-N,primary
"logik, informelle","Logik, informelle",Bd05_Log-N:0065:0030,Bd05_Log-N,primary
"logik, inklusive","Logik, inklusive",Bd05_Log-N:0067:0031,Bd05_Log-N,primary
"logik, inklusive","Logik, inklusive",Bd05_Log-N:0054:0023,Bd05_Log-N,redirect_alias
"logik, intensionale","Logik, intensionale",Bd05_Log-N:0067:0032,Bd05_Log-N,primary
"logik, intermediare","Logik, intermediäre",Bd05_Log-N:0068:0033,Bd05_Log-N,primary
"logik, intuitionistische","Logik, intuitionistische",Bd05_Log-N:0068:0034,Bd05_Log-N,primary
"logik, juristische","Logik, juristische",Bd05_Log-N:0072:0035,Bd05_Log-N,primary
"logik, klassische","Logik, klassische",Bd05_Log-N:0075:0036,Bd05_Log-N,primary
"logik, kombinatorische","Logik, kombinatorische",Bd05_Log-N:0076:0037,Bd05_Log-N,primary
"logik, konnexe","Logik, konnexe",Bd05_Log-N:0077:0038,Bd05_Log-N,primary
"logik, konstruktive","Logik, konstruktive",Bd05_Log-N:0078:0039,Bd05_Log-N,primary
"logik, lineare","Logik, lineare",Bd05_Log-N:0079:0040,Bd05_Log-N,primary
"logik, mathematische","Logik, mathematische",Bd05_Log-N:0080:0041,Bd05_Log-N,primary
"logik, mehrwertige","Logik, mehrwertige",Bd05_Log-N:0081:0042,Bd05_Log-N,primary
"logik, metrische","Logik, metrische",Bd05_Log-N:0084:0043,Bd05_Log-N,primary
"logik, mittelalterliche","Logik, mittelalterliche",Bd05_Log-N:0084:0044,Bd05_Log-N,primary
"logik, modale","Logik, modale",Bd05_Log-N:0087:0045,Bd05_Log-N,primary
"logik, modale","Logik, modale",Bd05_Log-N:0439:0336,Bd05_Log-N,redirect_alias
"logik, nicht-klassische","Logik, nicht-klassische",Bd05_Log-N:0087:0046,Bd05_Log-N,primary
"logik, nichtmonotone","Logik, nichtmonotone",Bd05_Log-N:0087:0047,Bd05_Log-N,primary
"logik, nominalistische","Logik, nominalistische",Bd05_Log-N:0091:0048,Bd05_Log-N,primary
"logik, normative","Logik, normative",Bd05_Log-N:0092:0049,Bd05_Log-N,primary
"logik, operative","Logik, operative",Bd05_Log-N:0092:0050,Bd05_Log-N,primary
"logik, parakonsistente","Logik, parakonsistente",Bd05_Log-N:0095:0051,Bd05_Log-N,primary
"logik, philosophische","Logik, philosophische",Bd05_Log-N:0097:0052,Bd05_Log-N,primary
"logik, positive","Logik, positive",Bd05_Log-N:0098:0053,Bd05_Log-N,primary
"logik, probabilistische","Logik, probabilistische",Bd05_Log-N:0099:0054,Bd05_Log-N,primary
"logik, spekulative","Logik, spekulative",Bd05_Log-N:0099:0055,Bd05_Log-N,primary
"logik, stoische","Logik, stoische",Bd05_Log-N:0099:0056,Bd05_Log-N,primary
"logik, strenge","Logik, strenge",Bd05_Log-N:0102:0057,Bd05_Log-N,primary
"logik, substrukturelle","Logik, substrukturelle",Bd05_Log-N:0102:0058,Bd05_Log-N,primary
"logik, symbolische","Logik, symbolische",Bd05_Log-N:0102:0059,Bd05_Log-N,primary
"logik, symbolische","Logik, symbolische",Bd05_Log-N:0050:0022,Bd05_Log-N,redirect_alias
"logik, temporale","Logik, temporale",Bd05_Log-N:0102:0060,Bd05_Log-N,primary
"logik, topologische","Logik, topologische",Bd05_Log-N:0107:0061,Bd05_Log-N,primary
"logik, traditionelle","Logik, traditionelle",Bd05_Log-N:0109:0062,Bd05_Log-N,primary
"logik, transzendentale","Logik, transzendentale",Bd05_Log-N:0110:0063,Bd05_Log-N,primary
"logik, zweiwertige","Logik, zweiwertige",Bd05_Log-N:0112:0065,Bd05_Log-N,primary
logikbegrundung,Logikbegründung,Bd05_Log-N:0112:0066,Bd05_Log-N,primary
logikkalkul,Logikkalkül,Bd05_Log-N:0117:0072,Bd05_Log-N,primary
logikmaschinen,Logikmaschinen,Bd05_Log-N:0121:0073,Bd05_Log-N,primary
logikmaschinen,Logikmaschinen,Bd05_Log-N:0255:0178,Bd05_Log-N,redirect_alias
logisch falsch,logisch falsch,Bd05_Log-N:0121:0079,Bd05_Log-N,primary
logisch wahr,logisch wahr,Bd05_Log-N:0121:0080,Bd05_Log-N,primary
logische analyse,logische Analyse,Bd01_A-B:0145:0196,Bd01_A-B,comma_inverted
logische antinomien,logische Antinomien,Bd01_A-B:0186:0253,Bd01_A-B,comma_inverted
logische diagramme,logische Diagramme,Bd02_C-F:0198:0222,Bd02_C-F,comma_inverted
logische grammatik,logische Grammatik,Bd03_G-Inn:0213:0157,Bd03_G-Inn,comma_inverted
logische konstante,logische Konstante,Bd04_Ins-Loc:0326:0250,Bd04_Ins-Loc,comma_inverted
logische maschine,logische Maschine,Bd05_Log-N:0255:0177,Bd05_Log-N,comma_inverted
logische matrix,logische Matrix,Bd05_Log-N:0291:0203,Bd05_Log-N,comma_inverted
logische notation,logische Notation,Bd05_Log-N:0633:0503,Bd05_Log-N,comma_inverted
logische partikel,logische Partikel,Bd06_O-Ra:0140:0113,Bd06_O-Ra,comma_inverted
logische propadeutik,Logische Propädeutik,Bd05_Log-N:0121:0075,Bd05_Log-N,primary
logische propadeutik,Logische Propädeutik,Bd06_O-Ra:0476:0376,Bd05_Log-N,redirect_alias
logische semantik,logische Semantik,Bd07_Re-Te:0365:0288,Bd07_Re-Te,comma_inverted
logische symbolik,logische Symbolik,Bd07_Re-Te:0626:0533,Bd07_Re-Te,comma_inverted
logische syntax,logische Syntax,Bd07_Re-Te:0645:0553,Bd07_Re-Te,comma_inverted
logischer atomismus,logischer Atomismus,Bd01_A-B:0306:0395,Bd01_A-B,comma_inverted
logischer atomismus,Logischer Atomismus,Bd05_Log-N:0121:0076,Bd05_Log-N,primary
logischer atomismus,Logischer Atomismus,Bd01_A-B:0306:0395,Bd05_Log-N,redirect_alias
logischer empirismus,logischer Empirismus,Bd02_C-F:0339:0390,Bd02_C-F,comma_inverted
logischer empirismus,Logischer Empirismus,Bd05_Log-N:0121:0077,Bd05_Log-N,primary
logischer empirismus,Logischer Empirismus,Bd02_C-F:0339:0390,Bd05_Log-N,redirect_alias
logischer positivismus,logischer Positivismus,Bd06_O-Ra:0406:0280,Bd06_O-Ra,comma_inverted
logischer positivismus,Logischer Positivismus,Bd05_Log-N:0121:0078,Bd05_Log-N,primary
logischer raum,logischer Raum,Bd06_O-Ra:0629:0486,Bd06_O-Ra,comma_inverted
logisches atom,logisches Atom,Bd01_A-B:0304:0392,Bd01_A-B,comma_inverted
logisches quadrat,logisches Quadrat,Bd06_O-Ra:0543:0426,Bd06_O-Ra,comma_inverted
logisches tableau,logisches Tableau,Bd07_Re-Te:0663:0567,Bd07_Re-Te,comma_inverted
logistik,Logistik,Bd05_Log-N:0121:0081,Bd05_Log-N,primary
logizismus,Logizismus,Bd05_Log-N:0121:0082,Bd05_Log-N,primary
logos,Logos,Bd05_Log-N:0123:0083,Bd05_Log-N,primary
lokāyata,Lokāyata,Bd05_Log-N:0126:0084,Bd05_Log-N,primary
lomonossow,Lomonossow,Bd05_Log-N:0128:0085,Bd05_Log-N,primary
longinos,Longinos,Bd05_Log-N:0129:0086,Bd05_Log-N,primary
lorentz,Lorentz,Bd05_Log-N:0129:0087,Bd05_Log-N,primary
lorentz-invarianz,Lorentz-Invarianz,Bd05_Log-N:0131:0088,Bd05_Log-N,primary
lorenzen,Lorenzen,Bd05_Log-N:0132:0089,Bd05_Log-N,primary
losskij,Losskij,Bd05_Log-N:0135:0090,Bd05_Log-N,primary
lotman,Lotman,Bd05_Log-N:0136:0091,Bd05_Log-N,primary
lotze,Lotze,Bd05_Log-N:0137:0092,Bd05_Log-N,primary
lovejoy,Lovejoy,Bd05_Log-N:0139:0093,Bd05_Log-N,primary
lowenheim,Löwenheim,Bd05_Log-N:0140:0094,Bd05_Log-N,primary
lowenheimscher satz,Löwenheimscher Satz,Bd05_Log-N:0141:0095,Bd05_Log-N,primary
lowith,Löwith,Bd05_Log-N:0142:0096,Bd05_Log-N,primary
lu chiu-yuan,Lu Chiu-yüan,Bd05_Log-N:0145:0098,Bd05_Log-N,primary
lu pu-wei,Lü Pu-wei,Bd05_Log-N:0163:0108,Bd05_Log-N,primary
luge,Lüge,Bd05_Log-N:0145:0099,Bd05_Log-N,primary
lugner-paradoxie,Lügner-Paradoxie,Bd05_Log-N:0149:0100,Bd05_Log-N,primary
luhmann,Luhmann,Bd05_Log-N:0151:0101,Bd05_Log-N,primary
lukacs,Lukács,Bd05_Log-N:0154:0102,Bd05_Log-N,primary
lukrez,Lukrez,Bd05_Log-N:0159:0104,Bd05_Log-N,primary
lullus,Lullus,Bd05_Log-N:0160:0105,Bd05_Log-N,primary
lumen naturale,lumen naturale,Bd05_Log-N:0162:0106,Bd05_Log-N,primary
lun-yu,Lun-yü,Bd05_Log-N:0163:0107,Bd05_Log-N,primary
lun-yu,Lun-yü,Bd04_Ins-Loc:0310:0223,Bd05_Log-N,redirect_alias
lust,Lust,Bd05_Log-N:0163:0109,Bd05_Log-N,primary
luther,Luther,Bd05_Log-N:0166:0110,Bd05_Log-N,primary
luxemburg,Luxemburg,Bd05_Log-N:0168:0111,Bd05_Log-N,primary
lykon von troas,Lykon von Troas,Bd05_Log-N:0170:0112,Bd05_Log-N,primary
lyotard,Lyotard,Bd05_Log-N:0170:0113,Bd05_Log-N,primary
l’hospital,L’Hospital,Bd04_Ins-Loc:0585:0448,Bd04_Ins-Loc,primary
maccoll,MacColl,Bd05_Log-N:0174:0114,Bd05_Log-N,primary
maccoll,MacColl,Bd05_Log-N:0304:0213,Bd05_Log-N,redirect_alias
mach,Mach,Bd05_Log-N:0174:0115,Bd05_Log-N,primary
machiavelli,Machiavelli,Bd05_Log-N:0178:0116,Bd05_Log-N,primary
machiavellismus,Machiavellismus,Bd05_Log-N:0181:0117,Bd05_Log-N,primary
machsches prinzip,Machsches Prinzip,Bd05_Log-N:0182:0118,Bd05_Log-N,primary
macht,Macht,Bd05_Log-N:0184:0119,Bd05_Log-N,primary
machtigkeit,Mächtigkeit,Bd05_Log-N:0187:0120,Bd05_Log-N,primary
machtigkeit,Mächtigkeit,Bd04_Ins-Loc:0184:0117,Bd05_Log-N,redirect_alias
maclaurin,Maclaurin,Bd05_Log-N:0187:0121,Bd05_Log-N,primary
macrobius,Macrobius,Bd05_Log-N:0189:0122,Bd05_Log-N,primary
madhva,Madhva,Bd05_Log-N:0189:0123,Bd05_Log-N,primary
maeutik,Mäeutik,Bd05_Log-N:0192:0125,Bd05_Log-N,primary
magie,Magie,Bd05_Log-N:0194:0126,Bd05_Log-N,primary
mahāyāna,Mahāyāna,Bd05_Log-N:0196:0127,Bd05_Log-N,primary
maier,Maier,Bd05_Log-N:0198:0128,Bd05_Log-N,primary
maimon,Maimon,Bd05_Log-N:0199:0129,Bd05_Log-N,primary
maimonides,Maimonides,Bd05_Log-N:0201:0130,Bd05_Log-N,primary
maine de biran,Maine de Biran,Bd05_Log-N:0205:0131,Bd05_Log-N,primary
makrokosmos,Makrokosmos,Bd05_Log-N:0206:0132,Bd05_Log-N,primary
makrokosmos,Makrokosmos,Bd05_Log-N:0207:0133,Bd05_Log-N,primary
makrosoziologie,Makrosoziologie,Bd05_Log-N:0209:0134,Bd05_Log-N,slash_half
makrosoziologie/mikrosoziologie,Makrosoziologie/Mikrosoziologie,Bd05_Log-N:0209:0134,Bd05_Log-N,primary
malebranche,Malebranche,Bd05_Log-N:0210:0135,Bd05_Log-N,primary
mally,Mally,Bd05_Log-N:0213:0136,Bd05_Log-N,primary
malthus,Malthus,Bd05_Log-N:0214:0137,Bd05_Log-N,primary
man,Man,Bd05_Log-N:0216:0138,Bd05_Log-N,primary
man.d.ana miśra,Man.d.ana Miśra,Bd05_Log-N:0216:0141,Bd05_Log-N,primary
manas,manas,Bd05_Log-N:0216:0139,Bd05_Log-N,primary
manchquantor,Manchquantor,Bd05_Log-N:0216:0140,Bd05_Log-N,primary
manchquantor,Manchquantor,Bd02_C-F:0317:0358,Bd05_Log-N,redirect_alias
mandeville,Mandeville,Bd05_Log-N:0217:0142,Bd05_Log-N,primary
manegold,Manegold,Bd05_Log-N:0218:0143,Bd05_Log-N,primary
mangelwesen,Mängelwesen,Bd05_Log-N:0219:0144,Bd05_Log-N,primary
manichaismus,Manichäismus,Bd05_Log-N:0220:0145,Bd05_Log-N,primary
mannheim,Mannheim,Bd05_Log-N:0220:0146,Bd05_Log-N,primary
mannigfaltigkeit,Mannigfaltigkeit,Bd05_Log-N:0223:0147,Bd05_Log-N,primary
mannoury,Mannoury,Bd05_Log-N:0223:0148,Bd05_Log-N,primary
mantik,Mantik,Bd05_Log-N:0225:0149,Bd05_Log-N,primary
mantra,mantra,Bd05_Log-N:0225:0150,Bd05_Log-N,primary
mantrayana,Mantrayana,Bd05_Log-N:0226:0151,Bd05_Log-N,primary
marburger schule,Marburger Schule,Bd05_Log-N:0226:0152,Bd05_Log-N,primary
marburger schule,Marburger Schule,Bd05_Log-N:0559:0445,Bd05_Log-N,redirect_alias
marcel,Marcel,Bd05_Log-N:0226:0153,Bd05_Log-N,primary
marci,Marci,Bd05_Log-N:0227:0154,Bd05_Log-N,primary
marcus aurelius,Marcus Aurelius,Bd05_Log-N:0229:0155,Bd05_Log-N,primary
marcuse,Marcuse,Bd05_Log-N:0230:0156,Bd05_Log-N,primary
marechal,Maréchal,Bd05_Log-N:0232:0157,Bd05_Log-N,primary
marechal-schule,Maréchal-Schule,Bd05_Log-N:0233:0158,Bd05_Log-N,primary
maritain,Maritain,Bd05_Log-N:0234:0159,Bd05_Log-N,primary
marius victorinus afer,Marius Victorinus (Afer),Bd05_Log-N:0236:0160,Bd05_Log-N,primary
marke,Marke,Bd05_Log-N:0237:0161,Bd05_Log-N,primary
markov,Markov,Bd05_Log-N:0237:0162,Bd05_Log-N,primary
markov,Markov,Bd05_Log-N:0238:0163,Bd05_Log-N,primary
markov-algorithmus,Markov-Algorithmus,Bd05_Log-N:0239:0164,Bd05_Log-N,primary
markov-kette,Markov-Kette,Bd05_Log-N:0239:0165,Bd05_Log-N,primary
markov-prozess,Markov-Prozess,Bd05_Log-N:0239:0166,Bd05_Log-N,primary
markt,Markt,Bd05_Log-N:0239:0167,Bd05_Log-N,primary
marliani,Marliani,Bd05_Log-N:0241:0168,Bd05_Log-N,primary
marsilius,Marsilius,Bd05_Log-N:0242:0169,Bd05_Log-N,primary
marsilius,Marsilius,Bd05_Log-N:0243:0170,Bd05_Log-N,primary
martianus minneus felix capella,Martianus (Minneus Felix) Capella,Bd05_Log-N:0245:0171,Bd05_Log-N,primary
martin,Martin,Bd05_Log-N:0247:0172,Bd05_Log-N,primary
marty,Marty,Bd05_Log-N:0248:0173,Bd05_Log-N,primary
marx,Marx,Bd05_Log-N:0249:0174,Bd05_Log-N,primary
marxismus,Marxismus,Bd05_Log-N:0252:0175,Bd05_Log-N,primary
marxismus-leninismus,Marxismus-Leninismus,Bd05_Log-N:0254:0176,Bd05_Log-N,primary
marxistische philosophie,marxistische Philosophie,Bd06_O-Ra:0295:0210,Bd06_O-Ra,comma_inverted
"maschine, logische","Maschine, logische",Bd05_Log-N:0255:0177,Bd05_Log-N,primary
"maschine, logische","Maschine, logische",Bd05_Log-N:0255:0178,Bd05_Log-N,redirect_alias
maschinentheorie,Maschinentheorie,Bd05_Log-N:0255:0178,Bd05_Log-N,primary
masham,Masham,Bd05_Log-N:0257:0179,Bd05_Log-N,primary
mass,Maß,Bd05_Log-N:0258:0180,Bd05_Log-N,primary
masse,Masse,Bd05_Log-N:0259:0181,Bd05_Log-N,primary
masstheorie,Maßtheorie,Bd05_Log-N:0261:0182,Bd05_Log-N,primary
masstheorie,Maßtheorie,Bd05_Log-N:0258:0180,Bd05_Log-N,redirect_alias
materia prima,materia prima,Bd05_Log-N:0272:0193,Bd05_Log-N,primary
material,Material,Bd05_Log-N:0261:0183,Bd05_Log-N,primary
material,material,Bd05_Log-N:0261:0184,Bd05_Log-N,primary
material,Material,Bd05_Log-N:0317:0222,Bd05_Log-N,redirect_alias
material-analytisch,material-analytisch,Bd05_Log-N:0261:0185,Bd05_Log-N,primary
material-synthetisch,material-synthetisch,Bd05_Log-N:0272:0192,Bd05_Log-N,primary
material-synthetisch,material-synthetisch,Bd05_Log-N:0261:0185,Bd05_Log-N,redirect_alias
materiale ethik,materiale Ethik,Bd02_C-F:0435:0480,Bd02_C-F,comma_inverted
materialismus historisch,Materialismus (historisch),Bd05_Log-N:0261:0186,Bd05_Log-N,primary
materialismus systematisch,Materialismus (systematisch),Bd05_Log-N:0263:0187,Bd05_Log-N,primary
"materialismus, dialektischer","Materialismus, dialektischer",Bd05_Log-N:0266:0188,Bd05_Log-N,primary
"materialismus, eliminativer","Materialismus, eliminativer",Bd05_Log-N:0267:0189,Bd05_Log-N,primary
"materialismus, franzosischer","Materialismus, französischer",Bd05_Log-N:0269:0190,Bd05_Log-N,primary
"materialismus, historischer","Materialismus, historischer",Bd05_Log-N:0270:0191,Bd05_Log-N,primary
materie,Materie,Bd05_Log-N:0273:0194,Bd05_Log-N,primary
mathema,Mathema,Bd05_Log-N:0277:0195,Bd05_Log-N,primary
mathematik,Mathematik,Bd05_Log-N:0277:0196,Bd05_Log-N,primary
"mathematik, konstruktive","Mathematik, konstruktive",Bd05_Log-N:0282:0197,Bd05_Log-N,primary
"mathematik, operative","Mathematik, operative",Bd05_Log-N:0285:0198,Bd05_Log-N,primary
mathematische logik,mathematische Logik,Bd05_Log-N:0080:0041,Bd05_Log-N,comma_inverted
mathematischer strukturalismus,mathematischer Strukturalismus,Bd07_Re-Te:0573:0466,Bd07_Re-Te,comma_inverted
mathematisierung,Mathematisierung,Bd05_Log-N:0287:0199,Bd05_Log-N,primary
mathesis,Mathesis,Bd05_Log-N:0289:0200,Bd05_Log-N,primary
mathesis universalis,mathesis universalis,Bd05_Log-N:0289:0201,Bd05_Log-N,primary
matrix,Matrix,Bd05_Log-N:0289:0202,Bd05_Log-N,primary
"matrix, logische","Matrix, logische",Bd05_Log-N:0291:0203,Bd05_Log-N,primary
maturana romesin,Maturana (Romesin),Bd05_Log-N:0292:0204,Bd05_Log-N,primary
maupertuis,Maupertuis,Bd05_Log-N:0293:0205,Bd05_Log-N,primary
mauthner,Mauthner,Bd05_Log-N:0295:0206,Bd05_Log-N,primary
maxime,Maxime,Bd05_Log-N:0297:0207,Bd05_Log-N,primary
maxwell,Maxwell,Bd05_Log-N:0297:0208,Bd05_Log-N,primary
maxwellsche gleichungen,Maxwellsche Gleichungen,Bd05_Log-N:0299:0209,Bd05_Log-N,primary
maxwellscher damon,Maxwellscher Dämon,Bd05_Log-N:0300:0210,Bd05_Log-N,primary
mayer,Mayer,Bd05_Log-N:0302:0212,Bd05_Log-N,primary
mccoll,McColl,Bd05_Log-N:0304:0213,Bd05_Log-N,primary
mcdowell,McDowell,Bd05_Log-N:0305:0214,Bd05_Log-N,primary
mctaggart,McTaggart,Bd05_Log-N:0306:0215,Bd05_Log-N,primary
mead,Mead,Bd05_Log-N:0307:0216,Bd05_Log-N,primary
mechanik,Mechanik,Bd05_Log-N:0309:0217,Bd05_Log-N,primary
mechanismus,Mechanismus,Bd05_Log-N:0313:0218,Bd05_Log-N,primary
mechanistisches weltbild,mechanistisches Weltbild,Bd08_Th-Z:0475:0445,Bd08_Th-Z,comma_inverted
medicina mentis,medicina mentis,Bd05_Log-N:0315:0219,Bd05_Log-N,primary
medienphilosophie,Medienphilosophie,Bd05_Log-N:0315:0220,Bd05_Log-N,primary
meditation,Meditation,Bd05_Log-N:0316:0221,Bd05_Log-N,primary
medium semiotisch,Medium (semiotisch),Bd05_Log-N:0317:0222,Bd05_Log-N,primary
medizin,Medizin,Bd05_Log-N:0319:0223,Bd05_Log-N,primary
medizinethik,Medizinethik,Bd05_Log-N:0322:0224,Bd05_Log-N,primary
medizinethik,Medizinethik,Bd02_C-F:0435:0481,Bd05_Log-N,redirect_alias
medizinische ethik,medizinische Ethik,Bd02_C-F:0435:0481,Bd02_C-F,comma_inverted
megariker,Megariker,Bd05_Log-N:0322:0225,Bd05_Log-N,primary
mehrdeutig,mehrdeutig,Bd05_Log-N:0323:0226,Bd05_Log-N,slash_half
mehrdeutig/mehrdeutigkeit,mehrdeutig/Mehrdeutigkeit,Bd05_Log-N:0323:0226,Bd05_Log-N,primary
mehrdeutig/mehrdeutigkeit,mehrdeutig/Mehrdeutigkeit,Bd01_A-B:0134:0177,Bd05_Log-N,redirect_alias
mehrdeutigkeit,Mehrdeutigkeit,Bd05_Log-N:0323:0226,Bd05_Log-N,slash_half
mehrstellig,mehrstellig,Bd05_Log-N:0323:0227,Bd05_Log-N,slash_half
mehrstellig/mehrstelligkeit,mehrstellig/Mehrstelligkeit,Bd05_Log-N:0323:0227,Bd05_Log-N,primary
mehrstelligkeit,Mehrstelligkeit,Bd05_Log-N:0323:0227,Bd05_Log-N,slash_half
mehrwert,Mehrwert,Bd05_Log-N:0323:0228,Bd05_Log-N,primary
mehrwertige logik,mehrwertige Logik,Bd05_Log-N:0081:0042,Bd05_Log-N,comma_inverted
meier,Meier,Bd05_Log-N:0324:0229,Bd05_Log-N,primary
meinong,Meinong,Bd05_Log-N:0326:0230,Bd05_Log-N,primary
meinung,Meinung,Bd05_Log-N:0328:0231,Bd05_Log-N,primary
meinungsfreiheit,Meinungsfreiheit,Bd05_Log-N:0329:0232,Bd05_Log-N,primary
melancholie,Melancholie,Bd05_Log-N:0332:0233,Bd05_Log-N,primary
melanchthon,Melanchthon,Bd05_Log-N:0334:0234,Bd05_Log-N,primary
melissos,Melissos,Bd05_Log-N:0337:0235,Bd05_Log-N,primary
mem,Mem,Bd05_Log-N:0338:0236,Bd05_Log-N,primary
mendelssohn,Mendelssohn,Bd05_Log-N:0344:0237,Bd05_Log-N,primary
menedemos aus eretria,Menedemos aus Eretria,Bd05_Log-N:0347:0238,Bd05_Log-N,primary
menelaos,Menelaos,Bd05_Log-N:0347:0239,Bd05_Log-N,primary
menge,Menge,Bd05_Log-N:0348:0240,Bd05_Log-N,primary
"menge, geordnete","Menge, geordnete",Bd05_Log-N:0350:0241,Bd05_Log-N,primary
"menge, geordnete","Menge, geordnete",Bd06_O-Ra:0067:0048,Bd05_Log-N,redirect_alias
"menge, leere","Menge, leere",Bd05_Log-N:0350:0242,Bd05_Log-N,primary
"mengen, ahnliche","Mengen, ähnliche",Bd05_Log-N:0350:0243,Bd05_Log-N,primary
mengenbildungsaxiom,Mengenbildungsaxiom,Bd05_Log-N:0350:0244,Bd05_Log-N,primary
mengenbildungsaxiom,Mengenbildungsaxiom,Bd05_Log-N:0351:0247,Bd05_Log-N,redirect_alias
mengendifferenz,Mengendifferenz,Bd05_Log-N:0350:0245,Bd05_Log-N,primary
mengenlehre,Mengenlehre,Bd05_Log-N:0350:0246,Bd05_Log-N,primary
"mengenlehre, axiomatische","Mengenlehre, axiomatische",Bd05_Log-N:0351:0247,Bd05_Log-N,primary
"mengenlehre, konstruktive","Mengenlehre, konstruktive",Bd05_Log-N:0352:0248,Bd05_Log-N,primary
"mengenlehre, transfinite","Mengenlehre, transfinite",Bd05_Log-N:0353:0249,Bd05_Log-N,primary
mengentheoretisches pradikat,mengentheoretisches Prädikat,Bd06_O-Ra:0414:0296,Bd06_O-Ra,comma_inverted
menger,Menger,Bd05_Log-N:0353:0250,Bd05_Log-N,primary
menippos von gadara,Menippos von Gadara,Bd05_Log-N:0354:0251,Bd05_Log-N,primary
mensch,Mensch,Bd05_Log-N:0355:0252,Bd05_Log-N,primary
menschenrechte,Menschenrechte,Bd05_Log-N:0355:0253,Bd05_Log-N,primary
menschenwurde,Menschenwürde,Bd05_Log-N:0357:0254,Bd05_Log-N,primary
mentale reprasentation,mentale Repräsentation,Bd07_Re-Te:0125:0095,Bd07_Re-Te,comma_inverted
mentalismus,Mentalismus,Bd05_Log-N:0359:0255,Bd05_Log-N,primary
mention,mention,Bd05_Log-N:0360:0256,Bd05_Log-N,primary
mention,mention,Bd08_Th-Z:0263:0237,Bd05_Log-N,redirect_alias
menzius,Menzius,Bd05_Log-N:0360:0257,Bd05_Log-N,primary
mereologie,Mereologie,Bd05_Log-N:0361:0258,Bd05_Log-N,primary
merkmal,Merkmal,Bd05_Log-N:0363:0259,Bd05_Log-N,primary
merleau-ponty,Merleau-Ponty,Bd05_Log-N:0365:0260,Bd05_Log-N,primary
mersenne,Mersenne,Bd05_Log-N:0368:0261,Bd05_Log-N,primary
merton school,Merton School,Bd05_Log-N:0370:0262,Bd05_Log-N,primary
mesmer,Mesmer,Bd05_Log-N:0372:0263,Bd05_Log-N,primary
mesmerismus,Mesmerismus,Bd05_Log-N:0374:0264,Bd05_Log-N,primary
mesotes,Mesotes,Bd05_Log-N:0377:0265,Bd05_Log-N,primary
messgerat,Meßgerät,Bd05_Log-N:0378:0266,Bd05_Log-N,primary
messtheorie,Meßtheorie,Bd05_Log-N:0378:0267,Bd05_Log-N,primary
messung,Messung,Bd05_Log-N:0380:0268,Bd05_Log-N,primary
metaaussage,Metaaussage,Bd05_Log-N:0382:0269,Bd05_Log-N,primary
metabasis,Metabasis,Bd05_Log-N:0382:0270,Bd05_Log-N,primary
metaethik,Metaethik,Bd05_Log-N:0382:0271,Bd05_Log-N,primary
metakompetenz,Metakompetenz,Bd05_Log-N:0383:0272,Bd05_Log-N,primary
metakritik,Metakritik,Bd05_Log-N:0383:0273,Bd05_Log-N,primary
metalogik,Metalogik,Bd05_Log-N:0384:0274,Bd05_Log-N,primary
metamathematik,Metamathematik,Bd05_Log-N:0385:0275,Bd05_Log-N,primary
metapher,Metapher,Bd05_Log-N:0387:0276,Bd05_Log-N,primary
metaphilosophie,Metaphilosophie,Bd05_Log-N:0391:0277,Bd05_Log-N,primary
metaphysik,Metaphysik,Bd05_Log-N:0391:0278,Bd05_Log-N,primary
metaphysikkritik,Metaphysikkritik,Bd05_Log-N:0395:0279,Bd05_Log-N,primary
metapradikator,Metaprädikator,Bd05_Log-N:0397:0280,Bd05_Log-N,primary
metaregel,Metaregel,Bd05_Log-N:0397:0281,Bd05_Log-N,primary
metasprache,Metasprache,Bd05_Log-N:0397:0282,Bd05_Log-N,primary
metastufe,Metastufe,Bd05_Log-N:0398:0283,Bd05_Log-N,primary
metatheorem,Metatheorem,Bd05_Log-N:0398:0284,Bd05_Log-N,primary
metatheorie,Metatheorie,Bd05_Log-N:0398:0285,Bd05_Log-N,primary
metavariable,Metavariable,Bd05_Log-N:0398:0286,Bd05_Log-N,primary
methexis,Methexis,Bd05_Log-N:0399:0287,Bd05_Log-N,primary
methode,Methode,Bd05_Log-N:0399:0288,Bd05_Log-N,primary
"methode, analytische","Methode, analytische",Bd05_Log-N:0403:0289,Bd05_Log-N,primary
"methode, axiomatische","Methode, axiomatische",Bd05_Log-N:0405:0290,Bd05_Log-N,primary
"methode, deduktive","Methode, deduktive",Bd05_Log-N:0406:0291,Bd05_Log-N,primary
"methode, dialektische","Methode, dialektische",Bd05_Log-N:0406:0292,Bd05_Log-N,primary
"methode, dialektische","Methode, dialektische",Bd02_C-F:0199:0223,Bd05_Log-N,redirect_alias
"methode, hermeneutische","Methode, hermeneutische",Bd05_Log-N:0406:0293,Bd05_Log-N,primary
"methode, historische","Methode, historische",Bd05_Log-N:0408:0294,Bd05_Log-N,primary
"methode, induktive","Methode, induktive",Bd05_Log-N:0409:0295,Bd05_Log-N,primary
"methode, phanomenologische","Methode, phänomenologische",Bd05_Log-N:0409:0296,Bd05_Log-N,primary
"methode, phanomenologische","Methode, phänomenologische",Bd06_O-Ra:0195:0175,Bd05_Log-N,redirect_alias
"methode, scholastische","Methode, scholastische",Bd05_Log-N:0409:0297,Bd05_Log-N,primary
"methode, scholastische","Methode, scholastische",Bd07_Re-Te:0289:0238,Bd05_Log-N,redirect_alias
"methode, synthetische","Methode, synthetische",Bd05_Log-N:0409:0298,Bd05_Log-N,primary
"methode, transzendentale","Methode, transzendentale",Bd05_Log-N:0410:0299,Bd05_Log-N,primary
methodenstreit,Methodenstreit,Bd05_Log-N:0410:0300,Bd05_Log-N,primary
methodischer kulturalismus,methodischer Kulturalismus,Bd04_Ins-Loc:0428:0342,Bd04_Ins-Loc,comma_inverted
methodisches prinzip,methodisches Prinzip,Bd06_O-Ra:0453:0345,Bd06_O-Ra,comma_inverted
methodologie,Methodologie,Bd05_Log-N:0411:0301,Bd05_Log-N,primary
methodologischer individualismus,methodologischer Individualismus,Bd03_G-Inn:0601:0449,Bd03_G-Inn,comma_inverted
metrik,Metrik,Bd05_Log-N:0412:0302,Bd05_Log-N,primary
metrische logik,metrische Logik,Bd05_Log-N:0084:0043,Bd05_Log-N,comma_inverted
metrisierung,Metrisierung,Bd05_Log-N:0412:0303,Bd05_Log-N,primary
metrodoros,Metrodoros,Bd05_Log-N:0412:0304,Bd05_Log-N,primary
metrodoros von lampsakos,Metrodoros von Lampsakos,Bd05_Log-N:0412:0305,Bd05_Log-N,primary
meyerson,Meyerson,Bd05_Log-N:0413:0306,Bd05_Log-N,primary
michael scotus,Michael Scotus,Bd05_Log-N:0414:0307,Bd05_Log-N,primary
michelson-morley-versuch,Michelson-Morley-Versuch,Bd05_Log-N:0416:0308,Bd05_Log-N,primary
mikrokosmos,Mikrokosmos,Bd05_Log-N:0417:0309,Bd05_Log-N,primary
mikrophysikalismus,Mikrophysikalismus,Bd05_Log-N:0417:0310,Bd05_Log-N,primary
mikrosoziologie,Mikrosoziologie,Bd05_Log-N:0417:0311,Bd05_Log-N,primary
mikrosoziologie,Mikrosoziologie,Bd05_Log-N:0209:0134,Bd05_Log-N,redirect_alias
mikrosoziologie,Mikrosoziologie,Bd05_Log-N:0209:0134,Bd05_Log-N,slash_half
milhaud,Milhaud,Bd05_Log-N:0417:0312,Bd05_Log-N,primary
mill,Mill,Bd05_Log-N:0418:0313,Bd05_Log-N,primary
mimesis,Mimesis,Bd05_Log-N:0423:0315,Bd05_Log-N,primary
mind,mind,Bd05_Log-N:0425:0316,Bd05_Log-N,primary
mind,mind,Bd06_O-Ra:0310:0221,Bd05_Log-N,redirect_alias
minima naturalia,minima naturalia,Bd05_Log-N:0426:0321,Bd05_Log-N,primary
minimalaussage,Minimalaussage,Bd05_Log-N:0425:0317,Bd05_Log-N,primary
minimalgesetz,Minimalgesetz,Bd05_Log-N:0425:0318,Bd05_Log-N,primary
minimalkalkul,Minimalkalkül,Bd05_Log-N:0425:0319,Bd05_Log-N,primary
minimallogik,Minimallogik,Bd05_Log-N:0426:0320,Bd05_Log-N,primary
minimallogik,Minimallogik,Bd05_Log-N:0425:0319,Bd05_Log-N,redirect_alias
minkowski,Minkowski,Bd05_Log-N:0427:0322,Bd05_Log-N,primary
minucius felix,Minucius Felix,Bd05_Log-N:0428:0323,Bd05_Log-N,primary
misch,Misch,Bd05_Log-N:0429:0324,Bd05_Log-N,primary
mises,Mises,Bd05_Log-N:0430:0325,Bd05_Log-N,primary
mitleid,Mitleid,Bd05_Log-N:0431:0326,Bd05_Log-N,primary
mitleidsethik,Mitleidsethik,Bd05_Log-N:0432:0327,Bd05_Log-N,primary
mitteilungszeichen,Mitteilungszeichen,Bd05_Log-N:0432:0328,Bd05_Log-N,primary
mittel,Mittel,Bd05_Log-N:0433:0329,Bd05_Log-N,primary
mittelalterliche logik,mittelalterliche Logik,Bd05_Log-N:0084:0044,Bd05_Log-N,comma_inverted
mittelalterliche philosophie,mittelalterliche Philosophie,Bd06_O-Ra:0299:0211,Bd06_O-Ra,comma_inverted
mittelbegriff,Mittelbegriff,Bd05_Log-N:0433:0330,Bd05_Log-N,primary
mittelmass,Mittelmaß,Bd05_Log-N:0434:0331,Bd05_Log-N,primary
mittelstress,Mittelstreß,Bd05_Log-N:0434:0332,Bd05_Log-N,primary
mittelstress,Mittelstreß,Bd04_Ins-Loc:0302:0215,Bd05_Log-N,redirect_alias
mittelwert,Mittelwert,Bd05_Log-N:0434:0333,Bd05_Log-N,primary
mittelwert,Mittelwert,Bd08_Th-Z:0429:0406,Bd05_Log-N,redirect_alias
mo-ti,Mo-Ti,Bd05_Log-N:0492:0388,Bd05_Log-N,primary
modale logik,modale Logik,Bd05_Log-N:0087:0045,Bd05_Log-N,comma_inverted
modaler syllogismus,modaler Syllogismus,Bd07_Re-Te:0621:0527,Bd07_Re-Te,comma_inverted
modalitat,Modalität,Bd05_Log-N:0434:0334,Bd05_Log-N,primary
modalkalkul,Modalkalkül,Bd05_Log-N:0437:0335,Bd05_Log-N,primary
modallogik,Modallogik,Bd05_Log-N:0439:0336,Bd05_Log-N,primary
modell,Modell,Bd05_Log-N:0443:0337,Bd05_Log-N,primary
modellplatonismus,Modellplatonismus,Bd05_Log-N:0445:0338,Bd05_Log-N,primary
modelltheorie,Modelltheorie,Bd05_Log-N:0445:0339,Bd05_Log-N,primary
moderner universalienstreit,moderner Universalienstreit,Bd08_Th-Z:0217:0172,Bd08_Th-Z,comma_inverted
moderni,moderni,Bd05_Log-N:0448:0340,Bd05_Log-N,primary
modi significandi,modi significandi,Bd05_Log-N:0448:0342,Bd05_Log-N,primary
modi significandi,modi significandi,Bd05_Log-N:0448:0343,Bd05_Log-N,redirect_alias
modifikator,Modifikator,Bd05_Log-N:0448:0341,Bd05_Log-N,primary
modistae,modistae,Bd05_Log-N:0448:0343,Bd05_Log-N,primary
modus,Modus,Bd05_Log-N:0450:0344,Bd05_Log-N,primary
modus ponens,modus ponens,Bd05_Log-N:0452:0345,Bd05_Log-N,primary
modus probandi,modus probandi,Bd05_Log-N:0452:0346,Bd05_Log-N,primary
modus proponens,modus proponens,Bd05_Log-N:0452:0347,Bd05_Log-N,primary
modus tollens,modus tollens,Bd05_Log-N:0452:0348,Bd05_Log-N,primary
moglich,möglich,Bd05_Log-N:0452:0349,Bd05_Log-N,slash_half
moglich/moglichkeit,möglich/Möglichkeit,Bd05_Log-N:0452:0349,Bd05_Log-N,primary
mogliche welt,mögliche Welt,Bd08_Th-Z:0469:0441,Bd08_Th-Z,comma_inverted
mogliche-welten-semantik,Mögliche-Welten-Semantik,Bd05_Log-N:0455:0350,Bd05_Log-N,primary
moglichkeit,Möglichkeit,Bd05_Log-N:0452:0349,Bd05_Log-N,slash_half
mohismus,Mohismus,Bd05_Log-N:0457:0351,Bd05_Log-N,primary
mohismus,Mohismus,Bd05_Log-N:0492:0388,Bd05_Log-N,redirect_alias
moks.a,moks.a,Bd05_Log-N:0457:0352,Bd05_Log-N,primary
molekularformel,Molekularformel,Bd05_Log-N:0457:0353,Bd05_Log-N,primary
moleschott,Moleschott,Bd05_Log-N:0457:0354,Bd05_Log-N,primary
molina,Molina,Bd05_Log-N:0458:0355,Bd05_Log-N,primary
molinismus,Molinismus,Bd05_Log-N:0460:0356,Bd05_Log-N,primary
molyneuxsches problem,Molyneuxsches Problem,Bd05_Log-N:0460:0357,Bd05_Log-N,primary
monade,Monade,Bd05_Log-N:0461:0358,Bd05_Log-N,primary
monadentheorie,Monadentheorie,Bd05_Log-N:0463:0359,Bd05_Log-N,primary
monismus,Monismus,Bd05_Log-N:0465:0360,Bd05_Log-N,primary
monod,Monod,Bd05_Log-N:0466:0361,Bd05_Log-N,primary
monodscher damon,Monodscher Dämon,Bd05_Log-N:0467:0362,Bd05_Log-N,primary
monodscher damon,Monodscher Dämon,Bd05_Log-N:0300:0210,Bd05_Log-N,redirect_alias
monomorph,monomorph,Bd05_Log-N:0467:0363,Bd05_Log-N,slash_half
monomorph/monomorphie,monomorph/Monomorphie,Bd05_Log-N:0467:0363,Bd05_Log-N,primary
monomorphie,Monomorphie,Bd05_Log-N:0467:0363,Bd05_Log-N,slash_half
monopsychismus,Monopsychismus,Bd05_Log-N:0467:0364,Bd05_Log-N,primary
monotheismus,Monotheismus,Bd05_Log-N:0467:0365,Bd05_Log-N,primary
montague,Montague,Bd05_Log-N:0468:0366,Bd05_Log-N,primary
montague-grammatik,Montague-Grammatik,Bd05_Log-N:0468:0367,Bd05_Log-N,primary
montaigne,Montaigne,Bd05_Log-N:0470:0368,Bd05_Log-N,primary
montesquieu,Montesquieu,Bd05_Log-N:0472:0369,Bd05_Log-N,primary
moore,Moore,Bd05_Log-N:0474:0370,Bd05_Log-N,primary
mooresche paradoxie,Mooresche Paradoxie,Bd05_Log-N:0476:0371,Bd05_Log-N,primary
moral,Moral,Bd05_Log-N:0477:0372,Bd05_Log-N,primary
moral sense,moral sense,Bd05_Log-N:0480:0379,Bd05_Log-N,primary
"moral, provisorische","Moral, provisorische",Bd05_Log-N:0477:0373,Bd05_Log-N,primary
moralisches dilemma,moralisches Dilemma,Bd02_C-F:0228:0251,Bd02_C-F,comma_inverted
moralismus,Moralismus,Bd05_Log-N:0478:0374,Bd05_Log-N,primary
"moralisten, franzosische","Moralisten, französische",Bd05_Log-N:0478:0375,Bd05_Log-N,primary
moralitat,Moralität,Bd05_Log-N:0479:0376,Bd05_Log-N,primary
moralphilosophie,Moralphilosophie,Bd05_Log-N:0479:0377,Bd05_Log-N,primary
moralprinzip,Moralprinzip,Bd05_Log-N:0480:0378,Bd05_Log-N,primary
more,More,Bd05_Log-N:0482:0380,Bd05_Log-N,primary
more,More,Bd05_Log-N:0485:0381,Bd05_Log-N,primary
more geometrico,more geometrico,Bd05_Log-N:0488:0382,Bd05_Log-N,primary
morphem,Morphem,Bd05_Log-N:0489:0384,Bd05_Log-N,primary
morphologie,Morphologie,Bd05_Log-N:0489:0385,Bd05_Log-N,primary
morphē,Morphē,Bd05_Log-N:0488:0383,Bd05_Log-N,primary
morris,Morris,Bd05_Log-N:0490:0386,Bd05_Log-N,primary
mostowski,Mostowski,Bd05_Log-N:0492:0387,Bd05_Log-N,primary
motiv,Motiv,Bd05_Log-N:0493:0389,Bd05_Log-N,primary
multiple intelligenz,multiple Intelligenz,Bd04_Ins-Loc:0035:0012,Bd04_Ins-Loc,comma_inverted
multiple realisierbarkeit,multiple Realisierbarkeit,Bd07_Re-Te:0021:0005,Bd07_Re-Te,comma_inverted
multiplikation logisch,Multiplikation (logisch),Bd05_Log-N:0494:0390,Bd05_Log-N,primary
multiplikation mathematisch,Multiplikation (mathematisch),Bd05_Log-N:0495:0391,Bd05_Log-N,primary
"multiplikationssatz, allgemeiner","Multiplikationssatz, allgemeiner",Bd05_Log-N:0495:0392,Bd05_Log-N,primary
multiplikatives axiom,multiplikatives Axiom,Bd01_A-B:0357:0452,Bd01_A-B,comma_inverted
munch,Münch,Bd05_Log-N:0495:0393,Bd05_Log-N,primary
munchhausen-trilemma,Münchhausen-Trilemma,Bd05_Log-N:0496:0394,Bd05_Log-N,primary
musschenbroek,Musschenbroek,Bd05_Log-N:0497:0395,Bd05_Log-N,primary
muster,Muster,Bd05_Log-N:0498:0396,Bd05_Log-N,primary
muster,Muster,Bd06_O-Ra:0108:0086,Bd05_Log-N,redirect_alias
mutation,Mutation,Bd05_Log-N:0498:0397,Bd05_Log-N,primary
mystik,Mystik,Bd05_Log-N:0498:0398,Bd05_Log-N,primary
mythologie,Mythologie,Bd05_Log-N:0502:0399,Bd05_Log-N,primary
mythos,Mythos,Bd05_Log-N:0503:0400,Bd05_Log-N,primary
mādhyamika,Mādhyamika,Bd05_Log-N:0190:0124,Bd05_Log-N,primary
māyā,māyā,Bd05_Log-N:0302:0211,Bd05_Log-N,primary
mīmām. sā,Mīmām. sā,Bd05_Log-N:0421:0314,Bd05_Log-N,primary
nachfolger,Nachfolger,Bd05_Log-N:0507:0401,Bd05_Log-N,primary
nachsichtigkeitsprinzip,Nachsichtigkeitsprinzip,Bd05_Log-N:0507:0402,Bd05_Log-N,primary
nachsichtigkeitsprinzip,Nachsichtigkeitsprinzip,Bd02_C-F:0061:0054,Bd05_Log-N,redirect_alias
naess,Naess,Bd05_Log-N:0507:0403,Bd05_Log-N,primary
nagel,Nagel,Bd05_Log-N:0511:0405,Bd05_Log-N,primary
nagel,Nagel,Bd05_Log-N:0512:0406,Bd05_Log-N,primary
nahwirkung,Nahwirkung,Bd05_Log-N:0513:0407,Bd05_Log-N,primary
name,Name,Bd05_Log-N:0514:0409,Bd05_Log-N,primary
nano,Nano,Bd05_Log-N:0515:0410,Bd05_Log-N,primary
natorp,Natorp,Bd05_Log-N:0518:0411,Bd05_Log-N,primary
natur,Natur,Bd05_Log-N:0520:0412,Bd05_Log-N,primary
natura naturans,natura naturans,Bd05_Log-N:0526:0415,Bd05_Log-N,primary
natura non facit saltus,natura non facit saltus,Bd05_Log-N:0527:0416,Bd05_Log-N,primary
naturalismus,Naturalismus,Bd05_Log-N:0523:0413,Bd05_Log-N,primary
naturalismus ethisch,Naturalismus (ethisch),Bd05_Log-N:0524:0414,Bd05_Log-N,primary
naturalistischer fehlschluss,naturalistischer Fehlschluß,Bd02_C-F:0499:0557,Bd02_C-F,comma_inverted
naturgeschichte,Naturgeschichte,Bd05_Log-N:0527:0417,Bd05_Log-N,primary
naturgesetz,Naturgesetz,Bd05_Log-N:0529:0418,Bd05_Log-N,primary
naturliche art,natürliche Art,Bd01_A-B:0267:0363,Bd01_A-B,comma_inverted
naturliche religion,natürliche Religion,Bd07_Re-Te:0112:0086,Bd07_Re-Te,comma_inverted
naturliche sprache,natürliche Sprache,Bd07_Re-Te:0505:0417,Bd07_Re-Te,comma_inverted
naturliches schliessen,natürliches Schließen,Bd07_Re-Te:0279:0226,Bd07_Re-Te,comma_inverted
naturphilosophie,Naturphilosophie,Bd05_Log-N:0531:0419,Bd05_Log-N,primary
"naturphilosophie, romantische","Naturphilosophie, romantische",Bd05_Log-N:0534:0420,Bd05_Log-N,primary
naturrecht,Naturrecht,Bd05_Log-N:0536:0421,Bd05_Log-N,primary
naturwissenschaft,Naturwissenschaft,Bd05_Log-N:0541:0422,Bd05_Log-N,primary
naturzustand,Naturzustand,Bd05_Log-N:0543:0423,Bd05_Log-N,primary
nausiphanes,Nausiphanes,Bd05_Log-N:0544:0424,Bd05_Log-N,primary
naya,naya,Bd05_Log-N:0544:0425,Bd05_Log-N,primary
nebenfolge,Nebenfolge,Bd05_Log-N:0545:0426,Bd05_Log-N,primary
negat,Negat,Bd05_Log-N:0546:0428,Bd05_Log-N,primary
negat,Negat,Bd05_Log-N:0546:0430,Bd05_Log-N,redirect_alias
negatadjunktion,Negatadjunktion,Bd05_Log-N:0546:0429,Bd05_Log-N,primary
negation,Negation,Bd05_Log-N:0546:0430,Bd05_Log-N,primary
negation der negation,Negation der Negation,Bd05_Log-N:0550:0431,Bd05_Log-N,primary
negativ,negativ,Bd05_Log-N:0550:0432,Bd05_Log-N,primary
negative dialektik,negative Dialektik,Bd02_C-F:0205:0224,Bd02_C-F,comma_inverted
negative dialektik,negative Dialektik,Bd05_Log-N:0551:0433,Bd05_Log-N,primary
negative dialektik,negative Dialektik,Bd02_C-F:0205:0224,Bd05_Log-N,redirect_alias
negatives urteil,negatives Urteil,Bd08_Th-Z:0256:0225,Bd08_Th-Z,comma_inverted
negativitat,Negativität,Bd05_Log-N:0551:0434,Bd05_Log-N,primary
negatkonjunktion,Negatkonjunktion,Bd05_Log-N:0551:0435,Bd05_Log-N,primary
negator,Negator,Bd05_Log-N:0551:0436,Bd05_Log-N,primary
neid,Neid,Bd05_Log-N:0545:0427,Bd05_Log-N,primary
neigung,Neigung,Bd05_Log-N:0551:0437,Bd05_Log-N,primary
nelson,Nelson,Bd05_Log-N:0552:0438,Bd05_Log-N,primary
neomarxismus,Neomarxismus,Bd05_Log-N:0554:0439,Bd05_Log-N,primary
neopositivismus,Neopositivismus,Bd05_Log-N:0555:0440,Bd05_Log-N,primary
neopragmatismus,Neopragmatismus,Bd05_Log-N:0556:0441,Bd05_Log-N,primary
"netz, bayessches","Netz, Bayessches",Bd05_Log-N:0558:0442,Bd05_Log-N,primary
"netzwerk, neuronales","Netzwerk, neuronales",Bd05_Log-N:0558:0443,Bd05_Log-N,primary
neuer experimentalismus,neuer Experimentalismus,Bd02_C-F:0472:0523,Bd02_C-F,comma_inverted
neuhegelianismus,Neuhegelianismus,Bd05_Log-N:0559:0444,Bd05_Log-N,primary
neuhegelianismus,Neuhegelianismus,Bd03_G-Inn:0331:0245,Bd05_Log-N,redirect_alias
neukantianismus,Neukantianismus,Bd05_Log-N:0559:0445,Bd05_Log-N,primary
neukonfuzianismus,Neukonfuzianismus,Bd05_Log-N:0561:0446,Bd05_Log-N,primary
neukonfuzianismus,Neukonfuzianismus,Bd04_Ins-Loc:0308:0222,Bd05_Log-N,redirect_alias
neumann,Neumann,Bd05_Log-N:0561:0447,Bd05_Log-N,primary
neumann-bernays-godelsche axiomensysteme,Neumann-Bernays-Gödelsche Axiomensysteme,Bd05_Log-N:0562:0448,Bd05_Log-N,primary
neuplatonismus,Neuplatonismus,Bd05_Log-N:0563:0449,Bd05_Log-N,primary
neupythagoreismus,Neupythagoreismus,Bd05_Log-N:0566:0450,Bd05_Log-N,primary
neurath,Neurath,Bd05_Log-N:0567:0451,Bd05_Log-N,primary
neuronales netzwerk,neuronales Netzwerk,Bd05_Log-N:0558:0443,Bd05_Log-N,comma_inverted
neurowissenschaften,Neurowissenschaften,Bd05_Log-N:0569:0452,Bd05_Log-N,primary
neuscholastik,Neuscholastik,Bd05_Log-N:0570:0453,Bd05_Log-N,primary
neustikon,Neustikon,Bd05_Log-N:0571:0454,Bd05_Log-N,slash_half
neustikon/phrastikon,Neustikon/Phrastikon,Bd05_Log-N:0571:0454,Bd05_Log-N,primary
neutextschule,Neutextschule,Bd05_Log-N:0572:0455,Bd05_Log-N,primary
neutextschule,Neutextschule,Bd04_Ins-Loc:0308:0222,Bd05_Log-N,redirect_alias
neuthomismus,Neuthomismus,Bd05_Log-N:0572:0456,Bd05_Log-N,primary
new foundations-axiomensystem,New Foundations-Axiomensystem,Bd05_Log-N:0574:0458,Bd05_Log-N,primary
newcomb’s problem,Newcomb’s problem,Bd05_Log-N:0572:0457,Bd05_Log-N,primary
newton,Newton,Bd05_Log-N:0575:0459,Bd05_Log-N,primary
nicht,nicht,Bd05_Log-N:0585:0460,Bd05_Log-N,primary
nicht-archimedische geometrie,nicht-archimedische Geometrie,Bd03_G-Inn:0112:0081,Bd03_G-Inn,comma_inverted
nicht-euklidische geometrie,nicht-euklidische Geometrie,Bd03_G-Inn:0113:0082,Bd03_G-Inn,comma_inverted
nicht-euklidische geometrie,nicht-euklidische Geometrie,Bd05_Log-N:0585:0461,Bd05_Log-N,primary
nicht-handeln,Nicht-Handeln,Bd05_Log-N:0586:0462,Bd05_Log-N,primary
nicht-ich,Nicht-Ich,Bd05_Log-N:0587:0463,Bd05_Log-N,primary
nicht-klassische logik,nicht-klassische Logik,Bd05_Log-N:0087:0046,Bd05_Log-N,comma_inverted
nichtkreativitat,Nichtkreativität,Bd05_Log-N:0587:0464,Bd05_Log-N,primary
nichtmonotone logik,nichtmonotone Logik,Bd05_Log-N:0087:0047,Bd05_Log-N,comma_inverted
nichts,Nichts,Bd05_Log-N:0588:0465,Bd05_Log-N,primary
nicodsche funktion,Nicodsche Funktion,Bd05_Log-N:0589:0466,Bd05_Log-N,primary
nicodsche funktion,Nicodsche Funktion,Bd06_O-Ra:0160:0137,Bd05_Log-N,redirect_alias
nicolai,Nicolai,Bd05_Log-N:0589:0467,Bd05_Log-N,primary
nicole,Nicole,Bd05_Log-N:0591:0468,Bd05_Log-N,primary
nietzsche,Nietzsche,Bd05_Log-N:0593:0469,Bd05_Log-N,primary
nieuwentijt,Nieuwentijt,Bd05_Log-N:0599:0470,Bd05_Log-N,primary
nifo,Nifo,Bd05_Log-N:0601:0471,Bd05_Log-N,primary
nihil est in intellectu quod non prius fuerit in sensu,nihil est in intellectu quod non prius fuerit in sensu,Bd05_Log-N:0603:0472,Bd05_Log-N,primary
nihilismus,Nihilismus,Bd05_Log-N:0603:0473,Bd05_Log-N,primary
nikolaus,Nikolaus,Bd05_Log-N:0604:0474,Bd05_Log-N,primary
nikolaus,Nikolaus,Bd05_Log-N:0605:0475,Bd05_Log-N,primary
nikolaus von oresme,Nikolaus von Oresme,Bd05_Log-N:0609:0476,Bd05_Log-N,primary
nikolaus von oresme,Nikolaus von Oresme,Bd06_O-Ra:0068:0052,Bd05_Log-N,redirect_alias
nikomachos,Nikomachos,Bd05_Log-N:0609:0477,Bd05_Log-N,primary
nimitta,nimitta,Bd05_Log-N:0610:0478,Bd05_Log-N,primary
nirvā,nirvā,Bd05_Log-N:0610:0479,Bd05_Log-N,primary
nizolius,Nizolius,Bd05_Log-N:0611:0480,Bd05_Log-N,primary
noema,Noema,Bd05_Log-N:0612:0481,Bd05_Log-N,primary
noematischer sinn,noematischer Sinn,Bd07_Re-Te:0409:0334,Bd07_Re-Te,comma_inverted
noesis,Noesis,Bd05_Log-N:0612:0482,Bd05_Log-N,primary
noether,Noether,Bd05_Log-N:0612:0483,Bd05_Log-N,primary
noetik,Noetik,Bd05_Log-N:0613:0484,Bd05_Log-N,primary
nominaldefinition,Nominaldefinition,Bd05_Log-N:0613:0485,Bd05_Log-N,primary
nominaldefinition,Nominaldefinition,Bd02_C-F:0155:0174,Bd05_Log-N,redirect_alias
nominalismus,Nominalismus,Bd05_Log-N:0613:0486,Bd05_Log-N,primary
nominalistische logik,nominalistische Logik,Bd05_Log-N:0091:0048,Bd05_Log-N,comma_inverted
nominator,Nominator,Bd05_Log-N:0617:0487,Bd05_Log-N,primary
nomos,Nomos,Bd05_Log-N:0620:0488,Bd05_Log-N,primary
nomothetisch,nomothetisch,Bd05_Log-N:0620:0489,Bd05_Log-N,primary
nomothetisch,nomothetisch,Bd03_G-Inn:0560:0402,Bd05_Log-N,redirect_alias
nomothetisch,nomothetisch,Bd03_G-Inn:0560:0402,Bd03_G-Inn,slash_half
non causa pro causa,non causa pro causa,Bd05_Log-N:0620:0490,Bd05_Log-N,primary
non-standard-analysis,Non-Standard-Analysis,Bd05_Log-N:0620:0491,Bd05_Log-N,primary
non-statement-view,non-statement-view,Bd05_Log-N:0623:0492,Bd05_Log-N,primary
noologische termini,noologische Termini,Bd07_Re-Te:0711:0612,Bd07_Re-Te,comma_inverted
norm,Norm,Bd05_Log-N:0624:0493,Bd05_Log-N,primary
"norm juristisch, sozialwissenschaftlich","Norm (juristisch, sozialwissenschaftlich)",Bd05_Log-N:0626:0494,Bd05_Log-N,primary
norm protophysikalisch,Norm (protophysikalisch),Bd05_Log-N:0627:0495,Bd05_Log-N,primary
normale wissenschaft,normale Wissenschaft,Bd08_Th-Z:0559:0530,Bd08_Th-Z,comma_inverted
normalform,Normalform,Bd05_Log-N:0628:0496,Bd05_Log-N,primary
normalverteilung,Normalverteilung,Bd05_Log-N:0629:0497,Bd05_Log-N,primary
normativ,normativ,Bd05_Log-N:0630:0498,Bd05_Log-N,primary
normative ethik,normative Ethik,Bd02_C-F:0439:0482,Bd02_C-F,comma_inverted
normative logik,normative Logik,Bd05_Log-N:0092:0049,Bd05_Log-N,comma_inverted
normierung,Normierung,Bd05_Log-N:0630:0499,Bd05_Log-N,primary
norris,Norris,Bd05_Log-N:0631:0500,Bd05_Log-N,primary
nota notae rei est nota rei ipsius,nota notae rei est nota rei ipsius,Bd05_Log-N:0632:0501,Bd05_Log-N,primary
nota notae rei est nota rei ipsius,nota notae rei est nota rei ipsius,Bd05_Log-N:0363:0259,Bd05_Log-N,redirect_alias
notation,Notation,Bd05_Log-N:0632:0502,Bd05_Log-N,primary
"notation, logische","Notation, logische",Bd05_Log-N:0633:0503,Bd05_Log-N,primary
notwehr,Notwehr,Bd05_Log-N:0635:0504,Bd05_Log-N,primary
notwendig,notwendig,Bd05_Log-N:0637:0505,Bd05_Log-N,slash_half
notwendig/notwendigkeit,notwendig/Notwendigkeit,Bd05_Log-N:0637:0505,Bd05_Log-N,primary
notwendigkeit,Notwendigkeit,Bd05_Log-N:0637:0505,Bd05_Log-N,slash_half
noumenon,Noumenon,Bd05_Log-N:0640:0506,Bd05_Log-N,primary
novalis,Novalis,Bd05_Log-N:0640:0507,Bd05_Log-N,primary
nozick,Nozick,Bd05_Log-N:0642:0508,Bd05_Log-N,primary
nullfolge,Nullfolge,Bd05_Log-N:0643:0509,Bd05_Log-N,primary
nullmenge,Nullmenge,Bd05_Log-N:0643:0510,Bd05_Log-N,primary
nullsummenspiel,Nullsummenspiel,Bd05_Log-N:0643:0511,Bd05_Log-N,primary
numenios,Numenios,Bd05_Log-N:0644:0512,Bd05_Log-N,primary
nus,Nus,Bd05_Log-N:0644:0513,Bd05_Log-N,primary
nutzen,Nutzen,Bd05_Log-N:0645:0514,Bd05_Log-N,primary
nutzlichkeitsprinzip,Nützlichkeitsprinzip,Bd05_Log-N:0647:0515,Bd05_Log-N,primary
nutzlichkeitsprinzip,Nützlichkeitsprinzip,Bd08_Th-Z:0264:0239,Bd05_Log-N,redirect_alias
nyāya,Nyāya,Bd05_Log-N:0647:0516,Bd05_Log-N,primary
nāgārjuna,Nāgārjuna,Bd05_Log-N:0509:0404,Bd05_Log-N,primary
nāmarūpa,nāmarūpa,Bd05_Log-N:0514:0408,Bd05_Log-N,primary
oberbegriff,Oberbegriff,Bd06_O-Ra:0020:0001,Bd06_O-Ra,primary
oberflachenstruktur,Oberflächenstruktur,Bd06_O-Ra:0021:0002,Bd06_O-Ra,primary
obersatz,Obersatz,Bd06_O-Ra:0021:0003,Bd06_O-Ra,primary
objekt,Objekt,Bd06_O-Ra:0022:0004,Bd06_O-Ra,primary
"objekt, transzendentales","Objekt, transzendentales",Bd06_O-Ra:0025:0005,Bd06_O-Ra,primary
objektaussage,Objektaussage,Bd06_O-Ra:0026:0006,Bd06_O-Ra,primary
objektbereich,Objektbereich,Bd06_O-Ra:0026:0007,Bd06_O-Ra,primary
objektiv,objektiv,Bd06_O-Ra:0027:0008,Bd06_O-Ra,slash_half
objektiv/objektivitat,objektiv/Objektivität,Bd06_O-Ra:0027:0008,Bd06_O-Ra,primary
objektiver geist,objektiver Geist,Bd03_G-Inn:0072:0044,Bd03_G-Inn,comma_inverted
objektiver idealismus,objektiver Idealismus,Bd03_G-Inn:0528:0377,Bd03_G-Inn,comma_inverted
objektivismus,Objektivismus,Bd06_O-Ra:0028:0009,Bd06_O-Ra,primary
objektivitat,Objektivität,Bd06_O-Ra:0027:0008,Bd06_O-Ra,slash_half
objektkompetenz,Objektkompetenz,Bd06_O-Ra:0029:0010,Bd06_O-Ra,primary
objektsprache,Objektsprache,Bd06_O-Ra:0029:0011,Bd06_O-Ra,primary
objektstufe,Objektstufe,Bd06_O-Ra:0030:0012,Bd06_O-Ra,primary
objektvariable,Objektvariable,Bd06_O-Ra:0030:0013,Bd06_O-Ra,primary
obligationes,obligationes,Bd06_O-Ra:0030:0014,Bd06_O-Ra,primary
obliquer syllogismus,obliquer Syllogismus,Bd07_Re-Te:0621:0528,Bd07_Re-Te,comma_inverted
obscuritas,obscuritas,Bd06_O-Ra:0032:0015,Bd06_O-Ra,primary
obversion,Obversion,Bd06_O-Ra:0032:0016,Bd06_O-Ra,primary
ockham,Ockham,Bd06_O-Ra:0033:0017,Bd06_O-Ra,primary
ockhamismus,Ockhamismus,Bd06_O-Ra:0038:0018,Bd06_O-Ra,primary
ockham’s razor,Ockham’s razor,Bd06_O-Ra:0039:0019,Bd06_O-Ra,primary
oder,oder,Bd06_O-Ra:0040:0020,Bd06_O-Ra,primary
oetinger,Oetinger,Bd06_O-Ra:0040:0021,Bd06_O-Ra,primary
offenbarung,Offenbarung,Bd06_O-Ra:0041:0022,Bd06_O-Ra,primary
offentlichkeit,Öffentlichkeit,Bd06_O-Ra:0041:0023,Bd06_O-Ra,primary
oinopides,Oinopides,Bd06_O-Ra:0042:0024,Bd06_O-Ra,primary
oken,Oken,Bd06_O-Ra:0043:0025,Bd06_O-Ra,primary
okkasionalismus,Okkasionalismus,Bd06_O-Ra:0043:0026,Bd06_O-Ra,primary
okologie,Ökologie,Bd06_O-Ra:0044:0027,Bd06_O-Ra,primary
okologische ethik,ökologische Ethik,Bd02_C-F:0439:0483,Bd02_C-F,comma_inverted
okonomie,Ökonomie,Bd06_O-Ra:0047:0028,Bd06_O-Ra,primary
"okonomie, politische","Ökonomie, politische",Bd06_O-Ra:0049:0029,Bd06_O-Ra,primary
okonomieprinzip,Ökonomieprinzip,Bd06_O-Ra:0050:0030,Bd06_O-Ra,primary
okonomieprinzip,Ökonomieprinzip,Bd02_C-F:0174:0195,Bd06_O-Ra,redirect_alias
okonomische basis,ökonomische Basis,Bd01_A-B:0379:0482,Bd01_A-B,comma_inverted
olivi,Olivi,Bd06_O-Ra:0050:0031,Bd06_O-Ra,primary
olympiodoros,Olympiodoros,Bd06_O-Ra:0053:0032,Bd06_O-Ra,primary
omne quod movetur ab alio movetur,omne quod movetur ab alio movetur,Bd06_O-Ra:0053:0033,Bd06_O-Ra,primary
ontologie,Ontologie,Bd06_O-Ra:0054:0034,Bd06_O-Ra,primary
ontologische differenz,ontologische Differenz,Bd02_C-F:0222:0242,Bd02_C-F,comma_inverted
operatio,operatio,Bd06_O-Ra:0056:0035,Bd06_O-Ra,primary
operation,Operation,Bd06_O-Ra:0056:0036,Bd06_O-Ra,primary
operationale definition,operationale Definition,Bd02_C-F:0160:0180,Bd02_C-F,comma_inverted
operationalismus,Operationalismus,Bd06_O-Ra:0058:0037,Bd06_O-Ra,primary
operativ,operativ,Bd06_O-Ra:0060:0038,Bd06_O-Ra,primary
operative logik,operative Logik,Bd05_Log-N:0092:0050,Bd05_Log-N,comma_inverted
operative mathematik,operative Mathematik,Bd05_Log-N:0285:0198,Bd05_Log-N,comma_inverted
operator,Operator,Bd06_O-Ra:0061:0039,Bd06_O-Ra,primary
oppenheim,Oppenheim,Bd06_O-Ra:0061:0040,Bd06_O-Ra,primary
opponent,Opponent,Bd06_O-Ra:0062:0041,Bd06_O-Ra,primary
opposition,Opposition,Bd06_O-Ra:0062:0042,Bd06_O-Ra,primary
oppositionsschluss,Oppositionsschluß,Bd06_O-Ra:0063:0043,Bd06_O-Ra,primary
optik,Optik,Bd06_O-Ra:0064:0044,Bd06_O-Ra,primary
optimismus,Optimismus,Bd06_O-Ra:0066:0045,Bd06_O-Ra,primary
ordinalzahl,Ordinalzahl,Bd06_O-Ra:0066:0046,Bd06_O-Ra,primary
ordinary language philosophy,Ordinary Language Philosophy,Bd06_O-Ra:0067:0047,Bd06_O-Ra,primary
ordnung,Ordnung,Bd06_O-Ra:0067:0048,Bd06_O-Ra,primary
ordnungsrelation,Ordnungsrelation,Bd06_O-Ra:0068:0049,Bd06_O-Ra,primary
ordnungszahl,Ordnungszahl,Bd06_O-Ra:0068:0050,Bd06_O-Ra,primary
ordnungszahl,Ordnungszahl,Bd06_O-Ra:0066:0046,Bd06_O-Ra,redirect_alias
ordo,ordo,Bd06_O-Ra:0068:0051,Bd06_O-Ra,primary
oresme,Oresme,Bd06_O-Ra:0068:0052,Bd06_O-Ra,primary
organismus,Organismus,Bd06_O-Ra:0072:0053,Bd06_O-Ra,primary
organizismus,Organizismus,Bd06_O-Ra:0074:0054,Bd06_O-Ra,primary
organon,Organon,Bd06_O-Ra:0074:0055,Bd06_O-Ra,primary
orientierung,Orientierung,Bd06_O-Ra:0075:0056,Bd06_O-Ra,primary
origenes,Origenes,Bd06_O-Ra:0076:0057,Bd06_O-Ra,primary
origenes,Origenes,Bd06_O-Ra:0076:0058,Bd06_O-Ra,primary
orphik,Orphik,Bd06_O-Ra:0078:0059,Bd06_O-Ra,primary
ortega y gasset,Ortega y Gasset,Bd06_O-Ra:0080:0060,Bd06_O-Ra,primary
orthodidaktik,Orthodidaktik,Bd06_O-Ra:0082:0061,Bd06_O-Ra,primary
orthomodularer verband,orthomodularer Verband,Bd08_Th-Z:0308:0275,Bd08_Th-Z,comma_inverted
orthos logos,Orthos logos,Bd06_O-Ra:0082:0062,Bd06_O-Ra,primary
orthosprache,Orthosprache,Bd06_O-Ra:0082:0063,Bd06_O-Ra,primary
osiander,Osiander,Bd06_O-Ra:0083:0064,Bd06_O-Ra,primary
ostension,Ostension,Bd06_O-Ra:0084:0065,Bd06_O-Ra,primary
ostwald,Ostwald,Bd06_O-Ra:0086:0066,Bd06_O-Ra,primary
other minds,other minds,Bd06_O-Ra:0088:0067,Bd06_O-Ra,primary
otto,Otto,Bd06_O-Ra:0090:0068,Bd06_O-Ra,primary
otto,Otto,Bd06_O-Ra:0090:0069,Bd06_O-Ra,primary
oxford philosophy,Oxford Philosophy,Bd06_O-Ra:0091:0070,Bd06_O-Ra,primary
"paar, geordnetes","Paar, geordnetes",Bd06_O-Ra:0093:0071,Bd06_O-Ra,primary
padoa,Padoa,Bd06_O-Ra:0094:0073,Bd06_O-Ra,primary
padoa-kriterium,Padoa-Kriterium,Bd06_O-Ra:0095:0074,Bd06_O-Ra,primary
padoa-kriterium,Padoa-Kriterium,Bd02_C-F:0151:0172,Bd06_O-Ra,redirect_alias
"padua, schule von","Padua, Schule von",Bd06_O-Ra:0095:0075,Bd06_O-Ra,primary
padārtha,padārtha,Bd06_O-Ra:0093:0072,Bd06_O-Ra,primary
paine,Paine,Bd06_O-Ra:0096:0076,Bd06_O-Ra,primary
palagyi,Palágyi,Bd06_O-Ra:0098:0077,Bd06_O-Ra,primary
panaitios,Panaitios,Bd06_O-Ra:0098:0078,Bd06_O-Ra,primary
panentheismus,Panentheismus,Bd06_O-Ra:0099:0079,Bd06_O-Ra,primary
panentheismus,Panentheismus,Bd06_O-Ra:0102:0082,Bd06_O-Ra,redirect_alias
panpsychismus,Panpsychismus,Bd06_O-Ra:0101:0081,Bd06_O-Ra,primary
pantheismus,Pantheismus,Bd06_O-Ra:0102:0082,Bd06_O-Ra,primary
pantheismusstreit,Pantheismusstreit,Bd06_O-Ra:0103:0083,Bd06_O-Ra,primary
pappos,Pappos,Bd06_O-Ra:0104:0084,Bd06_O-Ra,primary
paracelsus,Paracelsus,Bd06_O-Ra:0105:0085,Bd06_O-Ra,primary
paradigm case argument,paradigm case argument,Bd06_O-Ra:0113:0088,Bd06_O-Ra,primary
paradigma,Paradigma,Bd06_O-Ra:0108:0086,Bd06_O-Ra,primary
paradigma semiotisch,Paradigma (semiotisch),Bd06_O-Ra:0112:0087,Bd06_O-Ra,primary
paradox,paradox,Bd06_O-Ra:0115:0089,Bd06_O-Ra,primary
paradoxie,Paradoxie,Bd06_O-Ra:0115:0090,Bd06_O-Ra,primary
paradoxien der implikation,Paradoxien der Implikation,Bd06_O-Ra:0121:0093,Bd06_O-Ra,primary
paradoxien des unendlichen,Paradoxien des Unendlichen,Bd06_O-Ra:0121:0094,Bd06_O-Ra,primary
"paradoxien, kosmologische","Paradoxien, kosmologische",Bd06_O-Ra:0116:0091,Bd06_O-Ra,primary
"paradoxien, zenonische","Paradoxien, zenonische",Bd06_O-Ra:0118:0092,Bd06_O-Ra,primary
paradoxon,Paradoxon,Bd06_O-Ra:0122:0095,Bd06_O-Ra,primary
parakonsistent,parakonsistent,Bd06_O-Ra:0123:0096,Bd06_O-Ra,slash_half
parakonsistent/parakonsistenz,parakonsistent/Parakonsistenz,Bd06_O-Ra:0123:0096,Bd06_O-Ra,primary
parakonsistente logik,parakonsistente Logik,Bd05_Log-N:0095:0051,Bd05_Log-N,comma_inverted
parakonsistenz,Parakonsistenz,Bd06_O-Ra:0123:0096,Bd06_O-Ra,slash_half
parallel,parallel,Bd06_O-Ra:0124:0097,Bd06_O-Ra,primary
parallelenaxiom,Parallelenaxiom,Bd06_O-Ra:0125:0098,Bd06_O-Ra,primary
"parallelismus, psychophysischer","Parallelismus, psychophysischer",Bd06_O-Ra:0126:0099,Bd06_O-Ra,primary
parallelogrammregel,Parallelogrammregel,Bd06_O-Ra:0127:0100,Bd06_O-Ra,primary
paralogismus,Paralogismus,Bd06_O-Ra:0128:0101,Bd06_O-Ra,primary
parameter,Parameter,Bd06_O-Ra:0128:0102,Bd06_O-Ra,primary
"parameter, verborgene","Parameter, verborgene",Bd06_O-Ra:0129:0103,Bd06_O-Ra,primary
parapsychologie,Parapsychologie,Bd06_O-Ra:0131:0104,Bd06_O-Ra,primary
parasprache,Parasprache,Bd06_O-Ra:0133:0105,Bd06_O-Ra,primary
pareto,Pareto,Bd06_O-Ra:0133:0106,Bd06_O-Ra,primary
pareto-prinzip,Pareto-Prinzip,Bd06_O-Ra:0137:0107,Bd06_O-Ra,primary
pareto-prinzip,Pareto-Prinzip,Bd06_O-Ra:0133:0106,Bd06_O-Ra,redirect_alias
parin.āma,parin.āma,Bd06_O-Ra:0137:0108,Bd06_O-Ra,primary
parmenides,Parmenides,Bd06_O-Ra:0137:0109,Bd06_O-Ra,primary
parole,parole,Bd04_Ins-Loc:0478:0378,Bd04_Ins-Loc,slash_half
paronym,paronym,Bd06_O-Ra:0139:0110,Bd06_O-Ra,primary
parteilichkeit,Parteilichkeit,Bd06_O-Ra:0140:0111,Bd06_O-Ra,primary
partiell,partiell,Bd06_O-Ra:0140:0112,Bd06_O-Ra,primary
partielle interpretation,partielle Interpretation,Bd04_Ins-Loc:0060:0029,Bd04_Ins-Loc,comma_inverted
"partikel, logische","Partikel, logische",Bd06_O-Ra:0140:0113,Bd06_O-Ra,primary
partikelregeln,Partikelregeln,Bd06_O-Ra:0141:0114,Bd06_O-Ra,primary
partikular,partikular,Bd06_O-Ra:0141:0115,Bd06_O-Ra,primary
partikulares urteil,partikulares Urteil,Bd08_Th-Z:0257:0226,Bd08_Th-Z,comma_inverted
partikularia,Partikularia,Bd06_O-Ra:0141:0116,Bd06_O-Ra,primary
partikularisator,Partikularisator,Bd06_O-Ra:0141:0117,Bd06_O-Ra,primary
partikularisator,Partikularisator,Bd02_C-F:0317:0358,Bd06_O-Ra,redirect_alias
partikularisierung,Partikularisierung,Bd06_O-Ra:0141:0118,Bd06_O-Ra,primary
partition,Partition,Bd06_O-Ra:0141:0119,Bd06_O-Ra,primary
partizipation,Partizipation,Bd06_O-Ra:0142:0120,Bd06_O-Ra,primary
partizipation,Partizipation,Bd07_Re-Te:0695:0602,Bd06_O-Ra,redirect_alias
parva logicalia,parva logicalia,Bd06_O-Ra:0142:0121,Bd06_O-Ra,primary
pascal,Pascal,Bd06_O-Ra:0142:0122,Bd06_O-Ra,primary
passio,passio,Bd06_O-Ra:0145:0123,Bd06_O-Ra,primary
pataçjali,PataÇjali,Bd06_O-Ra:0145:0124,Bd06_O-Ra,primary
patristik,Patristik,Bd06_O-Ra:0146:0125,Bd06_O-Ra,primary
patrizi,Patrizi,Bd06_O-Ra:0147:0126,Bd06_O-Ra,primary
pauli,Pauli,Bd06_O-Ra:0148:0127,Bd06_O-Ra,primary
paulsen,Paulsen,Bd06_O-Ra:0150:0128,Bd06_O-Ra,primary
paulus nicolettus venetus,Paulus (Nicolettus) Venetus,Bd06_O-Ra:0150:0129,Bd06_O-Ra,primary
pct-theorem,PCT-Theorem,Bd06_O-Ra:0152:0130,Bd06_O-Ra,primary
peano,Peano,Bd06_O-Ra:0153:0131,Bd06_O-Ra,primary
peano-axiome,Peano-Axiome,Bd06_O-Ra:0155:0132,Bd06_O-Ra,primary
peano-formalismus,Peano-Formalismus,Bd06_O-Ra:0156:0133,Bd06_O-Ra,primary
peirce,Peirce,Bd06_O-Ra:0156:0134,Bd06_O-Ra,primary
peircesche formel,Peircesche Formel,Bd06_O-Ra:0160:0135,Bd06_O-Ra,primary
peircescher junktor,Peircescher Junktor,Bd06_O-Ra:0160:0137,Bd06_O-Ra,primary
pemberton,Pemberton,Bd06_O-Ra:0161:0138,Bd06_O-Ra,primary
per accidens,per accidens,Bd06_O-Ra:0161:0139,Bd06_O-Ra,primary
per se,per se,Bd06_O-Ra:0166:0147,Bd06_O-Ra,primary
perelman,Perelman,Bd06_O-Ra:0162:0140,Bd06_O-Ra,primary
performativum,Performativum,Bd06_O-Ra:0163:0141,Bd06_O-Ra,primary
performator,Performator,Bd06_O-Ra:0164:0142,Bd06_O-Ra,primary
peripatetiker,Peripatetiker,Bd06_O-Ra:0164:0143,Bd06_O-Ra,primary
peripatos,Peripatos,Bd06_O-Ra:0164:0144,Bd06_O-Ra,primary
perlokution,Perlokution,Bd06_O-Ra:0166:0145,Bd06_O-Ra,primary
perlokution,Perlokution,Bd07_Re-Te:0518:0428,Bd06_O-Ra,redirect_alias
perpetuum mobile,Perpetuum mobile,Bd06_O-Ra:0166:0146,Bd06_O-Ra,primary
person,Person,Bd06_O-Ra:0166:0148,Bd06_O-Ra,primary
personale identitat,personale Identität,Bd03_G-Inn:0552:0396,Bd03_G-Inn,comma_inverted
personalismus,Personalismus,Bd06_O-Ra:0170:0149,Bd06_O-Ra,primary
perspektive,Perspektive,Bd06_O-Ra:0171:0150,Bd06_O-Ra,primary
perspektive semiotisch,Perspektive (semiotisch),Bd06_O-Ra:0172:0151,Bd06_O-Ra,primary
perspektivismus,Perspektivismus,Bd06_O-Ra:0174:0152,Bd06_O-Ra,primary
persuasiv,persuasiv,Bd06_O-Ra:0175:0153,Bd06_O-Ra,primary
perzeption,Perzeption,Bd06_O-Ra:0175:0154,Bd06_O-Ra,primary
pessimismus,Pessimismus,Bd06_O-Ra:0176:0155,Bd06_O-Ra,primary
peter von ailly,Peter von Ailly,Bd06_O-Ra:0177:0156,Bd06_O-Ra,primary
peter von ailly,Peter von Ailly,Bd01_A-B:0078:0097,Bd06_O-Ra,redirect_alias
petitio principii,petitio principii,Bd06_O-Ra:0177:0157,Bd06_O-Ra,primary
petrarca,Petrarca,Bd06_O-Ra:0178:0158,Bd06_O-Ra,primary
petronijević,Petronijević,Bd06_O-Ra:0180:0159,Bd06_O-Ra,primary
petrus aureoli,Petrus Aureoli,Bd06_O-Ra:0181:0160,Bd06_O-Ra,primary
petrus damiani,Petrus Damiani,Bd06_O-Ra:0182:0162,Bd06_O-Ra,primary
petrus d’abano,Petrus d’Abano,Bd06_O-Ra:0182:0161,Bd06_O-Ra,primary
petrus d’abano,Petrus d’Abano,Bd01_A-B:0028:0004,Bd06_O-Ra,redirect_alias
petrus hispanus,Petrus Hispanus,Bd06_O-Ra:0183:0163,Bd06_O-Ra,primary
petrus lombardus,Petrus Lombardus,Bd06_O-Ra:0184:0164,Bd06_O-Ra,primary
petrus peregrinus de maricourt,Petrus Peregrinus de Maricourt,Bd06_O-Ra:0185:0165,Bd06_O-Ra,primary
petrus tartaretus,Petrus Tartaretus,Bd06_O-Ra:0185:0166,Bd06_O-Ra,primary
peurbach,Peurbach,Bd06_O-Ra:0186:0167,Bd06_O-Ra,primary
pfander,Pfänder,Bd06_O-Ra:0188:0168,Bd06_O-Ra,primary
pflicht,Pflicht,Bd06_O-Ra:0189:0169,Bd06_O-Ra,primary
pflichtethik,Pflichtethik,Bd06_O-Ra:0190:0170,Bd06_O-Ra,primary
phaenomenon,Phaenomenon,Bd06_O-Ra:0191:0171,Bd06_O-Ra,primary
phaidon,Phaidon,Bd06_O-Ra:0192:0172,Bd06_O-Ra,primary
phanomenalismus,Phänomenalismus,Bd06_O-Ra:0192:0173,Bd06_O-Ra,primary
"phanomenalismus, linguistischer","Phänomenalismus, linguistischer",Bd06_O-Ra:0194:0174,Bd06_O-Ra,primary
phanomenologie,Phänomenologie,Bd06_O-Ra:0195:0175,Bd06_O-Ra,primary
phanomenologie des geistes,Phänomenologie des Geistes,Bd06_O-Ra:0199:0176,Bd06_O-Ra,primary
phanomenologische methode,phänomenologische Methode,Bd05_Log-N:0409:0296,Bd05_Log-N,comma_inverted
phanomenologische reduktion,phänomenologische Reduktion,Bd07_Re-Te:0050:0026,Bd07_Re-Te,comma_inverted
phanotyp,Phänotyp,Bd06_O-Ra:0203:0177,Bd06_O-Ra,primary
phantasie,Phantasie,Bd06_O-Ra:0203:0178,Bd06_O-Ra,primary
philodemos,Philodemos,Bd06_O-Ra:0204:0179,Bd06_O-Ra,primary
philolaos,Philolaos,Bd06_O-Ra:0206:0180,Bd06_O-Ra,primary
philon,Philon,Bd06_O-Ra:0207:0181,Bd06_O-Ra,primary
philon,Philon,Bd06_O-Ra:0208:0182,Bd06_O-Ra,primary
philon,Philon,Bd06_O-Ra:0209:0183,Bd06_O-Ra,primary
philoponos,Philoponos,Bd06_O-Ra:0210:0184,Bd06_O-Ra,primary
philosophem,Philosophem,Bd06_O-Ra:0212:0185,Bd06_O-Ra,primary
philosophenkonige,Philosophenkönige,Bd06_O-Ra:0212:0186,Bd06_O-Ra,primary
philosophia perennis,philosophia perennis,Bd06_O-Ra:0213:0187,Bd06_O-Ra,primary
philosophia prima,philosophia prima,Bd06_O-Ra:0213:0188,Bd06_O-Ra,primary
philosophie,Philosophie,Bd06_O-Ra:0214:0189,Bd06_O-Ra,primary
philosophie der logik,Philosophie der Logik,Bd06_O-Ra:0305:0218,Bd06_O-Ra,primary
philosophie des geistes,Philosophie des Geistes,Bd06_O-Ra:0307:0219,Bd06_O-Ra,primary
"philosophie, analytische","Philosophie, analytische",Bd06_O-Ra:0222:0190,Bd06_O-Ra,primary
"philosophie, antike","Philosophie, antike",Bd06_O-Ra:0228:0191,Bd06_O-Ra,primary
"philosophie, attische","Philosophie, attische",Bd06_O-Ra:0229:0192,Bd06_O-Ra,primary
"philosophie, buddhistische","Philosophie, buddhistische",Bd06_O-Ra:0229:0193,Bd06_O-Ra,primary
"philosophie, chinesische","Philosophie, chinesische",Bd06_O-Ra:0242:0194,Bd06_O-Ra,primary
"philosophie, christliche","Philosophie, christliche",Bd06_O-Ra:0244:0195,Bd06_O-Ra,primary
"philosophie, dialogische","Philosophie, dialogische",Bd06_O-Ra:0245:0196,Bd06_O-Ra,primary
"philosophie, empirische","Philosophie, empirische",Bd06_O-Ra:0247:0197,Bd06_O-Ra,primary
"philosophie, erste","Philosophie, erste",Bd06_O-Ra:0247:0198,Bd06_O-Ra,primary
"philosophie, griechische","Philosophie, griechische",Bd06_O-Ra:0247:0199,Bd06_O-Ra,primary
"philosophie, hellenistische","Philosophie, hellenistische",Bd06_O-Ra:0250:0200,Bd06_O-Ra,primary
"philosophie, hermetische","Philosophie, hermetische",Bd06_O-Ra:0251:0201,Bd06_O-Ra,primary
"philosophie, indische","Philosophie, indische",Bd06_O-Ra:0252:0202,Bd06_O-Ra,primary
"philosophie, ionische","Philosophie, ionische",Bd06_O-Ra:0268:0203,Bd06_O-Ra,primary
"philosophie, islamische","Philosophie, islamische",Bd06_O-Ra:0269:0204,Bd06_O-Ra,primary
"philosophie, jainistische","Philosophie, jainistische",Bd06_O-Ra:0273:0205,Bd06_O-Ra,primary
"philosophie, japanische","Philosophie, japanische",Bd06_O-Ra:0277:0206,Bd06_O-Ra,primary
"philosophie, judische","Philosophie, jüdische",Bd06_O-Ra:0288:0207,Bd06_O-Ra,primary
"philosophie, komparative","Philosophie, komparative",Bd06_O-Ra:0294:0208,Bd06_O-Ra,primary
"philosophie, konstruktive","Philosophie, konstruktive",Bd06_O-Ra:0295:0209,Bd06_O-Ra,primary
"philosophie, marxistische","Philosophie, marxistische",Bd06_O-Ra:0295:0210,Bd06_O-Ra,primary
"philosophie, mittelalterliche","Philosophie, mittelalterliche",Bd06_O-Ra:0299:0211,Bd06_O-Ra,primary
"philosophie, mittelalterliche","Philosophie, mittelalterliche",Bd07_Re-Te:0289:0238,Bd06_O-Ra,redirect_alias
"philosophie, poietische","Philosophie, poietische",Bd06_O-Ra:0299:0212,Bd06_O-Ra,primary
"philosophie, politische","Philosophie, politische",Bd06_O-Ra:0300:0213,Bd06_O-Ra,primary
"philosophie, positive","Philosophie, positive",Bd06_O-Ra:0302:0214,Bd06_O-Ra,primary
"philosophie, praktische","Philosophie, praktische",Bd06_O-Ra:0302:0215,Bd06_O-Ra,primary
"philosophie, romische","Philosophie, römische",Bd06_O-Ra:0304:0216,Bd06_O-Ra,primary
"philosophie, theoretische","Philosophie, theoretische",Bd06_O-Ra:0304:0217,Bd06_O-Ra,primary
philosophiegeschichte,Philosophiegeschichte,Bd06_O-Ra:0308:0220,Bd06_O-Ra,primary
philosophische logik,philosophische Logik,Bd05_Log-N:0097:0052,Bd05_Log-N,comma_inverted
philosophisches proliferationsprinzip,philosophisches Proliferationsprinzip,Bd06_O-Ra:0476:0375,Bd06_O-Ra,comma_inverted
philosophy of mind,philosophy of mind,Bd06_O-Ra:0310:0221,Bd06_O-Ra,primary
phlogistontheorie,Phlogistontheorie,Bd06_O-Ra:0318:0222,Bd06_O-Ra,primary
phonem,Phonem,Bd06_O-Ra:0319:0223,Bd06_O-Ra,primary
photios,Photios,Bd06_O-Ra:0320:0224,Bd06_O-Ra,primary
phrastikon,Phrastikon,Bd05_Log-N:0571:0454,Bd05_Log-N,slash_half
phronesis,Phronesis,Bd06_O-Ra:0321:0225,Bd06_O-Ra,primary
physik,Physik,Bd06_O-Ra:0321:0226,Bd06_O-Ra,primary
physikalismus,Physikalismus,Bd06_O-Ra:0330:0227,Bd06_O-Ra,primary
physikotheologie,Physikotheologie,Bd06_O-Ra:0331:0228,Bd06_O-Ra,primary
physiokratie,Physiokratie,Bd06_O-Ra:0332:0229,Bd06_O-Ra,primary
physis,Physis,Bd06_O-Ra:0334:0230,Bd06_O-Ra,primary
piaget,Piaget,Bd06_O-Ra:0335:0231,Bd06_O-Ra,primary
piccolomini,Piccolòmini,Bd06_O-Ra:0337:0232,Bd06_O-Ra,primary
piccolomini,Piccolòmini,Bd06_O-Ra:0338:0233,Bd06_O-Ra,primary
pichler,Pichler,Bd06_O-Ra:0338:0234,Bd06_O-Ra,primary
picht,Picht,Bd06_O-Ra:0339:0235,Bd06_O-Ra,primary
pico della mirandola,Pico della Mirandola,Bd06_O-Ra:0340:0236,Bd06_O-Ra,primary
pieper,Pieper,Bd06_O-Ra:0342:0237,Bd06_O-Ra,primary
pieri,Pieri,Bd06_O-Ra:0343:0238,Bd06_O-Ra,primary
pietismus,Pietismus,Bd06_O-Ra:0344:0239,Bd06_O-Ra,primary
pilzbarth,Pilzbarth,Bd06_O-Ra:0345:0240,Bd06_O-Ra,primary
planck,Planck,Bd06_O-Ra:0347:0241,Bd06_O-Ra,primary
platon,Platon,Bd06_O-Ra:0349:0242,Bd06_O-Ra,primary
platonische akademie academia platonica,Platonische Akademie (Academia Platonica),Bd06_O-Ra:0360:0243,Bd06_O-Ra,primary
platonische korper,Platonische Körper,Bd06_O-Ra:0361:0244,Bd06_O-Ra,primary
platonismus,Platonismus,Bd06_O-Ra:0363:0245,Bd06_O-Ra,primary
platonismus wissenschaftstheoretisch,Platonismus (wissenschaftstheoretisch),Bd06_O-Ra:0364:0246,Bd06_O-Ra,primary
plechanow,Plechanow,Bd06_O-Ra:0366:0247,Bd06_O-Ra,primary
plessner,Plessner,Bd06_O-Ra:0367:0248,Bd06_O-Ra,primary
plethon,Plethon,Bd06_O-Ra:0368:0249,Bd06_O-Ra,primary
plotinos,Plotinos,Bd06_O-Ra:0369:0250,Bd06_O-Ra,primary
ploucquet,Ploucquet,Bd06_O-Ra:0371:0251,Bd06_O-Ra,primary
pluralismus,Pluralismus,Bd06_O-Ra:0372:0252,Bd06_O-Ra,primary
plutarchos,Plutarchos,Bd06_O-Ra:0374:0253,Bd06_O-Ra,primary
pneuma,Pneuma,Bd06_O-Ra:0374:0254,Bd06_O-Ra,primary
pneumatiker,Pneumatiker,Bd06_O-Ra:0375:0255,Bd06_O-Ra,primary
poetik,Poetik,Bd06_O-Ra:0375:0256,Bd06_O-Ra,primary
poiesis,Poiesis,Bd06_O-Ra:0379:0257,Bd06_O-Ra,primary
poietische philosophie,poietische Philosophie,Bd06_O-Ra:0299:0212,Bd06_O-Ra,comma_inverted
poincare,Poincaré,Bd06_O-Ra:0380:0258,Bd06_O-Ra,primary
polanyi,Polanyi,Bd06_O-Ra:0383:0259,Bd06_O-Ra,primary
polar-kontrar,polar-konträr,Bd06_O-Ra:0385:0260,Bd06_O-Ra,primary
politische okonomie,politische Ökonomie,Bd06_O-Ra:0049:0029,Bd06_O-Ra,comma_inverted
politische okonomie,politische Ökonomie,Bd06_O-Ra:0385:0261,Bd06_O-Ra,primary
politische okonomie,politische Ökonomie,Bd06_O-Ra:0049:0029,Bd06_O-Ra,redirect_alias
politische philosophie,politische Philosophie,Bd06_O-Ra:0300:0213,Bd06_O-Ra,comma_inverted
politische philosophie,politische Philosophie,Bd06_O-Ra:0385:0262,Bd06_O-Ra,primary
politische philosophie,politische Philosophie,Bd06_O-Ra:0300:0213,Bd06_O-Ra,redirect_alias
polnische notation,Polnische Notation,Bd06_O-Ra:0385:0263,Bd06_O-Ra,primary
polnische notation,Polnische Notation,Bd05_Log-N:0633:0503,Bd06_O-Ra,redirect_alias
polya,Pólya,Bd06_O-Ra:0385:0264,Bd06_O-Ra,primary
polyadische algebra,polyadische Algebra,Bd01_A-B:0115:0139,Bd01_A-B,comma_inverted
polylemma,Polylemma,Bd06_O-Ra:0385:0265,Bd06_O-Ra,primary
polymorph,polymorph,Bd06_O-Ra:0386:0266,Bd06_O-Ra,slash_half
polymorph/polymorphie,polymorph/Polymorphie,Bd06_O-Ra:0386:0266,Bd06_O-Ra,primary
polymorphie,Polymorphie,Bd06_O-Ra:0386:0266,Bd06_O-Ra,slash_half
polysyllogismus,Polysyllogismus,Bd06_O-Ra:0386:0267,Bd06_O-Ra,primary
polytheismus,Polytheismus,Bd06_O-Ra:0386:0268,Bd06_O-Ra,primary
pomponazzi,Pomponazzi,Bd06_O-Ra:0387:0269,Bd06_O-Ra,primary
pons asinorum,pons asinorum,Bd06_O-Ra:0388:0270,Bd06_O-Ra,primary
pons asinorum,pons asinorum,Bd02_C-F:0415:0469,Bd06_O-Ra,redirect_alias
popper,Popper,Bd06_O-Ra:0388:0271,Bd06_O-Ra,primary
popularphilosophie,Popularphilosophie,Bd06_O-Ra:0396:0272,Bd06_O-Ra,primary
porphyrios,Porphyrios,Bd06_O-Ra:0397:0273,Bd06_O-Ra,primary
"port-royal, schule von","Port-Royal, Schule von",Bd06_O-Ra:0399:0274,Bd06_O-Ra,primary
poseidonios,Poseidonios,Bd06_O-Ra:0400:0275,Bd06_O-Ra,primary
position,Position,Bd06_O-Ra:0401:0276,Bd06_O-Ra,primary
positiv,positiv,Bd06_O-Ra:0402:0277,Bd06_O-Ra,primary
positive logik,positive Logik,Bd05_Log-N:0098:0053,Bd05_Log-N,comma_inverted
positive philosophie,positive Philosophie,Bd06_O-Ra:0302:0214,Bd06_O-Ra,comma_inverted
positivismus historisch,Positivismus (historisch),Bd06_O-Ra:0403:0278,Bd06_O-Ra,primary
positivismus systematisch,Positivismus (systematisch),Bd06_O-Ra:0405:0279,Bd06_O-Ra,primary
"positivismus, logischer","Positivismus, logischer",Bd06_O-Ra:0406:0280,Bd06_O-Ra,primary
positivismusstreit,Positivismusstreit,Bd06_O-Ra:0406:0281,Bd06_O-Ra,primary
post,Post,Bd06_O-Ra:0406:0282,Bd06_O-Ra,primary
"post hoc, ergo propter hoc","post hoc, ergo propter hoc",Bd06_O-Ra:0407:0283,Bd06_O-Ra,primary
postmoderne,Postmoderne,Bd06_O-Ra:0408:0284,Bd06_O-Ra,primary
postpradikamente,Postprädikamente,Bd06_O-Ra:0409:0285,Bd06_O-Ra,primary
poststrukturalismus,Poststrukturalismus,Bd06_O-Ra:0409:0286,Bd06_O-Ra,primary
postulat,Postulat,Bd06_O-Ra:0409:0287,Bd06_O-Ra,primary
potenz,Potenz,Bd06_O-Ra:0410:0288,Bd06_O-Ra,primary
potenz,Potenz,Bd01_A-B:0089:0112,Bd06_O-Ra,redirect_alias
potenzmenge,Potenzmenge,Bd06_O-Ra:0410:0289,Bd06_O-Ra,primary
potenzmengenaxiom,Potenzmengenaxiom,Bd06_O-Ra:0410:0290,Bd06_O-Ra,primary
prabhākara,Prabhākara,Bd06_O-Ra:0410:0291,Bd06_O-Ra,primary
pradestination,Prädestination,Bd06_O-Ra:0411:0292,Bd06_O-Ra,primary
pradikabilien,Prädikabilien,Bd06_O-Ra:0412:0293,Bd06_O-Ra,primary
pradikament,Prädikament,Bd06_O-Ra:0412:0294,Bd06_O-Ra,primary
pradikat,Prädikat,Bd06_O-Ra:0413:0295,Bd06_O-Ra,primary
"pradikat, mengentheoretisches","Prädikat, mengentheoretisches",Bd06_O-Ra:0414:0296,Bd06_O-Ra,primary
"pradikat, mengentheoretisches","Prädikat, mengentheoretisches",Bd07_Re-Te:0565:0464,Bd06_O-Ra,redirect_alias
pradikatbegriff,Prädikatbegriff,Bd06_O-Ra:0414:0297,Bd06_O-Ra,primary
pradikatenkalkul,Prädikatenkalkül,Bd06_O-Ra:0414:0298,Bd06_O-Ra,primary
pradikatenkalkul,Prädikatenkalkül,Bd06_O-Ra:0565:0443,Bd06_O-Ra,redirect_alias
pradikatenlogik,Prädikatenlogik,Bd06_O-Ra:0414:0299,Bd06_O-Ra,primary
pradikation,Prädikation,Bd06_O-Ra:0414:0300,Bd06_O-Ra,primary
pradikativ,prädikativ,Bd06_O-Ra:0421:0301,Bd06_O-Ra,slash_half
pradikativ/pradikativitat,prädikativ/Prädikativität,Bd06_O-Ra:0421:0301,Bd06_O-Ra,primary
pradikativ/pradikativitat,prädikativ/Prädikativität,Bd03_G-Inn:0586:0434,Bd06_O-Ra,redirect_alias
pradikativitat,Prädikativität,Bd06_O-Ra:0421:0301,Bd06_O-Ra,slash_half
pradikatkonstante,Prädikatkonstante,Bd06_O-Ra:0421:0302,Bd06_O-Ra,primary
pradikator,Prädikator,Bd06_O-Ra:0421:0303,Bd06_O-Ra,primary
"pradikatorenbuchstabe, schematischer","Prädikatorenbuchstabe, schematischer",Bd06_O-Ra:0423:0304,Bd06_O-Ra,primary
pradikatorenregel,Prädikatorenregel,Bd06_O-Ra:0423:0305,Bd06_O-Ra,primary
pradikatvariable,Prädikatvariable,Bd06_O-Ra:0424:0306,Bd06_O-Ra,primary
praferenzlogik,Präferenzlogik,Bd06_O-Ra:0424:0307,Bd06_O-Ra,primary
pragmatik,Pragmatik,Bd06_O-Ra:0429:0308,Bd06_O-Ra,primary
pragmatisch,pragmatisch,Bd06_O-Ra:0431:0309,Bd06_O-Ra,primary
pragmatisches sinnkriterium,pragmatisches Sinnkriterium,Bd07_Re-Te:0414:0340,Bd07_Re-Te,comma_inverted
pragmatismus,Pragmatismus,Bd06_O-Ra:0431:0310,Bd06_O-Ra,primary
prajçā,prajÇā,Bd06_O-Ra:0434:0311,Bd06_O-Ra,primary
prakr.ti,prakr.ti,Bd06_O-Ra:0435:0312,Bd06_O-Ra,primary
praktisch,praktisch,Bd06_O-Ra:0435:0313,Bd06_O-Ra,primary
praktische philosophie,praktische Philosophie,Bd06_O-Ra:0302:0215,Bd06_O-Ra,comma_inverted
praktische philosophie,Praktische Philosophie,Bd06_O-Ra:0435:0314,Bd06_O-Ra,primary
praktische philosophie,Praktische Philosophie,Bd06_O-Ra:0302:0215,Bd06_O-Ra,redirect_alias
praktische vernunft,praktische Vernunft,Bd08_Th-Z:0327:0299,Bd08_Th-Z,comma_inverted
praktischer grund,praktischer Grund,Bd03_G-Inn:0245:0185,Bd03_G-Inn,comma_inverted
praktischer syllogismus,praktischer Syllogismus,Bd07_Re-Te:0621:0529,Bd07_Re-Te,comma_inverted
pramisse,Prämisse,Bd06_O-Ra:0436:0316,Bd06_O-Ra,primary
pramisseninduktion,Prämisseninduktion,Bd06_O-Ra:0437:0317,Bd06_O-Ra,primary
pramān.a,pramān.a,Bd06_O-Ra:0436:0315,Bd06_O-Ra,primary
prantl,Prantl,Bd06_O-Ra:0437:0318,Bd06_O-Ra,primary
prasentation,Präsentation,Bd06_O-Ra:0438:0320,Bd06_O-Ra,primary
praskriptiv,präskriptiv,Bd06_O-Ra:0438:0321,Bd06_O-Ra,primary
praskriptiv,präskriptiv,Bd06_O-Ra:0438:0321,Bd06_O-Ra,redirect_alias
praskriptiv,präskriptiv,Bd02_C-F:0184:0203,Bd02_C-F,slash_half
praskriptivismus,Präskriptivismus,Bd06_O-Ra:0439:0322,Bd06_O-Ra,primary
prastabilierte harmonie,prästabilierte Harmonie,Bd03_G-Inn:0311:0232,Bd03_G-Inn,comma_inverted
prasupposition,Präsupposition,Bd06_O-Ra:0440:0323,Bd06_O-Ra,primary
pratyaks.a,pratyaks.a,Bd06_O-Ra:0442:0324,Bd06_O-Ra,primary
praxeologie,Praxeologie,Bd06_O-Ra:0443:0325,Bd06_O-Ra,primary
praxis,Praxis,Bd06_O-Ra:0444:0326,Bd06_O-Ra,primary
prazessionsgesetz,Präzessionsgesetz,Bd06_O-Ra:0445:0327,Bd06_O-Ra,primary
prazessionsgesetz,Präzessionsgesetz,Bd04_Ins-Loc:0262:0178,Bd06_O-Ra,redirect_alias
praśastapāda,Praśastapāda,Bd06_O-Ra:0437:0319,Bd06_O-Ra,primary
priestley,Priestley,Bd06_O-Ra:0445:0328,Bd06_O-Ra,primary
prigogine,Prigogine,Bd06_O-Ra:0446:0329,Bd06_O-Ra,primary
primaussage,Primaussage,Bd06_O-Ra:0447:0330,Bd06_O-Ra,primary
primformel,Primformel,Bd06_O-Ra:0448:0331,Bd06_O-Ra,primary
primitiv,primitiv,Bd06_O-Ra:0448:0332,Bd06_O-Ra,primary
primitiv-rekursiv,primitiv-rekursiv,Bd06_O-Ra:0448:0333,Bd06_O-Ra,primary
primzahl,Primzahl,Bd06_O-Ra:0448:0334,Bd06_O-Ra,primary
principia mathematica,Principia Mathematica,Bd06_O-Ra:0448:0335,Bd06_O-Ra,primary
principium contradictionis,principium contradictionis,Bd06_O-Ra:0449:0336,Bd06_O-Ra,primary
principium contradictionis,principium contradictionis,Bd08_Th-Z:0513:0488,Bd06_O-Ra,redirect_alias
principium exclusi tertii,principium exclusi tertii,Bd06_O-Ra:0449:0337,Bd06_O-Ra,primary
principium identitatis,principium identitatis,Bd06_O-Ra:0449:0338,Bd06_O-Ra,primary
principium identitatis indiscernibilium,principium identitatis indiscernibilium,Bd06_O-Ra:0449:0339,Bd06_O-Ra,primary
principium melioris,principium melioris,Bd06_O-Ra:0449:0340,Bd06_O-Ra,primary
principium rationis sufficientis,principium rationis sufficientis,Bd06_O-Ra:0450:0341,Bd06_O-Ra,primary
principium rationis sufficientis,principium rationis sufficientis,Bd03_G-Inn:0250:0186,Bd06_O-Ra,redirect_alias
prinzip,Prinzip,Bd06_O-Ra:0450:0342,Bd06_O-Ra,primary
prinzip der kleinsten wirkung,Prinzip der kleinsten Wirkung,Bd06_O-Ra:0454:0346,Bd06_O-Ra,primary
prinzip der methodischen ordnung,Prinzip der methodischen Ordnung,Bd06_O-Ra:0455:0347,Bd06_O-Ra,primary
prinzip der pragmatischen ordnung,Prinzip der pragmatischen Ordnung,Bd06_O-Ra:0455:0348,Bd06_O-Ra,primary
prinzip der ruckwirkenden verpflichtung,Prinzip der rückwirkenden Verpflichtung,Bd06_O-Ra:0456:0349,Bd06_O-Ra,primary
"prinzip, anthropisches","Prinzip, anthropisches",Bd06_O-Ra:0450:0343,Bd06_O-Ra,primary
"prinzip, dialogisches","Prinzip, dialogisches",Bd06_O-Ra:0452:0344,Bd06_O-Ra,primary
"prinzip, methodisches","Prinzip, methodisches",Bd06_O-Ra:0453:0345,Bd06_O-Ra,primary
prior,Prior,Bd06_O-Ra:0457:0350,Bd06_O-Ra,primary
priorsche paradoxie,Priorsche Paradoxie,Bd06_O-Ra:0457:0351,Bd06_O-Ra,primary
prisoner’s dilemma,prisoner’s dilemma,Bd06_O-Ra:0458:0352,Bd06_O-Ra,primary
prisoner’s dilemma,prisoner’s dilemma,Bd03_G-Inn:0054:0027,Bd06_O-Ra,redirect_alias
privation,Privation,Bd06_O-Ra:0458:0353,Bd06_O-Ra,primary
privation,Privation,Bd07_Re-Te:0543:0443,Bd06_O-Ra,redirect_alias
privatsprache,Privatsprache,Bd06_O-Ra:0458:0354,Bd06_O-Ra,primary
probabilismus,Probabilismus,Bd06_O-Ra:0459:0355,Bd06_O-Ra,primary
probabilistische koharenz,probabilistische Kohärenz,Bd04_Ins-Loc:0275:0184,Bd04_Ins-Loc,comma_inverted
probabilistische logik,probabilistische Logik,Bd05_Log-N:0099:0054,Bd05_Log-N,comma_inverted
problem,Problem,Bd06_O-Ra:0460:0356,Bd06_O-Ra,primary
problematisches urteil,problematisches Urteil,Bd08_Th-Z:0257:0227,Bd08_Th-Z,comma_inverted
prodikos,Prodikos,Bd06_O-Ra:0460:0357,Bd06_O-Ra,primary
produkt logisch,Produkt (logisch),Bd06_O-Ra:0461:0358,Bd06_O-Ra,primary
produkt mathematisch,Produkt (mathematisch),Bd06_O-Ra:0461:0359,Bd06_O-Ra,primary
produkt mengentheoretisch,Produkt (mengentheoretisch),Bd06_O-Ra:0461:0360,Bd06_O-Ra,primary
produktion,Produktion,Bd06_O-Ra:0461:0361,Bd06_O-Ra,primary
produktionstheorie,Produktionstheorie,Bd06_O-Ra:0462:0362,Bd06_O-Ra,primary
profan,profan,Bd06_O-Ra:0463:0363,Bd06_O-Ra,slash_half
profan/profanitat,profan/Profanität,Bd06_O-Ra:0463:0363,Bd06_O-Ra,primary
profanitat,Profanität,Bd06_O-Ra:0463:0363,Bd06_O-Ra,slash_half
prognose,Prognose,Bd06_O-Ra:0464:0364,Bd06_O-Ra,primary
programmiersprachen,Programmiersprachen,Bd06_O-Ra:0466:0365,Bd06_O-Ra,primary
progressiv,progressiv,Bd06_O-Ra:0467:0366,Bd06_O-Ra,primary
progressus in infinitum,progressus in infinitum,Bd06_O-Ra:0468:0367,Bd06_O-Ra,primary
progressus in infinitum,progressus in infinitum,Bd07_Re-Te:0066:0047,Bd06_O-Ra,redirect_alias
prohairesis,Prohairesis,Bd06_O-Ra:0468:0368,Bd06_O-Ra,primary
projektion,Projektion,Bd06_O-Ra:0471:0370,Bd06_O-Ra,primary
projektion mathematisch,Projektion (mathematisch),Bd06_O-Ra:0468:0369,Bd06_O-Ra,primary
proklos,Proklos,Bd06_O-Ra:0471:0372,Bd06_O-Ra,primary
prolepsis,Prolepsis,Bd06_O-Ra:0474:0373,Bd06_O-Ra,primary
proliferationsprinzip,Proliferationsprinzip,Bd06_O-Ra:0475:0374,Bd06_O-Ra,primary
"proliferationsprinzip, philosophisches","Proliferationsprinzip, philosophisches",Bd06_O-Ra:0476:0375,Bd06_O-Ra,primary
propadeutik,Propädeutik,Bd06_O-Ra:0476:0376,Bd06_O-Ra,primary
proponent,Proponent,Bd06_O-Ra:0477:0377,Bd06_O-Ra,primary
proportionalitatsanalogie,Proportionalitätsanalogie,Bd06_O-Ra:0477:0378,Bd06_O-Ra,primary
proportionalregel,Proportionalregel,Bd06_O-Ra:0478:0379,Bd06_O-Ra,primary
proportionenlehre,Proportionenlehre,Bd06_O-Ra:0478:0380,Bd06_O-Ra,primary
propositio,propositio,Bd06_O-Ra:0479:0381,Bd06_O-Ra,primary
proposition,Proposition,Bd06_O-Ra:0479:0382,Bd06_O-Ra,primary
propositionale einstellung,propositionale Einstellung,Bd02_C-F:0322:0362,Bd02_C-F,comma_inverted
proprietates terminorum,proprietates terminorum,Bd06_O-Ra:0480:0383,Bd06_O-Ra,primary
proprium,proprium,Bd06_O-Ra:0481:0384,Bd06_O-Ra,primary
prosyllogismus,Prosyllogismus,Bd06_O-Ra:0481:0385,Bd06_O-Ra,primary
protagoras,Protagoras,Bd06_O-Ra:0482:0386,Bd06_O-Ra,primary
protobiologie,Protobiologie,Bd06_O-Ra:0483:0387,Bd06_O-Ra,primary
protochemie,Protochemie,Bd06_O-Ra:0484:0388,Bd06_O-Ra,primary
protoethik,Protoethik,Bd06_O-Ra:0485:0389,Bd06_O-Ra,primary
protogeometrie,Protogeometrie,Bd06_O-Ra:0486:0390,Bd06_O-Ra,primary
protokollsatz,Protokollsatz,Bd06_O-Ra:0489:0391,Bd06_O-Ra,primary
protologik,Protologik,Bd06_O-Ra:0491:0392,Bd06_O-Ra,primary
proton pseudos,proton pseudos,Bd06_O-Ra:0492:0393,Bd06_O-Ra,primary
protophilosophie,Protophilosophie,Bd06_O-Ra:0492:0394,Bd06_O-Ra,primary
protophysik,Protophysik,Bd06_O-Ra:0493:0395,Bd06_O-Ra,primary
protopsychologie,Protopsychologie,Bd06_O-Ra:0496:0396,Bd06_O-Ra,primary
prototheorie,Prototheorie,Bd06_O-Ra:0497:0397,Bd06_O-Ra,primary
protothetik,Protothetik,Bd06_O-Ra:0498:0398,Bd06_O-Ra,primary
proudhon,Proudhon,Bd06_O-Ra:0498:0399,Bd06_O-Ra,primary
provisorische moral,provisorische Moral,Bd05_Log-N:0477:0373,Bd05_Log-N,comma_inverted
prozess,Prozeß,Bd06_O-Ra:0500:0400,Bd06_O-Ra,primary
prufbarkeit,Prüfbarkeit,Bd06_O-Ra:0502:0401,Bd06_O-Ra,primary
"prufung, kritische","Prüfung, kritische",Bd06_O-Ra:0503:0402,Bd06_O-Ra,primary
psellos,Psellos,Bd06_O-Ra:0504:0403,Bd06_O-Ra,primary
psephoi,Psephoi,Bd06_O-Ra:0505:0404,Bd06_O-Ra,primary
pseudo-dionysios areopagites,Pseudo-Dionysios Areopagites,Bd06_O-Ra:0507:0405,Bd06_O-Ra,primary
pseudo-longinos,Pseudo-Longinos,Bd06_O-Ra:0509:0408,Bd06_O-Ra,primary
pseudoerklarung,Pseudoerklärung,Bd06_O-Ra:0508:0406,Bd06_O-Ra,primary
pseudokennzeichnung,Pseudokennzeichnung,Bd06_O-Ra:0508:0407,Bd06_O-Ra,primary
psychoanalyse,Psychoanalyse,Bd06_O-Ra:0509:0409,Bd06_O-Ra,primary
psychologie,Psychologie,Bd06_O-Ra:0512:0410,Bd06_O-Ra,primary
psychologismus,Psychologismus,Bd06_O-Ra:0517:0411,Bd06_O-Ra,primary
psychophysik,Psychophysik,Bd06_O-Ra:0519:0412,Bd06_O-Ra,primary
psychophysischer parallelismus,psychophysischer Parallelismus,Bd06_O-Ra:0126:0099,Bd06_O-Ra,comma_inverted
ptolemaios,Ptolemaios,Bd06_O-Ra:0519:0413,Bd06_O-Ra,primary
public choice,public choice,Bd06_O-Ra:0526:0414,Bd06_O-Ra,primary
pudgala,pudgala,Bd06_O-Ra:0528:0415,Bd06_O-Ra,primary
pufendorf,Pufendorf,Bd06_O-Ra:0528:0416,Bd06_O-Ra,primary
purus.a,purus.a,Bd06_O-Ra:0530:0418,Bd06_O-Ra,primary
purān.a,purān.a,Bd06_O-Ra:0529:0417,Bd06_O-Ra,primary
putnam,Putnam,Bd06_O-Ra:0530:0419,Bd06_O-Ra,primary
pyrrhon,Pyrrhon,Bd06_O-Ra:0532:0420,Bd06_O-Ra,primary
pythagoras,Pythagoras,Bd06_O-Ra:0532:0421,Bd06_O-Ra,primary
pythagoreer,Pythagoreer,Bd06_O-Ra:0534:0422,Bd06_O-Ra,primary
pythagoreische zahlen,Pythagoreische Zahlen,Bd06_O-Ra:0539:0424,Bd06_O-Ra,primary
pythagoreischer lehrsatz,Pythagoreischer Lehrsatz,Bd06_O-Ra:0538:0423,Bd06_O-Ra,primary
pythagoreismus,Pythagoreismus,Bd06_O-Ra:0540:0425,Bd06_O-Ra,primary
pān.ini,Pān.ini,Bd06_O-Ra:0099:0080,Bd06_O-Ra,primary
"quadrat, logisches","Quadrat, logisches",Bd06_O-Ra:0543:0426,Bd06_O-Ra,primary
quadratur des kreises,Quadratur des Kreises,Bd06_O-Ra:0544:0427,Bd06_O-Ra,primary
quadrivium,Quadrivium,Bd06_O-Ra:0545:0428,Bd06_O-Ra,primary
quadrivium,Quadrivium,Bd01_A-B:0263:0356,Bd06_O-Ra,redirect_alias
quaestio,quaestio,Bd06_O-Ra:0545:0429,Bd06_O-Ra,primary
qualia,Qualia,Bd06_O-Ra:0546:0430,Bd06_O-Ra,primary
qualitas occulta,qualitas occulta,Bd06_O-Ra:0549:0431,Bd06_O-Ra,primary
qualitat,Qualität,Bd06_O-Ra:0550:0432,Bd06_O-Ra,primary
quantenlogik,Quantenlogik,Bd06_O-Ra:0551:0433,Bd06_O-Ra,primary
quantentheorie,Quantentheorie,Bd06_O-Ra:0552:0434,Bd06_O-Ra,primary
quantifikation,Quantifikation,Bd06_O-Ra:0560:0435,Bd06_O-Ra,primary
"quantifikation, leere","Quantifikation, leere",Bd06_O-Ra:0561:0436,Bd06_O-Ra,primary
quantifizierung,Quantifizierung,Bd06_O-Ra:0561:0437,Bd06_O-Ra,primary
quantifizierung des pradikats,Quantifizierung des Prädikats,Bd06_O-Ra:0561:0438,Bd06_O-Ra,primary
quantitat,Quantität,Bd06_O-Ra:0562:0439,Bd06_O-Ra,primary
quantor,Quantor,Bd06_O-Ra:0562:0440,Bd06_O-Ra,primary
"quantor, indefiniter","Quantor, indefiniter",Bd06_O-Ra:0564:0441,Bd06_O-Ra,primary
quantorenelimination,Quantorenelimination,Bd06_O-Ra:0565:0442,Bd06_O-Ra,primary
quantorenlogik,Quantorenlogik,Bd06_O-Ra:0565:0443,Bd06_O-Ra,primary
quantorenlogisches schema,quantorenlogisches Schema,Bd07_Re-Te:0266:0214,Bd07_Re-Te,comma_inverted
quantorenvertauschung,Quantorenvertauschung,Bd06_O-Ra:0568:0444,Bd06_O-Ra,primary
quasianfuhrung,Quasianführung,Bd06_O-Ra:0568:0445,Bd06_O-Ra,primary
quasianfuhrung,Quasianführung,Bd05_Log-N:0432:0328,Bd06_O-Ra,redirect_alias
quasiinduktion,Quasiinduktion,Bd06_O-Ra:0568:0446,Bd06_O-Ra,primary
quasiordnung,Quasiordnung,Bd06_O-Ra:0568:0447,Bd06_O-Ra,primary
quasiordnung,Quasiordnung,Bd06_O-Ra:0568:0448,Bd06_O-Ra,redirect_alias
quasireihe,Quasireihe,Bd06_O-Ra:0568:0448,Bd06_O-Ra,primary
quaternio terminorum,quaternio terminorum,Bd06_O-Ra:0569:0449,Bd06_O-Ra,primary
quesnay,Quesnay,Bd06_O-Ra:0569:0450,Bd06_O-Ra,primary
quetelet,Quételet,Bd06_O-Ra:0571:0451,Bd06_O-Ra,primary
quid facti,quid facti,Bd06_O-Ra:0572:0453,Bd06_O-Ra,slash_half
quid facti/quid iuris,quid facti/quid iuris,Bd06_O-Ra:0572:0453,Bd06_O-Ra,primary
quid iuris,quid iuris,Bd06_O-Ra:0572:0453,Bd06_O-Ra,slash_half
quidditat,Quiddität,Bd06_O-Ra:0572:0452,Bd06_O-Ra,primary
quine,Quine,Bd06_O-Ra:0573:0454,Bd06_O-Ra,primary
quinque viae,quinque viae,Bd06_O-Ra:0576:0455,Bd06_O-Ra,primary
quinque viae,quinque viae,Bd03_G-Inn:0199:0152,Bd06_O-Ra,redirect_alias
quinque voces,quinque voces,Bd06_O-Ra:0576:0456,Bd06_O-Ra,primary
quinta essentia,quinta essentia,Bd06_O-Ra:0577:0457,Bd06_O-Ra,primary
quintilianus,Quintilianus,Bd06_O-Ra:0577:0458,Bd06_O-Ra,primary
quod erat demonstrandum,quod erat demonstrandum,Bd06_O-Ra:0578:0459,Bd06_O-Ra,primary
quodlibet,quodlibet,Bd06_O-Ra:0578:0460,Bd06_O-Ra,primary
quotient mathematisch,Quotient (mathematisch),Bd06_O-Ra:0579:0461,Bd06_O-Ra,primary
quotientenmenge,Quotientenmenge,Bd06_O-Ra:0579:0462,Bd06_O-Ra,primary
rabanus maurus,Rabanus Maurus,Bd06_O-Ra:0580:0463,Bd06_O-Ra,primary
rad der grunde,Rad der Gründe,Bd06_O-Ra:0583:0465,Bd06_O-Ra,primary
radbruch,Radbruch,Bd06_O-Ra:0582:0464,Bd06_O-Ra,primary
radikale interpretation,radikale Interpretation,Bd04_Ins-Loc:0061:0030,Bd04_Ins-Loc,comma_inverted
radikaler konstruktivismus,radikaler Konstruktivismus,Bd04_Ins-Loc:0341:0263,Bd04_Ins-Loc,comma_inverted
rahmenregel,Rahmenregel,Bd06_O-Ra:0586:0467,Bd06_O-Ra,primary
rahner,Rahner,Bd06_O-Ra:0586:0468,Bd06_O-Ra,primary
ramismus,Ramismus,Bd06_O-Ra:0590:0471,Bd06_O-Ra,primary
ramsey,Ramsey,Bd06_O-Ra:0591:0472,Bd06_O-Ra,primary
ramsey-satz,Ramsey-Satz,Bd06_O-Ra:0592:0473,Bd06_O-Ra,primary
ramus,Ramus,Bd06_O-Ra:0593:0474,Bd06_O-Ra,primary
randbedingung,Randbedingung,Bd06_O-Ra:0594:0475,Bd06_O-Ra,primary
rangtheorie,Rangtheorie,Bd06_O-Ra:0595:0476,Bd06_O-Ra,primary
ratio,ratio,Bd06_O-Ra:0596:0477,Bd06_O-Ra,primary
rational choice,rational choice,Bd06_O-Ra:0596:0478,Bd06_O-Ra,primary
rationaler dialog,rationaler Dialog,Bd02_C-F:0209:0228,Bd02_C-F,comma_inverted
rationalisierung,Rationalisierung,Bd06_O-Ra:0598:0479,Bd06_O-Ra,primary
rationalismus,Rationalismus,Bd06_O-Ra:0600:0480,Bd06_O-Ra,primary
"rationalismus, kritischer","Rationalismus, kritischer",Bd06_O-Ra:0601:0481,Bd06_O-Ra,primary
rationalitat,Rationalität,Bd06_O-Ra:0603:0482,Bd06_O-Ra,primary
rationalitatskriterium,Rationalitätskriterium,Bd06_O-Ra:0617:0483,Bd06_O-Ra,primary
raum,Raum,Bd06_O-Ra:0618:0484,Bd06_O-Ra,primary
"raum, absoluter","Raum, absoluter",Bd06_O-Ra:0626:0485,Bd06_O-Ra,primary
"raum, logischer","Raum, logischer",Bd06_O-Ra:0629:0486,Bd06_O-Ra,primary
"raum, riemannscher","Raum, Riemannscher",Bd06_O-Ra:0630:0487,Bd06_O-Ra,primary
"raum, riemannscher","Raum, Riemannscher",Bd07_Re-Te:0169:0130,Bd06_O-Ra,redirect_alias
raum-zeit-kontinuum,Raum-Zeit-Kontinuum,Bd06_O-Ra:0630:0488,Bd06_O-Ra,primary
rawls,Rawls,Bd06_O-Ra:0633:0489,Bd06_O-Ra,primary
ray,Ray,Bd06_O-Ra:0636:0490,Bd06_O-Ra,primary
read,Read,Bd07_Re-Te:0021:0001,Bd07_Re-Te,primary
realdefinition,Realdefinition,Bd07_Re-Te:0021:0002,Bd07_Re-Te,primary
realdialektik,Realdialektik,Bd07_Re-Te:0021:0003,Bd07_Re-Te,primary
realisation,Realisation,Bd07_Re-Te:0021:0004,Bd07_Re-Te,primary
"realisierbarkeit, multiple","Realisierbarkeit, multiple",Bd07_Re-Te:0021:0005,Bd07_Re-Te,primary
realismus erkenntnistheoretisch,Realismus (erkenntnistheoretisch),Bd07_Re-Te:0023:0006,Bd07_Re-Te,primary
realismus ontologisch,Realismus (ontologisch),Bd07_Re-Te:0025:0007,Bd07_Re-Te,primary
"realismus, ethischer","Realismus, ethischer",Bd07_Re-Te:0026:0008,Bd07_Re-Te,primary
"realismus, kritischer","Realismus, kritischer",Bd07_Re-Te:0030:0009,Bd07_Re-Te,primary
"realismus, semantischer","Realismus, semantischer",Bd07_Re-Te:0031:0010,Bd07_Re-Te,primary
"realismus, wissenschaftlicher","Realismus, wissenschaftlicher",Bd07_Re-Te:0033:0011,Bd07_Re-Te,primary
realitat,Realität,Bd07_Re-Te:0035:0012,Bd07_Re-Te,primary
realwissenschaft,Realwissenschaft,Bd07_Re-Te:0037:0013,Bd07_Re-Te,primary
recht,Recht,Bd07_Re-Te:0037:0014,Bd07_Re-Te,primary
rechtfertigung,Rechtfertigung,Bd07_Re-Te:0038:0015,Bd07_Re-Te,primary
rechtshegelianismus,Rechtshegelianismus,Bd07_Re-Te:0039:0016,Bd07_Re-Te,primary
rechtshegelianismus,Rechtshegelianismus,Bd03_G-Inn:0331:0245,Bd07_Re-Te,redirect_alias
rechtslogik,Rechtslogik,Bd07_Re-Te:0039:0017,Bd07_Re-Te,primary
rechtslogik,Rechtslogik,Bd05_Log-N:0072:0035,Bd07_Re-Te,redirect_alias
rechtsphilosophie,Rechtsphilosophie,Bd07_Re-Te:0039:0018,Bd07_Re-Te,primary
rechtspositivismus,Rechtspositivismus,Bd07_Re-Te:0042:0019,Bd07_Re-Te,primary
"redeweise, formale","Redeweise, formale",Bd07_Re-Te:0044:0020,Bd07_Re-Te,primary
"redeweise, inhaltliche","Redeweise, inhaltliche",Bd07_Re-Te:0044:0021,Bd07_Re-Te,primary
reductio ad absurdum,reductio ad absurdum,Bd07_Re-Te:0044:0022,Bd07_Re-Te,primary
reductio ad impossibile,reductio ad impossibile,Bd07_Re-Te:0045:0023,Bd07_Re-Te,primary
reductio ad impossibile,reductio ad impossibile,Bd07_Re-Te:0044:0022,Bd07_Re-Te,redirect_alias
reduktion,Reduktion,Bd07_Re-Te:0045:0024,Bd07_Re-Te,primary
"reduktion, eidetische","Reduktion, eidetische",Bd07_Re-Te:0050:0025,Bd07_Re-Te,primary
"reduktion, eidetische","Reduktion, eidetische",Bd08_Th-Z:0498:0473,Bd07_Re-Te,redirect_alias
"reduktion, phanomenologische","Reduktion, phänomenologische",Bd07_Re-Te:0050:0026,Bd07_Re-Te,primary
"reduktion, transzendentale","Reduktion, transzendentale",Bd07_Re-Te:0051:0027,Bd07_Re-Te,primary
reduktionismus,Reduktionismus,Bd07_Re-Te:0051:0028,Bd07_Re-Te,primary
reduktionssatz,Reduktionssatz,Bd07_Re-Te:0052:0029,Bd07_Re-Te,primary
redundant,redundant,Bd07_Re-Te:0053:0030,Bd07_Re-Te,slash_half
redundant/redundanz,redundant/Redundanz,Bd07_Re-Te:0053:0030,Bd07_Re-Te,primary
redundanz,Redundanz,Bd07_Re-Te:0053:0030,Bd07_Re-Te,slash_half
reduzibilitatsaxiom,Reduzibilitätsaxiom,Bd07_Re-Te:0053:0031,Bd07_Re-Te,primary
referenz,Referenz,Bd07_Re-Te:0054:0032,Bd07_Re-Te,primary
referenzialisierbarkeit,Referenzialisierbarkeit,Bd07_Re-Te:0055:0033,Bd07_Re-Te,primary
reflexion,Reflexion,Bd07_Re-Te:0055:0034,Bd07_Re-Te,primary
reflexionsbegriffe,Reflexionsbegriffe,Bd07_Re-Te:0057:0035,Bd07_Re-Te,primary
reflexionsphilosophie,Reflexionsphilosophie,Bd07_Re-Te:0058:0036,Bd07_Re-Te,primary
reflexionsterminus,Reflexionsterminus,Bd07_Re-Te:0058:0037,Bd07_Re-Te,primary
reflexiv,reflexiv,Bd07_Re-Te:0059:0038,Bd07_Re-Te,slash_half
reflexiv/reflexivitat,reflexiv/Reflexivität,Bd07_Re-Te:0059:0038,Bd07_Re-Te,primary
reflexivitat,Reflexivität,Bd07_Re-Te:0059:0038,Bd07_Re-Te,slash_half
regel,Regel,Bd07_Re-Te:0060:0039,Bd07_Re-Te,primary
"regel, goldene","Regel, goldene",Bd07_Re-Te:0062:0040,Bd07_Re-Te,primary
"regel, ideative","Regel, ideative",Bd07_Re-Te:0063:0041,Bd07_Re-Te,primary
regellogik,Regellogik,Bd07_Re-Te:0063:0042,Bd07_Re-Te,primary
regiomontanus,Regiomontanus,Bd07_Re-Te:0064:0043,Bd07_Re-Te,primary
regis,Régis,Bd07_Re-Te:0065:0044,Bd07_Re-Te,primary
regressiv,regressiv,Bd07_Re-Te:0065:0045,Bd07_Re-Te,primary
regressus,regressus,Bd07_Re-Te:0065:0046,Bd07_Re-Te,primary
regressus ad infinitum,regressus ad infinitum,Bd07_Re-Te:0066:0047,Bd07_Re-Te,primary
regulae philosophandi,regulae philosophandi,Bd07_Re-Te:0067:0048,Bd07_Re-Te,primary
regular,regulär,Bd07_Re-Te:0068:0049,Bd07_Re-Te,primary
regularitatsaxiom,Regularitätsaxiom,Bd07_Re-Te:0068:0050,Bd07_Re-Te,primary
regulation,Regulation,Bd07_Re-Te:0069:0051,Bd07_Re-Te,primary
regulativ,regulativ,Bd07_Re-Te:0070:0052,Bd07_Re-Te,primary
rehmke,Rehmke,Bd07_Re-Te:0070:0053,Bd07_Re-Te,primary
reich der freiheit,Reich der Freiheit,Bd07_Re-Te:0071:0054,Bd07_Re-Te,primary
reich der zwecke,Reich der Zwecke,Bd07_Re-Te:0071:0055,Bd07_Re-Te,primary
reichenbach,Reichenbach,Bd07_Re-Te:0072:0056,Bd07_Re-Te,primary
reid,Reid,Bd07_Re-Te:0075:0057,Bd07_Re-Te,primary
reihe,Reihe,Bd07_Re-Te:0077:0058,Bd07_Re-Te,primary
reimarus,Reimarus,Bd07_Re-Te:0077:0059,Bd07_Re-Te,primary
reine verstandesbegriffe,reine Verstandesbegriffe,Bd08_Th-Z:0336:0312,Bd08_Th-Z,comma_inverted
reinhold,Reinhold,Bd07_Re-Te:0079:0060,Bd07_Re-Te,primary
reinhold,Reinhold,Bd07_Re-Te:0080:0061,Bd07_Re-Te,primary
reininger,Reininger,Bd07_Re-Te:0081:0062,Bd07_Re-Te,primary
reismus,Reismus,Bd07_Re-Te:0082:0063,Bd07_Re-Te,primary
rekonstruktion,Rekonstruktion,Bd07_Re-Te:0082:0064,Bd07_Re-Te,primary
rekursionsschema,Rekursionsschema,Bd07_Re-Te:0084:0065,Bd07_Re-Te,primary
rekursionstheorie,Rekursionstheorie,Bd07_Re-Te:0084:0066,Bd07_Re-Te,primary
rekursiv,rekursiv,Bd07_Re-Te:0085:0067,Bd07_Re-Te,slash_half
rekursiv/rekursivitat,rekursiv/Rekursivität,Bd07_Re-Te:0085:0067,Bd07_Re-Te,primary
rekursive arithmetik,rekursive Arithmetik,Bd01_A-B:0258:0349,Bd01_A-B,comma_inverted
rekursive definition,rekursive Definition,Bd02_C-F:0160:0181,Bd02_C-F,comma_inverted
rekursive funktion,rekursive Funktion,Bd02_C-F:0610:0654,Bd02_C-F,comma_inverted
rekursivitat,Rekursivität,Bd07_Re-Te:0085:0067,Bd07_Re-Te,slash_half
relatedness-logik,Relatedness-Logik,Bd07_Re-Te:0085:0068,Bd07_Re-Te,primary
relation,Relation,Bd07_Re-Te:0085:0069,Bd07_Re-Te,primary
"relationen, intertheoretische","Relationen, intertheoretische",Bd07_Re-Te:0088:0070,Bd07_Re-Te,primary
relationenkalkul,Relationenkalkül,Bd07_Re-Te:0092:0071,Bd07_Re-Te,primary
relationenlogik,Relationenlogik,Bd07_Re-Te:0093:0072,Bd07_Re-Te,primary
relationenmultiplikation,Relationenmultiplikation,Bd07_Re-Te:0095:0073,Bd07_Re-Te,primary
relationsbegriff,Relationsbegriff,Bd07_Re-Te:0096:0074,Bd07_Re-Te,primary
relativ,relativ,Bd07_Re-Te:0096:0075,Bd07_Re-Te,slash_half
relativ/relativierung,relativ/Relativierung,Bd07_Re-Te:0096:0075,Bd07_Re-Te,primary
relativierung,Relativierung,Bd07_Re-Te:0096:0075,Bd07_Re-Te,slash_half
relativismus,Relativismus,Bd07_Re-Te:0097:0076,Bd07_Re-Te,primary
relativitatsprinzip,Relativitätsprinzip,Bd07_Re-Te:0099:0077,Bd07_Re-Te,primary
"relativitatsprinzip, linguistisches","Relativitätsprinzip, linguistisches",Bd07_Re-Te:0100:0078,Bd07_Re-Te,primary
"relativitatstheorie, allgemeine","Relativitätstheorie, allgemeine",Bd07_Re-Te:0101:0079,Bd07_Re-Te,primary
"relativitatstheorie, spezielle","Relativitätstheorie, spezielle",Bd07_Re-Te:0105:0080,Bd07_Re-Te,primary
relativkalkul,Relativkalkül,Bd07_Re-Te:0108:0081,Bd07_Re-Te,primary
relativkalkul,Relativkalkül,Bd07_Re-Te:0093:0072,Bd07_Re-Te,redirect_alias
relator,Relator,Bd07_Re-Te:0108:0082,Bd07_Re-Te,primary
relevante implikation,relevante Implikation,Bd03_G-Inn:0582:0426,Bd03_G-Inn,comma_inverted
relevanzlogik,Relevanzlogik,Bd07_Re-Te:0108:0083,Bd07_Re-Te,primary
reliabilitat,Reliabilität,Bd07_Re-Te:0110:0084,Bd07_Re-Te,primary
reliabilitat,Reliabilität,Bd07_Re-Te:0718:0621,Bd07_Re-Te,redirect_alias
religion,Religion,Bd07_Re-Te:0110:0085,Bd07_Re-Te,primary
"religion, naturliche","Religion, natürliche",Bd07_Re-Te:0112:0086,Bd07_Re-Te,primary
religionskritik,Religionskritik,Bd07_Re-Te:0113:0087,Bd07_Re-Te,primary
religionsphilosophie,Religionsphilosophie,Bd07_Re-Te:0116:0088,Bd07_Re-Te,primary
remotives urteil,remotives Urteil,Bd08_Th-Z:0257:0228,Bd08_Th-Z,comma_inverted
renaissance,Renaissance,Bd07_Re-Te:0119:0089,Bd07_Re-Te,primary
replikation,Replikation,Bd07_Re-Te:0123:0090,Bd07_Re-Te,slash_half
replikation/replikator,Replikation/Replikator,Bd07_Re-Te:0123:0090,Bd07_Re-Te,primary
replikation/replikator,Replikation/Replikator,Bd03_G-Inn:0090:0055,Bd07_Re-Te,redirect_alias
replikator,Replikator,Bd07_Re-Te:0123:0090,Bd07_Re-Te,slash_half
repraesentatio,repraesentatio,Bd07_Re-Te:0123:0091,Bd07_Re-Te,primary
reprasentant,Repräsentant,Bd07_Re-Te:0124:0092,Bd07_Re-Te,primary
reprasentantensystem,Repräsentantensystem,Bd07_Re-Te:0124:0093,Bd07_Re-Te,primary
reprasentation,Repräsentation,Bd07_Re-Te:0124:0094,Bd07_Re-Te,primary
"reprasentation, mentale","Repräsentation, mentale",Bd07_Re-Te:0125:0095,Bd07_Re-Te,primary
reprasentierung,Repräsentierung,Bd07_Re-Te:0127:0096,Bd07_Re-Te,primary
reproduzierbarkeit,Reproduzierbarkeit,Bd07_Re-Te:0128:0097,Bd07_Re-Te,primary
repulsion,Repulsion,Bd01_A-B:0308:0397,Bd01_A-B,slash_half
res,res,Bd07_Re-Te:0128:0098,Bd07_Re-Te,primary
res cogitans,res cogitans,Bd07_Re-Te:0132:0100,Bd07_Re-Te,slash_half
res cogitans/res extensa,res cogitans/res extensa,Bd07_Re-Te:0132:0100,Bd07_Re-Te,primary
res extensa,res extensa,Bd07_Re-Te:0132:0100,Bd07_Re-Te,slash_half
rescher,Rescher,Bd07_Re-Te:0128:0099,Bd07_Re-Te,primary
resolution,Resolution,Bd07_Re-Te:0133:0101,Bd07_Re-Te,primary
resolution,Resolution,Bd07_Re-Te:0133:0102,Bd07_Re-Te,redirect_alias
resolutionsmethode,Resolutionsmethode,Bd07_Re-Te:0133:0102,Bd07_Re-Te,primary
ressource,Ressource,Bd07_Re-Te:0133:0103,Bd07_Re-Te,primary
retorsion,Retorsion,Bd07_Re-Te:0135:0104,Bd07_Re-Te,primary
retrodiktion,Retrodiktion,Bd07_Re-Te:0138:0105,Bd07_Re-Te,primary
retrokausalitat,Retrokausalität,Bd07_Re-Te:0139:0106,Bd07_Re-Te,primary
rettung der phanomene,Rettung der Phänomene,Bd07_Re-Te:0139:0107,Bd07_Re-Te,primary
reuchlin,Reuchlin,Bd07_Re-Te:0141:0108,Bd07_Re-Te,primary
reversibel,reversibel,Bd07_Re-Te:0143:0109,Bd07_Re-Te,slash_half
reversibel/reversibilitat,reversibel/Reversibilität,Bd07_Re-Te:0143:0109,Bd07_Re-Te,primary
reversibilitat,Reversibilität,Bd07_Re-Te:0143:0109,Bd07_Re-Te,slash_half
revolution sozial,Revolution (sozial),Bd07_Re-Te:0145:0110,Bd07_Re-Te,primary
"revolution, wissenschaftliche","Revolution, wissenschaftliche",Bd07_Re-Te:0147:0111,Bd07_Re-Te,primary
revolutionare wissenschaft,revolutionäre Wissenschaft,Bd08_Th-Z:0560:0531,Bd08_Th-Z,comma_inverted
rezeptionsasthetik,Rezeptionsästhetik,Bd07_Re-Te:0148:0112,Bd07_Re-Te,primary
rezeptionsasthetik,Rezeptionsästhetik,Bd07_Re-Te:0148:0113,Bd07_Re-Te,redirect_alias
rezeptionstheorie,Rezeptionstheorie,Bd07_Re-Te:0148:0113,Bd07_Re-Te,primary
rezeptiv,rezeptiv,Bd07_Re-Te:0150:0114,Bd07_Re-Te,slash_half
rezeptiv/rezeptivitat,rezeptiv/Rezeptivität,Bd07_Re-Te:0150:0114,Bd07_Re-Te,primary
rezeptivitat,Rezeptivität,Bd07_Re-Te:0150:0114,Bd07_Re-Te,slash_half
rhabanus maurus,Rhabanus Maurus,Bd07_Re-Te:0151:0115,Bd07_Re-Te,primary
rhabanus maurus,Rhabanus Maurus,Bd06_O-Ra:0580:0463,Bd07_Re-Te,redirect_alias
rhazes,Rhazes,Bd07_Re-Te:0151:0116,Bd07_Re-Te,primary
rheticus,Rheticus,Bd07_Re-Te:0152:0117,Bd07_Re-Te,primary
rhetorik,Rhetorik,Bd07_Re-Te:0154:0118,Bd07_Re-Te,primary
ricardo,Ricardo,Bd07_Re-Te:0157:0119,Bd07_Re-Te,primary
richard,Richard,Bd07_Re-Te:0158:0120,Bd07_Re-Te,primary
richard von middletown,Richard von Middletown,Bd07_Re-Te:0161:0123,Bd07_Re-Te,primary
richard von st. viktor,Richard von St. Viktor,Bd07_Re-Te:0161:0124,Bd07_Re-Te,primary
richards,Richards,Bd07_Re-Te:0158:0121,Bd07_Re-Te,primary
richardsche antinomie,Richardsche Antinomie,Bd07_Re-Te:0160:0122,Bd07_Re-Te,primary
richtigstellung der namen begriffe,Richtigstellung der Namen (Begriffe),Bd07_Re-Te:0162:0125,Bd07_Re-Te,primary
rickert,Rickert,Bd07_Re-Te:0163:0126,Bd07_Re-Te,primary
ricœur,Ricœur,Bd07_Re-Te:0164:0127,Bd07_Re-Te,primary
riehl,Riehl,Bd07_Re-Te:0167:0128,Bd07_Re-Te,primary
riemann,Riemann,Bd07_Re-Te:0167:0129,Bd07_Re-Te,primary
riemannscher raum,Riemannscher Raum,Bd07_Re-Te:0169:0130,Bd07_Re-Te,primary
rigorismus,Rigorismus,Bd07_Re-Te:0171:0131,Bd07_Re-Te,primary
ring mathematisch,Ring (mathematisch),Bd07_Re-Te:0172:0132,Bd07_Re-Te,primary
risiko,Risiko,Bd07_Re-Te:0172:0133,Bd07_Re-Te,primary
risikotheorie,Risikotheorie,Bd07_Re-Te:0173:0134,Bd07_Re-Te,primary
ritter,Ritter,Bd07_Re-Te:0180:0135,Bd07_Re-Te,primary
ritter,Ritter,Bd07_Re-Te:0181:0136,Bd07_Re-Te,primary
roberval,Roberval,Bd07_Re-Te:0182:0137,Bd07_Re-Te,primary
robinson,Robinson,Bd07_Re-Te:0185:0138,Bd07_Re-Te,primary
robinson,Robinson,Bd07_Re-Te:0185:0139,Bd07_Re-Te,primary
robinsonaxiom,Robinsonaxiom,Bd07_Re-Te:0186:0140,Bd07_Re-Te,primary
rohault,Rohault,Bd07_Re-Te:0186:0141,Bd07_Re-Te,primary
rolle,Rolle,Bd07_Re-Te:0187:0142,Bd07_Re-Te,primary
romantik,Romantik,Bd07_Re-Te:0189:0143,Bd07_Re-Te,primary
romantische naturphilosophie,romantische Naturphilosophie,Bd05_Log-N:0534:0420,Bd05_Log-N,comma_inverted
romische philosophie,römische Philosophie,Bd06_O-Ra:0304:0216,Bd06_O-Ra,comma_inverted
rorty,Rorty,Bd07_Re-Te:0191:0144,Bd07_Re-Te,primary
roscelin von compiegne,Roscelin von Compiègne,Bd07_Re-Te:0193:0145,Bd07_Re-Te,primary
rosenkranz,Rosenkranz,Bd07_Re-Te:0193:0146,Bd07_Re-Te,primary
rosenkreuzer,Rosenkreuzer,Bd07_Re-Te:0195:0147,Bd07_Re-Te,primary
rosser,Rosser,Bd07_Re-Te:0197:0148,Bd07_Re-Te,primary
rosssche paradoxie,Rosssche Paradoxie,Bd07_Re-Te:0198:0149,Bd07_Re-Te,primary
rothacker,Rothacker,Bd07_Re-Te:0198:0150,Bd07_Re-Te,primary
rousseau,Rousseau,Bd07_Re-Te:0199:0151,Bd07_Re-Te,primary
rowning,Rowning,Bd07_Re-Te:0203:0152,Bd07_Re-Te,primary
royce,Royce,Bd07_Re-Te:0204:0153,Bd07_Re-Te,primary
rudiger,Rüdiger,Bd07_Re-Te:0205:0154,Bd07_Re-Te,primary
rudner,Rudner,Bd07_Re-Te:0206:0155,Bd07_Re-Te,primary
ruge,Ruge,Bd07_Re-Te:0206:0156,Bd07_Re-Te,primary
russell,Russell,Bd07_Re-Te:0207:0157,Bd07_Re-Te,primary
russellsche antinomie,Russellsche Antinomie,Bd07_Re-Te:0210:0158,Bd07_Re-Te,primary
russellsche antinomie,Russellsche Antinomie,Bd08_Th-Z:0688:0603,Bd07_Re-Te,redirect_alias
ryle,Ryle,Bd07_Re-Te:0210:0159,Bd07_Re-Te,primary
rādhakrishnan,Rādhakrishnan,Bd06_O-Ra:0583:0466,Bd06_O-Ra,primary
rāmana mahars.i,Rāmana Mahars.i,Bd06_O-Ra:0588:0469,Bd06_O-Ra,primary
rāmānuja,Rāmānuja,Bd06_O-Ra:0589:0470,Bd06_O-Ra,primary
saccheri,Saccheri,Bd07_Re-Te:0213:0161,Bd07_Re-Te,primary
sache,Sache,Bd07_Re-Te:0214:0162,Bd07_Re-Te,primary
sachverhalt,Sachverhalt,Bd07_Re-Te:0215:0163,Bd07_Re-Te,primary
sacrobosco,Sacrobosco,Bd07_Re-Te:0215:0164,Bd07_Re-Te,primary
sahajayāna,Sahajayāna,Bd07_Re-Te:0216:0165,Bd07_Re-Te,primary
sahajayāna,Sahajayāna,Bd07_Re-Te:0668:0574,Bd07_Re-Te,redirect_alias
saint-simon,Saint-Simon,Bd07_Re-Te:0216:0166,Bd07_Re-Te,primary
saint-simonismus,Saint-Simonismus,Bd07_Re-Te:0218:0167,Bd07_Re-Te,primary
sakrale geometrie,sakrale Geometrie,Bd03_G-Inn:0113:0083,Bd03_G-Inn,comma_inverted
"sakralgeometrie, vedische","Sakralgeometrie, vedische",Bd07_Re-Te:0219:0168,Bd07_Re-Te,primary
sakularisierung,Säkularisierung,Bd07_Re-Te:0220:0170,Bd07_Re-Te,primary
"salamanca, schule von","Salamanca, Schule von",Bd07_Re-Te:0222:0171,Bd07_Re-Te,primary
"salisbury, johannes von","Salisbury, Johannes von",Bd07_Re-Te:0222:0172,Bd07_Re-Te,primary
saltus in demonstrando,saltus in demonstrando,Bd07_Re-Te:0223:0173,Bd07_Re-Te,primary
salva veritate,salva veritate,Bd07_Re-Te:0223:0174,Bd07_Re-Te,primary
samavāya,samavāya,Bd07_Re-Te:0225:0177,Bd07_Re-Te,primary
samādhi,samādhi,Bd07_Re-Te:0224:0175,Bd07_Re-Te,primary
sanches,Sanches,Bd07_Re-Te:0233:0183,Bd07_Re-Te,primary
"sankt viktor, schule von","Sankt Viktor, Schule von",Bd07_Re-Te:0234:0184,Bd07_Re-Te,primary
santayana,Santayana,Bd07_Re-Te:0235:0185,Bd07_Re-Te,primary
sapere aude,sapere aude,Bd07_Re-Te:0237:0187,Bd07_Re-Te,primary
sartre,Sartre,Bd07_Re-Te:0238:0189,Bd07_Re-Te,primary
sat-cit-ānanda,sat-cit-ānanda,Bd07_Re-Te:0242:0191,Bd07_Re-Te,primary
satz,Satz,Bd07_Re-Te:0242:0192,Bd07_Re-Te,primary
satz an sich,Satz an sich,Bd07_Re-Te:0243:0193,Bd07_Re-Te,primary
satz der identitat,Satz der Identität,Bd07_Re-Te:0243:0195,Bd07_Re-Te,primary
satz der identitat,Satz der Identität,Bd03_G-Inn:0548:0395,Bd07_Re-Te,redirect_alias
satz des bewusstseins,Satz des Bewußtseins,Bd07_Re-Te:0244:0196,Bd07_Re-Te,primary
satz vom ausgeschlossenen dritten,Satz vom ausgeschlossenen Dritten,Bd07_Re-Te:0244:0199,Bd07_Re-Te,primary
satz vom ausgeschlossenen widerspruch,Satz vom ausgeschlossenen Widerspruch,Bd07_Re-Te:0244:0200,Bd07_Re-Te,primary
satz vom zureichenden grund,Satz vom zureichenden Grund,Bd07_Re-Te:0244:0201,Bd07_Re-Te,primary
satz vom zureichenden grund,Satz vom zureichenden Grund,Bd03_G-Inn:0250:0186,Bd07_Re-Te,redirect_alias
"satzbuchstabe, schematischer","Satzbuchstabe, schematischer",Bd07_Re-Te:0243:0194,Bd07_Re-Te,primary
satzfunktion,Satzfunktion,Bd07_Re-Te:0244:0197,Bd07_Re-Te,primary
satzlogik,Satzlogik,Bd07_Re-Te:0244:0198,Bd07_Re-Te,primary
saussure,Saussure,Bd07_Re-Te:0244:0202,Bd07_Re-Te,primary
savigny,Savigny,Bd07_Re-Te:0247:0203,Bd07_Re-Te,primary
saṁ jnā,saṁ jñā,Bd07_Re-Te:0225:0178,Bd07_Re-Te,primary
saṁ skāra,saṁ skāra,Bd07_Re-Te:0233:0182,Bd07_Re-Te,primary
saṁ sāra,saṁ sāra,Bd07_Re-Te:0232:0181,Bd07_Re-Te,primary
scala naturae,scala naturae,Bd07_Re-Te:0248:0204,Bd07_Re-Te,primary
scaliger,Scaliger,Bd07_Re-Te:0250:0205,Bd07_Re-Te,primary
schachter,Schächter,Bd07_Re-Te:0251:0206,Bd07_Re-Te,primary
schapp,Schapp,Bd07_Re-Te:0252:0207,Bd07_Re-Te,primary
schein,Schein,Bd07_Re-Te:0253:0208,Bd07_Re-Te,primary
scheinproblem,Scheinproblem,Bd07_Re-Te:0253:0209,Bd07_Re-Te,primary
scheler,Scheler,Bd07_Re-Te:0255:0210,Bd07_Re-Te,primary
schelling,Schelling,Bd07_Re-Te:0256:0211,Bd07_Re-Te,primary
schema,Schema,Bd07_Re-Te:0265:0212,Bd07_Re-Te,primary
"schema, junktorenlogisches","Schema, junktorenlogisches",Bd07_Re-Te:0266:0213,Bd07_Re-Te,primary
"schema, quantorenlogisches","Schema, quantorenlogisches",Bd07_Re-Te:0266:0214,Bd07_Re-Te,primary
"schema, transzendentales","Schema, transzendentales",Bd07_Re-Te:0266:0215,Bd07_Re-Te,primary
schematische variable,schematische Variable,Bd08_Th-Z:0281:0253,Bd08_Th-Z,comma_inverted
schematischer pradikatorenbuchstabe,schematischer Prädikatorenbuchstabe,Bd06_O-Ra:0423:0304,Bd06_O-Ra,comma_inverted
schematischer satzbuchstabe,schematischer Satzbuchstabe,Bd07_Re-Te:0243:0194,Bd07_Re-Te,comma_inverted
schematisierung,Schematisierung,Bd07_Re-Te:0266:0216,Bd07_Re-Te,primary
schematismus,Schematismus,Bd07_Re-Te:0266:0217,Bd07_Re-Te,primary
schicht,Schicht,Bd07_Re-Te:0267:0218,Bd07_Re-Te,primary
schicksal,Schicksal,Bd07_Re-Te:0268:0219,Bd07_Re-Te,primary
schiller,Schiller,Bd07_Re-Te:0269:0220,Bd07_Re-Te,primary
schiller,Schiller,Bd07_Re-Te:0270:0221,Bd07_Re-Te,primary
schlechte unendlichkeit,schlechte Unendlichkeit,Bd08_Th-Z:0198:0157,Bd08_Th-Z,comma_inverted
schlegel,Schlegel,Bd07_Re-Te:0273:0222,Bd07_Re-Te,primary
schlegel,Schlegel,Bd07_Re-Te:0273:0223,Bd07_Re-Te,primary
schleiermacher,Schleiermacher,Bd07_Re-Te:0275:0224,Bd07_Re-Te,primary
schlick,Schlick,Bd07_Re-Te:0278:0225,Bd07_Re-Te,primary
"schliessen, naturliches","Schließen, natürliches",Bd07_Re-Te:0279:0226,Bd07_Re-Te,primary
schluss,Schluß,Bd07_Re-Te:0280:0227,Bd07_Re-Te,primary
"schluss, deduktiver","Schluß, deduktiver",Bd07_Re-Te:0281:0228,Bd07_Re-Te,primary
"schluss, induktiver","Schluß, induktiver",Bd07_Re-Te:0281:0229,Bd07_Re-Te,primary
schlussfigur,Schlußfigur,Bd07_Re-Te:0284:0230,Bd07_Re-Te,primary
schlussfigur,Schlußfigur,Bd07_Re-Te:0280:0227,Bd07_Re-Te,redirect_alias
schlussregel,Schlußregel,Bd07_Re-Te:0284:0231,Bd07_Re-Te,primary
schlussregel,Schlußregel,Bd07_Re-Te:0280:0227,Bd07_Re-Te,redirect_alias
schlussschema,Schlußschema,Bd07_Re-Te:0284:0232,Bd07_Re-Te,primary
schlussschema,Schlußschema,Bd07_Re-Te:0280:0227,Bd07_Re-Te,redirect_alias
schmitt,Schmitt,Bd07_Re-Te:0284:0233,Bd07_Re-Te,primary
schmitz,Schmitz,Bd07_Re-Te:0287:0234,Bd07_Re-Te,primary
schnitt,Schnitt,Bd07_Re-Te:0288:0235,Bd07_Re-Te,primary
"schnitt, goldener","Schnitt, goldener",Bd07_Re-Te:0288:0236,Bd07_Re-Te,primary
schnittregel,Schnittregel,Bd07_Re-Te:0289:0237,Bd07_Re-Te,primary
scholastik,Scholastik,Bd07_Re-Te:0289:0238,Bd07_Re-Te,primary
scholastische methode,scholastische Methode,Bd05_Log-N:0409:0297,Bd05_Log-N,comma_inverted
scholz,Scholz,Bd07_Re-Te:0295:0239,Bd07_Re-Te,primary
"schone, das","Schöne, das",Bd07_Re-Te:0296:0240,Bd07_Re-Te,primary
schonfinkel,Schönfinkel,Bd07_Re-Te:0300:0241,Bd07_Re-Te,primary
schopenhauer,Schopenhauer,Bd07_Re-Te:0301:0242,Bd07_Re-Te,primary
schopfung,Schöpfung,Bd07_Re-Te:0305:0243,Bd07_Re-Te,primary
schottische schule,Schottische Schule,Bd07_Re-Te:0305:0244,Bd07_Re-Te,primary
schrift,Schrift,Bd07_Re-Te:0306:0245,Bd07_Re-Te,primary
schroder,Schröder,Bd07_Re-Te:0311:0246,Bd07_Re-Te,primary
schrodinger,Schrödinger,Bd07_Re-Te:0312:0247,Bd07_Re-Te,primary
schrodinger-gleichung,Schrödinger-Gleichung,Bd07_Re-Te:0314:0248,Bd07_Re-Te,primary
schubert,Schubert,Bd07_Re-Te:0315:0249,Bd07_Re-Te,primary
schubert,Schubert,Bd07_Re-Te:0316:0250,Bd07_Re-Te,primary
schuld,Schuld,Bd07_Re-Te:0317:0251,Bd07_Re-Te,primary
schulphilosophie,Schulphilosophie,Bd07_Re-Te:0318:0252,Bd07_Re-Te,primary
schulz,Schulz,Bd07_Re-Te:0318:0253,Bd07_Re-Te,primary
schulze,Schulze,Bd07_Re-Te:0319:0254,Bd07_Re-Te,primary
schuppe,Schuppe,Bd07_Re-Te:0320:0255,Bd07_Re-Te,primary
schutte,Schütte,Bd07_Re-Te:0321:0256,Bd07_Re-Te,primary
schutz,Schütz,Bd07_Re-Te:0322:0257,Bd07_Re-Te,primary
scientia fictiva,scientia fictiva,Bd07_Re-Te:0323:0258,Bd07_Re-Te,primary
scientia generalis,scientia generalis,Bd07_Re-Te:0324:0259,Bd07_Re-Te,primary
scientia media,scientia media,Bd07_Re-Te:0325:0260,Bd07_Re-Te,primary
scientific community,scientific community,Bd07_Re-Te:0326:0261,Bd07_Re-Te,primary
scotus,Scotus,Bd07_Re-Te:0327:0262,Bd07_Re-Te,primary
scotus,Scotus,Bd02_C-F:0280:0318,Bd07_Re-Te,redirect_alias
searle,Searle,Bd07_Re-Te:0327:0263,Bd07_Re-Te,primary
seele,Seele,Bd07_Re-Te:0329:0264,Bd07_Re-Te,primary
seelenwanderung,Seelenwanderung,Bd07_Re-Te:0332:0265,Bd07_Re-Te,primary
seeschlacht,Seeschlacht,Bd07_Re-Te:0332:0266,Bd07_Re-Te,primary
"seiende, das","Seiende, das",Bd07_Re-Te:0332:0267,Bd07_Re-Te,primary
"sein, das","Sein, das",Bd07_Re-Te:0333:0268,Bd07_Re-Te,primary
sein-sollen-fehlschluss,Sein-Sollen-Fehlschluß,Bd07_Re-Te:0336:0270,Bd07_Re-Te,primary
seinsgeschichte,Seinsgeschichte,Bd07_Re-Te:0335:0269,Bd07_Re-Te,primary
seinsvergessenheit,Seinsvergessenheit,Bd07_Re-Te:0336:0271,Bd07_Re-Te,primary
"selbst, das","Selbst, das",Bd07_Re-Te:0336:0272,Bd07_Re-Te,primary
selbstbestimmung,Selbstbestimmung,Bd07_Re-Te:0340:0273,Bd07_Re-Te,primary
selbstbestimmung,Selbstbestimmung,Bd01_A-B:0343:0438,Bd07_Re-Te,redirect_alias
selbstbewusstsein,Selbstbewußtsein,Bd07_Re-Te:0340:0274,Bd07_Re-Te,primary
selbstbezuglichkeit,Selbstbezüglichkeit,Bd07_Re-Te:0344:0275,Bd07_Re-Te,primary
selbsterkenntnis,Selbsterkenntnis,Bd07_Re-Te:0344:0276,Bd07_Re-Te,primary
selbstorganisation,Selbstorganisation,Bd07_Re-Te:0346:0277,Bd07_Re-Te,primary
selbstzweck,Selbstzweck,Bd07_Re-Te:0349:0278,Bd07_Re-Te,primary
selektion,Selektion,Bd07_Re-Te:0350:0279,Bd07_Re-Te,primary
seleukos,Seleukos,Bd07_Re-Te:0351:0280,Bd07_Re-Te,primary
self-fulfilling prophecy,self-fulfilling prophecy,Bd07_Re-Te:0351:0281,Bd07_Re-Te,primary
sellars,Sellars,Bd07_Re-Te:0352:0282,Bd07_Re-Te,primary
seltsamer attraktor,seltsamer Attraktor,Bd01_A-B:0308:0398,Bd01_A-B,comma_inverted
semantik,Semantik,Bd07_Re-Te:0354:0283,Bd07_Re-Te,primary
semantik der physik,Semantik der Physik,Bd07_Re-Te:0368:0290,Bd07_Re-Te,primary
"semantik, alternative","Semantik, alternative",Bd07_Re-Te:0360:0284,Bd07_Re-Te,primary
"semantik, beweistheoretische","Semantik, beweistheoretische",Bd07_Re-Te:0361:0285,Bd07_Re-Te,primary
"semantik, denotationelle","Semantik, denotationelle",Bd07_Re-Te:0363:0286,Bd07_Re-Te,primary
"semantik, intensionale","Semantik, intensionale",Bd07_Re-Te:0364:0287,Bd07_Re-Te,primary
"semantik, logische","Semantik, logische",Bd07_Re-Te:0365:0288,Bd07_Re-Te,primary
"semantik, spieltheoretische","Semantik, spieltheoretische",Bd07_Re-Te:0367:0289,Bd07_Re-Te,primary
semantische antinomien,semantische Antinomien,Bd01_A-B:0187:0254,Bd01_A-B,comma_inverted
semantische kategorie,semantische Kategorie,Bd04_Ins-Loc:0192:0129,Bd04_Ins-Loc,comma_inverted
semantische theorieauffassung,semantische Theorieauffassung,Bd08_Th-Z:0052:0023,Bd08_Th-Z,comma_inverted
semantische wahrheitsdefinition,semantische Wahrheitsdefinition,Bd08_Th-Z:0406:0394,Bd08_Th-Z,comma_inverted
semantischer realismus,semantischer Realismus,Bd07_Re-Te:0031:0010,Bd07_Re-Te,comma_inverted
semasiologie,Semasiologie,Bd07_Re-Te:0368:0291,Bd07_Re-Te,primary
sematologie,Sematologie,Bd07_Re-Te:0369:0292,Bd07_Re-Te,primary
semiologie,Semiologie,Bd07_Re-Te:0369:0293,Bd07_Re-Te,primary
semiotik,Semiotik,Bd07_Re-Te:0369:0294,Bd07_Re-Te,primary
seneca,Seneca,Bd07_Re-Te:0374:0295,Bd07_Re-Te,primary
sennert,Sennert,Bd07_Re-Te:0377:0296,Bd07_Re-Te,primary
sensualismus,Sensualismus,Bd07_Re-Te:0379:0297,Bd07_Re-Te,primary
sensus bonus,sensus bonus,Bd07_Re-Te:0380:0298,Bd07_Re-Te,primary
sensus communis,sensus communis,Bd07_Re-Te:0380:0299,Bd07_Re-Te,primary
sentenzenkommentar,Sentenzenkommentar,Bd07_Re-Te:0381:0300,Bd07_Re-Te,primary
separiert,separiert,Bd07_Re-Te:0381:0301,Bd07_Re-Te,slash_half
separiert/separiertheit,separiert/Separiertheit,Bd07_Re-Te:0381:0301,Bd07_Re-Te,primary
separiertheit,Separiertheit,Bd07_Re-Te:0381:0301,Bd07_Re-Te,slash_half
sequenz,Sequenz,Bd07_Re-Te:0382:0302,Bd07_Re-Te,primary
sequenzenkalkul,Sequenzenkalkül,Bd07_Re-Te:0382:0303,Bd07_Re-Te,primary
seuse,Seuse,Bd07_Re-Te:0382:0304,Bd07_Re-Te,primary
sextus empiricus,Sextus Empiricus,Bd07_Re-Te:0383:0305,Bd07_Re-Te,primary
shaftesbury,Shaftesbury,Bd07_Re-Te:0386:0307,Bd07_Re-Te,primary
shang yang,Shang Yang,Bd07_Re-Te:0387:0308,Bd07_Re-Te,primary
shao yung,Shao Yung,Bd07_Re-Te:0388:0309,Bd07_Re-Te,primary
sheffer,Sheffer,Bd07_Re-Te:0388:0310,Bd07_Re-Te,primary
shefferscher strich,Shefferscher Strich,Bd07_Re-Te:0389:0311,Bd07_Re-Te,primary
shen pu-hai,Shen Pu-hai,Bd07_Re-Te:0389:0312,Bd07_Re-Te,primary
shyreswood,Shyreswood,Bd07_Re-Te:0389:0313,Bd07_Re-Te,primary
sic et non,sic et non,Bd07_Re-Te:0390:0314,Bd07_Re-Te,primary
sidgwick,Sidgwick,Bd07_Re-Te:0390:0315,Bd07_Re-Te,primary
siger von brabant,Siger von Brabant,Bd07_Re-Te:0392:0316,Bd07_Re-Te,primary
siger von courtrai,Siger von Courtrai,Bd07_Re-Te:0393:0317,Bd07_Re-Te,primary
signal,Signal,Bd07_Re-Te:0393:0318,Bd07_Re-Te,primary
significatio,significatio,Bd07_Re-Te:0394:0319,Bd07_Re-Te,primary
signifik,Signifik,Bd07_Re-Te:0394:0320,Bd07_Re-Te,primary
signifikanz,Signifikanz,Bd07_Re-Te:0395:0321,Bd07_Re-Te,primary
sigwart,Sigwart,Bd07_Re-Te:0396:0322,Bd07_Re-Te,primary
simmel,Simmel,Bd07_Re-Te:0397:0323,Bd07_Re-Te,primary
simon von faversham,Simon von Faversham,Bd07_Re-Te:0399:0324,Bd07_Re-Te,primary
simon von tournai,Simon von Tournai,Bd07_Re-Te:0400:0325,Bd07_Re-Te,primary
simplikios,Simplikios,Bd07_Re-Te:0400:0326,Bd07_Re-Te,primary
simulation,Simulation,Bd07_Re-Te:0401:0327,Bd07_Re-Te,primary
simulationstheorie,Simulationstheorie,Bd07_Re-Te:0403:0328,Bd07_Re-Te,slash_half
simulationstheorie/theorientheorie des mentalen,Simulationstheorie/Theorientheorie des Mentalen,Bd07_Re-Te:0403:0328,Bd07_Re-Te,primary
singular,singular,Bd07_Re-Te:0405:0329,Bd07_Re-Te,primary
singulares urteil,singulares Urteil,Bd08_Th-Z:0257:0229,Bd08_Th-Z,comma_inverted
singularia,Singularia,Bd07_Re-Te:0406:0330,Bd07_Re-Te,primary
sinn,Sinn,Bd07_Re-Te:0406:0331,Bd07_Re-Te,primary
"sinn, ausserer","Sinn, äußerer",Bd07_Re-Te:0409:0332,Bd07_Re-Te,primary
"sinn, innerer","Sinn, innerer",Bd07_Re-Te:0409:0333,Bd07_Re-Te,primary
"sinn, noematischer","Sinn, noematischer",Bd07_Re-Te:0409:0334,Bd07_Re-Te,primary
sinnenwelt,Sinnenwelt,Bd07_Re-Te:0410:0335,Bd07_Re-Te,primary
sinnesdaten,Sinnesdaten,Bd07_Re-Te:0410:0336,Bd07_Re-Te,primary
sinnestauschung,Sinnestäuschung,Bd07_Re-Te:0412:0337,Bd07_Re-Te,primary
sinneswahrnehmung,Sinneswahrnehmung,Bd07_Re-Te:0413:0338,Bd07_Re-Te,primary
sinneswahrnehmung,Sinneswahrnehmung,Bd08_Th-Z:0414:0401,Bd07_Re-Te,redirect_alias
"sinnkriterium, empiristisches","Sinnkriterium, empiristisches",Bd07_Re-Te:0413:0339,Bd07_Re-Te,primary
"sinnkriterium, pragmatisches","Sinnkriterium, pragmatisches",Bd07_Re-Te:0414:0340,Bd07_Re-Te,primary
sinnliche gewissheit,sinnliche Gewißheit,Bd03_G-Inn:0155:0112,Bd03_G-Inn,comma_inverted
sinnlichkeit,Sinnlichkeit,Bd07_Re-Te:0414:0341,Bd07_Re-Te,primary
sittengesetz,Sittengesetz,Bd07_Re-Te:0415:0342,Bd07_Re-Te,primary
sittenlehre,Sittenlehre,Bd07_Re-Te:0415:0343,Bd07_Re-Te,primary
sittlichkeit,Sittlichkeit,Bd07_Re-Te:0415:0344,Bd07_Re-Te,primary
situation,Situation,Bd07_Re-Te:0417:0345,Bd07_Re-Te,primary
situationsethik,Situationsethik,Bd07_Re-Te:0418:0346,Bd07_Re-Te,primary
situationslogik,Situationslogik,Bd07_Re-Te:0418:0347,Bd07_Re-Te,primary
situationssemantik,Situationssemantik,Bd07_Re-Te:0419:0348,Bd07_Re-Te,primary
skala,Skala,Bd07_Re-Te:0419:0350,Bd07_Re-Te,primary
skala,Skala,Bd05_Log-N:0378:0267,Bd07_Re-Te,redirect_alias
skalierung,Skalierung,Bd07_Re-Te:0419:0351,Bd07_Re-Te,primary
skalierung,Skalierung,Bd05_Log-N:0378:0267,Bd07_Re-Te,redirect_alias
skepsis,Skepsis,Bd07_Re-Te:0419:0352,Bd07_Re-Te,primary
skeptische tropen,skeptische Tropen,Bd08_Th-Z:0141:0096,Bd08_Th-Z,comma_inverted
skeptizismus,Skeptizismus,Bd07_Re-Te:0419:0353,Bd07_Re-Te,primary
skinner,Skinner,Bd07_Re-Te:0423:0354,Bd07_Re-Te,primary
sklavenmoral,Sklavenmoral,Bd07_Re-Te:0425:0355,Bd07_Re-Te,primary
skolem,Skolem,Bd07_Re-Te:0425:0356,Bd07_Re-Te,primary
skolem-normalform,Skolem-Normalform,Bd07_Re-Te:0427:0357,Bd07_Re-Te,primary
skolemsche paradoxie,Skolemsche Paradoxie,Bd07_Re-Te:0427:0358,Bd07_Re-Te,primary
skotismus,Skotismus,Bd07_Re-Te:0427:0359,Bd07_Re-Te,primary
smith,Smith,Bd07_Re-Te:0427:0360,Bd07_Re-Te,primary
smṙti,smṙti,Bd07_Re-Te:0430:0361,Bd07_Re-Te,primary
sneed,Sneed,Bd07_Re-Te:0430:0362,Bd07_Re-Te,primary
snellius,Snellius,Bd07_Re-Te:0431:0363,Bd07_Re-Te,primary
sohar,Sohar,Bd07_Re-Te:0432:0364,Bd07_Re-Te,primary
sokrates,Sokrates,Bd07_Re-Te:0433:0365,Bd07_Re-Te,primary
sokratiker,Sokratiker,Bd07_Re-Te:0435:0366,Bd07_Re-Te,primary
solger,Solger,Bd07_Re-Te:0436:0367,Bd07_Re-Te,primary
solipsismus,Solipsismus,Bd07_Re-Te:0437:0368,Bd07_Re-Te,primary
sollen,Sollen,Bd07_Re-Te:0439:0369,Bd07_Re-Te,primary
solowjew,Solowjew,Bd07_Re-Te:0440:0370,Bd07_Re-Te,primary
sombart,Sombart,Bd07_Re-Te:0442:0371,Bd07_Re-Te,primary
sophia,Sophia,Bd07_Re-Te:0443:0372,Bd07_Re-Te,primary
sophisma,Sophisma,Bd07_Re-Te:0443:0373,Bd07_Re-Te,primary
sophismus ignavus,sophismus ignavus,Bd07_Re-Te:0445:0374,Bd07_Re-Te,primary
sophismus ignavus,sophismus ignavus,Bd08_Th-Z:0326:0297,Bd07_Re-Te,redirect_alias
sophistik,Sophistik,Bd07_Re-Te:0445:0375,Bd07_Re-Te,primary
sophrosyne,Sophrosyne,Bd07_Re-Te:0447:0376,Bd07_Re-Te,primary
sorel,Sorel,Bd07_Re-Te:0448:0377,Bd07_Re-Te,primary
sorge,Sorge,Bd07_Re-Te:0449:0378,Bd07_Re-Te,primary
sorites,Sorites,Bd07_Re-Te:0449:0379,Bd07_Re-Te,primary
sortenlogik,Sortenlogik,Bd07_Re-Te:0449:0380,Bd07_Re-Te,primary
sosein,Sosein,Bd07_Re-Te:0450:0381,Bd07_Re-Te,primary
soto,Soto,Bd07_Re-Te:0450:0382,Bd07_Re-Te,primary
sozialdarwinismus,Sozialdarwinismus,Bd07_Re-Te:0451:0383,Bd07_Re-Te,primary
sozialethik,Sozialethik,Bd07_Re-Te:0454:0384,Bd07_Re-Te,primary
"sozialforschung, empirische","Sozialforschung, empirische",Bd07_Re-Te:0455:0385,Bd07_Re-Te,primary
"sozialismus, utopischer","Sozialismus, utopischer",Bd07_Re-Te:0457:0386,Bd07_Re-Te,primary
"sozialismus, wissenschaftlicher","Sozialismus, wissenschaftlicher",Bd07_Re-Te:0458:0387,Bd07_Re-Te,primary
sozialitat,Sozialität,Bd07_Re-Te:0459:0388,Bd07_Re-Te,primary
sozialphilosophie,Sozialphilosophie,Bd07_Re-Te:0460:0389,Bd07_Re-Te,primary
sozialwissenschaft,Sozialwissenschaft,Bd07_Re-Te:0462:0390,Bd07_Re-Te,primary
sozialwissenschaftlich norm juristisch,sozialwissenschaftlich) Norm (juristisch,Bd05_Log-N:0626:0494,Bd05_Log-N,comma_inverted
soziobiologie,Soziobiologie,Bd07_Re-Te:0463:0391,Bd07_Re-Te,primary
soziologie,Soziologie,Bd07_Re-Te:0467:0392,Bd07_Re-Te,primary
spekulation,Spekulation,Bd07_Re-Te:0468:0393,Bd07_Re-Te,slash_half
spekulativ,spekulativ,Bd07_Re-Te:0468:0393,Bd07_Re-Te,slash_half
spekulativ/spekulation,spekulativ/Spekulation,Bd07_Re-Te:0468:0393,Bd07_Re-Te,primary
spekulative logik,spekulative Logik,Bd05_Log-N:0099:0055,Bd05_Log-N,comma_inverted
spekulatives system,spekulatives System,Bd07_Re-Te:0655:0562,Bd07_Re-Te,comma_inverted
spencer,Spencer,Bd07_Re-Te:0469:0394,Bd07_Re-Te,primary
spengler,Spengler,Bd07_Re-Te:0470:0395,Bd07_Re-Te,primary
speusippos,Speusippos,Bd07_Re-Te:0472:0396,Bd07_Re-Te,primary
spezialisierung,Spezialisierung,Bd07_Re-Te:0473:0397,Bd07_Re-Te,primary
speziell,speziell,Bd07_Re-Te:0474:0398,Bd07_Re-Te,primary
spezielle relativitatstheorie,spezielle Relativitätstheorie,Bd07_Re-Te:0105:0080,Bd07_Re-Te,comma_inverted
spezieller additionssatz,spezieller Additionssatz,Bd01_A-B:0059:0064,Bd01_A-B,comma_inverted
spezies,Spezies,Bd07_Re-Te:0474:0399,Bd07_Re-Te,primary
spezifizierung,Spezifizierung,Bd07_Re-Te:0478:0400,Bd07_Re-Te,primary
spharenharmonie,Sphärenharmonie,Bd07_Re-Te:0478:0401,Bd07_Re-Te,primary
sphoṫa,sphoṫa,Bd07_Re-Te:0480:0402,Bd07_Re-Te,primary
spiegelung,Spiegelung,Bd07_Re-Te:0481:0403,Bd07_Re-Te,primary
spiel,Spiel,Bd07_Re-Te:0482:0404,Bd07_Re-Te,primary
spielraum,Spielraum,Bd07_Re-Te:0485:0405,Bd07_Re-Te,primary
spielregel,Spielregel,Bd07_Re-Te:0486:0406,Bd07_Re-Te,primary
spieltheoretische semantik,spieltheoretische Semantik,Bd07_Re-Te:0367:0289,Bd07_Re-Te,comma_inverted
spieltheorie,Spieltheorie,Bd07_Re-Te:0486:0407,Bd07_Re-Te,primary
spinoza,Spinoza,Bd07_Re-Te:0490:0408,Bd07_Re-Te,primary
spinozismus,Spinozismus,Bd07_Re-Te:0495:0409,Bd07_Re-Te,primary
spiritualismus,Spiritualismus,Bd07_Re-Te:0495:0410,Bd07_Re-Te,primary
spontan,spontan,Bd07_Re-Te:0496:0411,Bd07_Re-Te,slash_half
spontan/spontaneitat,spontan/Spontaneität,Bd07_Re-Te:0496:0411,Bd07_Re-Te,primary
spontaneitat,Spontaneität,Bd07_Re-Te:0496:0411,Bd07_Re-Te,slash_half
sprachanalyse,Sprachanalyse,Bd07_Re-Te:0497:0412,Bd07_Re-Te,primary
sprache,Sprache,Bd07_Re-Te:0498:0413,Bd07_Re-Te,primary
sprache des denkens,Sprache des Denkens,Bd07_Re-Te:0506:0418,Bd07_Re-Te,primary
"sprache, adamische","Sprache, adamische",Bd07_Re-Te:0503:0414,Bd07_Re-Te,primary
"sprache, formale","Sprache, formale",Bd07_Re-Te:0503:0415,Bd07_Re-Te,primary
"sprache, ideale","Sprache, ideale",Bd07_Re-Te:0505:0416,Bd07_Re-Te,primary
"sprache, naturliche","Sprache, natürliche",Bd07_Re-Te:0505:0417,Bd07_Re-Te,primary
sprachgebrauch,Sprachgebrauch,Bd07_Re-Te:0508:0419,Bd07_Re-Te,primary
sprachhandlung,Sprachhandlung,Bd07_Re-Te:0508:0420,Bd07_Re-Te,primary
sprachhermeneutik,Sprachhermeneutik,Bd07_Re-Te:0509:0421,Bd07_Re-Te,primary
sprachkritik,Sprachkritik,Bd07_Re-Te:0509:0422,Bd07_Re-Te,primary
sprachphilosophie,Sprachphilosophie,Bd07_Re-Te:0511:0423,Bd07_Re-Te,primary
sprachspiel,Sprachspiel,Bd07_Re-Te:0516:0424,Bd07_Re-Te,primary
sprachsystem,Sprachsystem,Bd07_Re-Te:0517:0425,Bd07_Re-Te,primary
sprachvermogen,Sprachvermögen,Bd07_Re-Te:0518:0426,Bd07_Re-Te,primary
sprachwissenschaft,Sprachwissenschaft,Bd07_Re-Te:0518:0427,Bd07_Re-Te,primary
sprachwissenschaft,Sprachwissenschaft,Bd04_Ins-Loc:0597:0462,Bd07_Re-Te,redirect_alias
sprechakt,Sprechakt,Bd07_Re-Te:0518:0428,Bd07_Re-Te,primary
sprechhandlung,Sprechhandlung,Bd07_Re-Te:0521:0429,Bd07_Re-Te,primary
sprechhandlung,Sprechhandlung,Bd07_Re-Te:0518:0428,Bd07_Re-Te,redirect_alias
staat,Staat,Bd07_Re-Te:0521:0431,Bd07_Re-Te,primary
staatsphilosophie,Staatsphilosophie,Bd07_Re-Te:0528:0432,Bd07_Re-Te,primary
stabilitatsprinzip,Stabilitätsprinzip,Bd07_Re-Te:0530:0433,Bd07_Re-Te,primary
stahl,Stahl,Bd07_Re-Te:0530:0434,Bd07_Re-Te,primary
starrer korper,starrer Körper,Bd04_Ins-Loc:0383:0299,Bd04_Ins-Loc,comma_inverted
statement view,statement view,Bd07_Re-Te:0532:0435,Bd07_Re-Te,primary
statement view,statement view,Bd08_Th-Z:0064:0030,Bd07_Re-Te,redirect_alias
statik,Statik,Bd07_Re-Te:0532:0436,Bd07_Re-Te,primary
statistik,Statistik,Bd07_Re-Te:0533:0437,Bd07_Re-Te,primary
stegmuller,Stegmüller,Bd07_Re-Te:0535:0438,Bd07_Re-Te,primary
stein,Stein,Bd07_Re-Te:0537:0439,Bd07_Re-Te,primary
stein,Stein,Bd07_Re-Te:0537:0440,Bd07_Re-Te,primary
stein der weisen,Stein der Weisen,Bd07_Re-Te:0539:0441,Bd07_Re-Te,primary
steiner,Steiner,Bd07_Re-Te:0540:0442,Bd07_Re-Te,primary
steresis,Steresis,Bd07_Re-Te:0543:0443,Bd07_Re-Te,primary
stetigkeit,Stetigkeit,Bd07_Re-Te:0543:0444,Bd07_Re-Te,primary
stetigkeitsaxiome,Stetigkeitsaxiome,Bd07_Re-Te:0545:0445,Bd07_Re-Te,primary
stevenson,Stevenson,Bd07_Re-Te:0545:0446,Bd07_Re-Te,primary
stevin,Stevin,Bd07_Re-Te:0546:0447,Bd07_Re-Te,primary
stewart,Stewart,Bd07_Re-Te:0548:0448,Bd07_Re-Te,primary
sthiramati,Sthiramati,Bd07_Re-Te:0549:0449,Bd07_Re-Te,primary
stil,Stil,Bd07_Re-Te:0549:0450,Bd07_Re-Te,primary
stilpon,Stilpon,Bd07_Re-Te:0552:0451,Bd07_Re-Te,primary
stimmung,Stimmung,Bd07_Re-Te:0553:0452,Bd07_Re-Te,primary
stirner,Stirner,Bd07_Re-Te:0554:0453,Bd07_Re-Te,primary
stoa,Stoa,Bd07_Re-Te:0555:0454,Bd07_Re-Te,primary
stoff,Stoff,Bd07_Re-Te:0557:0455,Bd07_Re-Te,primary
stoische logik,stoische Logik,Bd05_Log-N:0099:0056,Bd05_Log-N,comma_inverted
stoizismus,Stoizismus,Bd07_Re-Te:0557:0456,Bd07_Re-Te,primary
stossgesetze,Stoßgesetze,Bd07_Re-Te:0557:0457,Bd07_Re-Te,primary
strabon,Strabon,Bd07_Re-Te:0558:0458,Bd07_Re-Te,primary
strafe,Strafe,Bd07_Re-Te:0559:0459,Bd07_Re-Te,primary
straton,Straton,Bd07_Re-Te:0560:0460,Bd07_Re-Te,primary
strauss,Strauß,Bd07_Re-Te:0561:0461,Bd07_Re-Te,primary
strawson,Strawson,Bd07_Re-Te:0563:0462,Bd07_Re-Te,primary
strenge implikation,strenge Implikation,Bd03_G-Inn:0582:0427,Bd03_G-Inn,comma_inverted
strenge logik,strenge Logik,Bd05_Log-N:0102:0057,Bd05_Log-N,comma_inverted
strichkalkul,Strichkalkül,Bd07_Re-Te:0564:0463,Bd07_Re-Te,primary
strikte implikation,strikte Implikation,Bd03_G-Inn:0582:0428,Bd03_G-Inn,comma_inverted
struktur,Struktur,Bd07_Re-Te:0565:0464,Bd07_Re-Te,primary
"strukturalismus philosophisch, wissenschaftstheoretisch","Strukturalismus (philosophisch, wissenschaftstheoretisch)",Bd07_Re-Te:0566:0465,Bd07_Re-Te,primary
"strukturalismus, mathematischer","Strukturalismus, mathematischer",Bd07_Re-Te:0573:0466,Bd07_Re-Te,primary
strukturregel,Strukturregel,Bd07_Re-Te:0576:0467,Bd07_Re-Te,primary
stufe,Stufe,Bd07_Re-Te:0576:0468,Bd07_Re-Te,primary
stufenkalkul,Stufenkalkül,Bd07_Re-Te:0577:0469,Bd07_Re-Te,primary
stufenkalkul,Stufenkalkül,Bd04_Ins-Loc:0157:0104,Bd07_Re-Te,redirect_alias
stufenlogik,Stufenlogik,Bd07_Re-Te:0577:0470,Bd07_Re-Te,primary
stumpf,Stumpf,Bd07_Re-Te:0579:0471,Bd07_Re-Te,primary
sturm,Sturm,Bd07_Re-Te:0580:0472,Bd07_Re-Te,primary
suarez,Suárez,Bd07_Re-Te:0581:0473,Bd07_Re-Te,primary
suarezianismus,Suarezianismus,Bd07_Re-Te:0584:0474,Bd07_Re-Te,primary
subaltern logisch,subaltern (logisch),Bd07_Re-Te:0585:0475,Bd07_Re-Te,primary
subjekt,Subjekt,Bd07_Re-Te:0585:0476,Bd07_Re-Te,primary
"subjekt, empirisches","Subjekt, empirisches",Bd07_Re-Te:0588:0477,Bd07_Re-Te,primary
"subjekt, transzendentales","Subjekt, transzendentales",Bd07_Re-Te:0589:0478,Bd07_Re-Te,primary
subjekt-objekt-problem,Subjekt-Objekt-Problem,Bd07_Re-Te:0592:0482,Bd07_Re-Te,primary
subjektbegriff,Subjektbegriff,Bd07_Re-Te:0590:0479,Bd07_Re-Te,primary
subjektiver geist,subjektiver Geist,Bd03_G-Inn:0073:0045,Bd03_G-Inn,comma_inverted
subjektiver idealismus,subjektiver Idealismus,Bd03_G-Inn:0529:0378,Bd03_G-Inn,comma_inverted
subjektivismus,Subjektivismus,Bd07_Re-Te:0590:0480,Bd07_Re-Te,primary
subjektivitat,Subjektivität,Bd07_Re-Te:0592:0481,Bd07_Re-Te,primary
subjektivitat,Subjektivität,Bd07_Re-Te:0590:0480,Bd07_Re-Te,redirect_alias
subjunktion,Subjunktion,Bd07_Re-Te:0593:0483,Bd07_Re-Te,primary
subjunktor,Subjunktor,Bd07_Re-Te:0594:0484,Bd07_Re-Te,primary
subkontrar,subkonträr,Bd07_Re-Te:0594:0485,Bd07_Re-Te,primary
sublimierung,Sublimierung,Bd07_Re-Te:0594:0486,Bd07_Re-Te,primary
subordination,Subordination,Bd07_Re-Te:0594:0487,Bd07_Re-Te,primary
subsidiaritatsprinzip,Subsidiaritätsprinzip,Bd07_Re-Te:0595:0488,Bd07_Re-Te,primary
subsistenz,Subsistenz,Bd07_Re-Te:0595:0489,Bd07_Re-Te,primary
substantialitatstheorie,Substantialitätstheorie,Bd07_Re-Te:0596:0490,Bd07_Re-Te,primary
substanz,Substanz,Bd07_Re-Te:0596:0491,Bd07_Re-Te,primary
substitution,Substitution,Bd07_Re-Te:0599:0492,Bd07_Re-Te,primary
substitutivitat,Substitutivität,Bd07_Re-Te:0600:0493,Bd07_Re-Te,primary
substrat,Substrat,Bd07_Re-Te:0601:0494,Bd07_Re-Te,primary
substrukturelle logik,substrukturelle Logik,Bd05_Log-N:0102:0058,Bd05_Log-N,comma_inverted
subsumption,Subsumption,Bd07_Re-Te:0601:0495,Bd07_Re-Te,slash_half
subsumtion,Subsumtion,Bd07_Re-Te:0601:0495,Bd07_Re-Te,slash_half
subsumtion/subsumption,Subsumtion/Subsumption,Bd07_Re-Te:0601:0495,Bd07_Re-Te,primary
subsumtion/subsumption,Subsumtion/Subsumption,Bd07_Re-Te:0594:0487,Bd07_Re-Te,redirect_alias
subthiel,subthiel,Bd07_Re-Te:0601:0496,Bd07_Re-Te,slash_half
subthiel/subthielitat,subthiel/Subthielität,Bd07_Re-Te:0601:0496,Bd07_Re-Te,primary
subthielitat,Subthielität,Bd07_Re-Te:0601:0496,Bd07_Re-Te,slash_half
subtraktion,Subtraktion,Bd07_Re-Te:0602:0497,Bd07_Re-Te,primary
sudwestdeutsche schule,Südwestdeutsche Schule,Bd07_Re-Te:0603:0498,Bd07_Re-Te,primary
sufismus,Sufismus,Bd07_Re-Te:0603:0499,Bd07_Re-Te,primary
sukzedens,Sukzedens,Bd07_Re-Te:0604:0500,Bd07_Re-Te,primary
sukzessionsgesetz,Sukzessionsgesetz,Bd07_Re-Te:0604:0501,Bd07_Re-Te,primary
sulzer,Sulzer,Bd07_Re-Te:0604:0502,Bd07_Re-Te,primary
summe,Summe,Bd07_Re-Te:0605:0503,Bd07_Re-Te,primary
summe logisch,Summe (logisch),Bd07_Re-Te:0605:0504,Bd07_Re-Te,primary
summe mathematisch,Summe (mathematisch),Bd07_Re-Te:0605:0505,Bd07_Re-Te,primary
summe mathematisch,Summe (mathematisch),Bd01_A-B:0059:0063,Bd07_Re-Te,redirect_alias
summe mengentheoretisch,Summe (mengentheoretisch),Bd07_Re-Te:0606:0506,Bd07_Re-Te,primary
"summe, boolesche","Summe, Boolesche",Bd07_Re-Te:0606:0507,Bd07_Re-Te,primary
summum bonum,summum bonum,Bd07_Re-Te:0606:0508,Bd07_Re-Te,primary
superposition,Superposition,Bd07_Re-Te:0606:0510,Bd07_Re-Te,primary
supervenient,supervenient,Bd07_Re-Te:0607:0511,Bd07_Re-Te,slash_half
supervenient/supervenienz,supervenient/Supervenienz,Bd07_Re-Te:0607:0511,Bd07_Re-Te,primary
supervenienz,Supervenienz,Bd07_Re-Te:0607:0511,Bd07_Re-Te,slash_half
suppes,Suppes,Bd07_Re-Te:0609:0512,Bd07_Re-Te,primary
supposition,Supposition,Bd07_Re-Te:0611:0513,Bd07_Re-Te,primary
suppositionslehre,Suppositionslehre,Bd07_Re-Te:0611:0514,Bd07_Re-Te,primary
supranaturalismus,Supranaturalismus,Bd07_Re-Te:0613:0515,Bd07_Re-Te,primary
survival of the fittest,survival of the fittest,Bd07_Re-Te:0613:0516,Bd07_Re-Te,primary
swedenborg,Swedenborg,Bd07_Re-Te:0614:0518,Bd07_Re-Te,primary
swineshead,Swineshead,Bd07_Re-Te:0619:0519,Bd07_Re-Te,primary
syllogismus,Syllogismus,Bd07_Re-Te:0620:0520,Bd07_Re-Te,primary
syllogismus,Syllogismus,Bd07_Re-Te:0622:0531,Bd07_Re-Te,redirect_alias
"syllogismus, apodeiktischer","Syllogismus, apodeiktischer",Bd07_Re-Te:0620:0521,Bd07_Re-Te,primary
"syllogismus, assertorischer","Syllogismus, assertorischer",Bd07_Re-Te:0620:0522,Bd07_Re-Te,primary
"syllogismus, dialektischer","Syllogismus, dialektischer",Bd07_Re-Te:0620:0523,Bd07_Re-Te,primary
"syllogismus, disjunktiver","Syllogismus, disjunktiver",Bd07_Re-Te:0620:0524,Bd07_Re-Te,primary
"syllogismus, hypothetischer","Syllogismus, hypothetischer",Bd07_Re-Te:0621:0525,Bd07_Re-Te,primary
"syllogismus, kategorischer","Syllogismus, kategorischer",Bd07_Re-Te:0621:0526,Bd07_Re-Te,primary
"syllogismus, modaler","Syllogismus, modaler",Bd07_Re-Te:0621:0527,Bd07_Re-Te,primary
"syllogismus, obliquer","Syllogismus, obliquer",Bd07_Re-Te:0621:0528,Bd07_Re-Te,primary
"syllogismus, praktischer","Syllogismus, praktischer",Bd07_Re-Te:0621:0529,Bd07_Re-Te,primary
"syllogismus, vollkommener","Syllogismus, vollkommener",Bd07_Re-Te:0622:0530,Bd07_Re-Te,primary
syllogistik,Syllogistik,Bd07_Re-Te:0622:0531,Bd07_Re-Te,primary
symbol,Symbol,Bd07_Re-Te:0625:0532,Bd07_Re-Te,primary
"symbolik, logische","Symbolik, logische",Bd07_Re-Te:0626:0533,Bd07_Re-Te,primary
"symbolik, logische","Symbolik, logische",Bd05_Log-N:0633:0503,Bd07_Re-Te,redirect_alias
symbolische logik,symbolische Logik,Bd05_Log-N:0102:0059,Bd05_Log-N,comma_inverted
symbolischer interaktionismus,symbolischer Interaktionismus,Bd04_Ins-Loc:0049:0021,Bd04_Ins-Loc,comma_inverted
symbolisierung,Symbolisierung,Bd07_Re-Te:0626:0534,Bd07_Re-Te,primary
symboltheorie,Symboltheorie,Bd07_Re-Te:0627:0535,Bd07_Re-Te,primary
symmetrie,Symmetrie,Bd07_Re-Te:0630:0537,Bd07_Re-Te,slash_half
symmetrie,Symmetrie,Bd07_Re-Te:0631:0538,Bd07_Re-Te,slash_half
symmetrie,Symmetrie,Bd07_Re-Te:0633:0539,Bd07_Re-Te,slash_half
symmetrie,Symmetrie,Bd07_Re-Te:0634:0540,Bd07_Re-Te,slash_half
symmetrieprinzip,Symmetrieprinzip,Bd07_Re-Te:0630:0536,Bd07_Re-Te,primary
symmetrisch,symmetrisch,Bd07_Re-Te:0630:0537,Bd07_Re-Te,slash_half
symmetrisch,symmetrisch,Bd07_Re-Te:0631:0538,Bd07_Re-Te,slash_half
symmetrisch,symmetrisch,Bd07_Re-Te:0633:0539,Bd07_Re-Te,slash_half
symmetrisch,symmetrisch,Bd07_Re-Te:0634:0540,Bd07_Re-Te,slash_half
symmetrisch/symmetrie argumentationstheore tisch,symmetrisch/Symmetrie (argumentationstheore tisch),Bd07_Re-Te:0630:0537,Bd07_Re-Te,primary
symmetrisch/symmetrie geometrisch,symmetrisch/Symmetrie (geometrisch),Bd07_Re-Te:0631:0538,Bd07_Re-Te,primary
symmetrisch/symmetrie logisch,symmetrisch/Symmetrie (logisch),Bd07_Re-Te:0633:0539,Bd07_Re-Te,primary
symmetrisch/symmetrie naturphilosophisch,symmetrisch/Symmetrie (naturphilosophisch),Bd07_Re-Te:0634:0540,Bd07_Re-Te,primary
symmetrische differenz,symmetrische Differenz,Bd02_C-F:0222:0243,Bd02_C-F,comma_inverted
symptom,Symptom,Bd07_Re-Te:0636:0541,Bd07_Re-Te,primary
synchron,synchron,Bd07_Re-Te:0637:0542,Bd07_Re-Te,primary
synchron,synchron,Bd02_C-F:0197:0218,Bd07_Re-Te,redirect_alias
synchron,synchron,Bd02_C-F:0197:0218,Bd02_C-F,slash_half
synderesis,Synderesis,Bd07_Re-Te:0637:0543,Bd07_Re-Te,primary
synderesis,Synderesis,Bd07_Re-Te:0646:0554,Bd07_Re-Te,redirect_alias
synergetik,Synergetik,Bd07_Re-Te:0637:0544,Bd07_Re-Te,primary
synesios,Synesios,Bd07_Re-Te:0640:0545,Bd07_Re-Te,primary
synkatathesis,Synkatathesis,Bd07_Re-Te:0641:0546,Bd07_Re-Te,primary
synkategorematisch,synkategorematisch,Bd07_Re-Te:0641:0547,Bd07_Re-Te,primary
synkretismus,Synkretismus,Bd07_Re-Te:0641:0548,Bd07_Re-Te,primary
synonym,synonym,Bd07_Re-Te:0641:0549,Bd07_Re-Te,slash_half
synonym/synonymitat,synonym/Synonymität,Bd07_Re-Te:0641:0549,Bd07_Re-Te,primary
synonymitat,Synonymität,Bd07_Re-Te:0641:0549,Bd07_Re-Te,slash_half
synsemantisch,synsemantisch,Bd07_Re-Te:0642:0550,Bd07_Re-Te,primary
syntaktik,Syntaktik,Bd07_Re-Te:0643:0551,Bd07_Re-Te,primary
syntaktische kategorie,syntaktische Kategorie,Bd04_Ins-Loc:0193:0130,Bd04_Ins-Loc,comma_inverted
syntax,Syntax,Bd07_Re-Te:0643:0552,Bd07_Re-Te,primary
"syntax, logische","Syntax, logische",Bd07_Re-Te:0645:0553,Bd07_Re-Te,primary
synteresis,Synteresis,Bd07_Re-Te:0646:0554,Bd07_Re-Te,primary
synthese,Synthese,Bd07_Re-Te:0646:0555,Bd07_Re-Te,primary
synthesis,Synthesis,Bd07_Re-Te:0648:0556,Bd07_Re-Te,primary
synthetisch,synthetisch,Bd07_Re-Te:0649:0557,Bd07_Re-Te,primary
synthetische methode,synthetische Methode,Bd05_Log-N:0409:0298,Bd05_Log-N,comma_inverted
synthetisches urteil,synthetisches Urteil,Bd08_Th-Z:0257:0230,Bd08_Th-Z,comma_inverted
synthetisches urteil a priori,synthetisches Urteil a priori,Bd08_Th-Z:0258:0233,Bd08_Th-Z,comma_inverted
syrianos,Syrianos,Bd07_Re-Te:0650:0558,Bd07_Re-Te,primary
system,System,Bd07_Re-Te:0651:0559,Bd07_Re-Te,primary
"system, axiomatisches","System, axiomatisches",Bd07_Re-Te:0652:0560,Bd07_Re-Te,primary
"system, formales","System, formales",Bd07_Re-Te:0655:0561,Bd07_Re-Te,primary
"system, spekulatives","System, spekulatives",Bd07_Re-Te:0655:0562,Bd07_Re-Te,primary
systematik,Systematik,Bd07_Re-Te:0655:0563,Bd07_Re-Te,primary
systematisch,systematisch,Bd07_Re-Te:0656:0564,Bd07_Re-Te,primary
systemtheorie,Systemtheorie,Bd07_Re-Te:0657:0565,Bd07_Re-Te,primary
szientismus,Szientismus,Bd07_Re-Te:0661:0566,Bd07_Re-Te,primary
sāmānya,sāmānya,Bd07_Re-Te:0224:0176,Bd07_Re-Te,primary
sāramati,Sāramati,Bd07_Re-Te:0237:0188,Bd07_Re-Te,primary
sāṁ khya,Sāṁ khya,Bd07_Re-Te:0228:0180,Bd07_Re-Te,primary
sūtra,sūtra,Bd07_Re-Te:0614:0517,Bd07_Re-Te,primary
"tableau, logisches","Tableau, logisches",Bd07_Re-Te:0663:0567,Bd07_Re-Te,primary
tabula logica,tabula logica,Bd07_Re-Te:0664:0568,Bd07_Re-Te,primary
tabula rasa,tabula rasa,Bd07_Re-Te:0665:0569,Bd07_Re-Te,primary
taine,Taine,Bd07_Re-Te:0665:0570,Bd07_Re-Te,primary
tannery,Tannery,Bd07_Re-Te:0666:0571,Bd07_Re-Te,primary
tantra,tantra,Bd07_Re-Te:0667:0573,Bd07_Re-Te,primary
tantrayāna,Tantrayāna,Bd07_Re-Te:0668:0574,Bd07_Re-Te,primary
tao,Tao,Bd07_Re-Te:0669:0575,Bd07_Re-Te,primary
tao-te ching,Tao-te ching,Bd07_Re-Te:0670:0577,Bd07_Re-Te,primary
taoismus,Taoismus,Bd07_Re-Te:0670:0576,Bd07_Re-Te,primary
tapferkeit,Tapferkeit,Bd07_Re-Te:0671:0578,Bd07_Re-Te,primary
tarka,tarka,Bd07_Re-Te:0671:0579,Bd07_Re-Te,primary
tarski,Tarski,Bd07_Re-Te:0671:0580,Bd07_Re-Te,primary
tarski-semantik,Tarski-Semantik,Bd07_Re-Te:0675:0581,Bd07_Re-Te,primary
tartaglia,Tartaglia,Bd07_Re-Te:0675:0582,Bd07_Re-Te,primary
"tartaretus, petrus","Tartaretus, Petrus",Bd07_Re-Te:0677:0583,Bd07_Re-Te,primary
"tartaretus, petrus","Tartaretus, Petrus",Bd06_O-Ra:0185:0166,Bd07_Re-Te,redirect_alias
tat tvam asi,tat tvam asi,Bd07_Re-Te:0679:0588,Bd07_Re-Te,primary
tathandlung,Tathandlung,Bd07_Re-Te:0677:0584,Bd07_Re-Te,primary
tatsache,Tatsache,Bd07_Re-Te:0677:0585,Bd07_Re-Te,primary
tatsachenwahrheit,Tatsachenwahrheit,Bd07_Re-Te:0678:0586,Bd07_Re-Te,primary
tattva,tattva,Bd07_Re-Te:0679:0587,Bd07_Re-Te,primary
tauler,Tauler,Bd07_Re-Te:0679:0589,Bd07_Re-Te,primary
tauschwert,Tauschwert,Bd07_Re-Te:0680:0590,Bd07_Re-Te,primary
tautologie,Tautologie,Bd07_Re-Te:0681:0591,Bd07_Re-Te,primary
taxonomie,Taxonomie,Bd07_Re-Te:0682:0592,Bd07_Re-Te,primary
technik,Technik,Bd07_Re-Te:0682:0594,Bd07_Re-Te,primary
technikethik,Technikethik,Bd07_Re-Te:0685:0595,Bd07_Re-Te,primary
technikfolgenabschatzung,Technikfolgenabschätzung,Bd07_Re-Te:0685:0596,Bd07_Re-Te,primary
technologie,Technologie,Bd07_Re-Te:0691:0597,Bd07_Re-Te,primary
technē,Technē,Bd07_Re-Te:0682:0593,Bd07_Re-Te,primary
teichmuller,Teichmüller,Bd07_Re-Te:0691:0598,Bd07_Re-Te,primary
teil,Teil,Bd07_Re-Te:0692:0599,Bd07_Re-Te,primary
teil und ganzes,Teil und Ganzes,Bd07_Re-Te:0698:0606,Bd07_Re-Te,primary
teilchenphysik,Teilchenphysik,Bd07_Re-Te:0692:0600,Bd07_Re-Te,primary
teilformelinduktion,Teilformelinduktion,Bd07_Re-Te:0695:0601,Bd07_Re-Te,primary
teilhabe,Teilhabe,Bd07_Re-Te:0695:0602,Bd07_Re-Te,primary
teilhard de chardin,Teilhard de Chardin,Bd07_Re-Te:0696:0603,Bd07_Re-Te,primary
teilmenge,Teilmenge,Bd07_Re-Te:0697:0604,Bd07_Re-Te,primary
teilmengenaxiom,Teilmengenaxiom,Bd07_Re-Te:0697:0605,Bd07_Re-Te,primary
teleologie,Teleologie,Bd07_Re-Te:0706:0607,Bd07_Re-Te,primary
teleologische ethik,teleologische Ethik,Bd02_C-F:0441:0484,Bd02_C-F,comma_inverted
telesio,Telesio,Bd07_Re-Te:0708:0608,Bd07_Re-Te,primary
telos,Telos,Bd07_Re-Te:0709:0609,Bd07_Re-Te,primary
temporale logik,temporale Logik,Bd05_Log-N:0102:0060,Bd05_Log-N,comma_inverted
tendenz,Tendenz,Bd07_Re-Te:0709:0610,Bd07_Re-Te,primary
term,Term,Bd07_Re-Te:0710:0611,Bd07_Re-Te,primary
"termini, noologische","Termini, noologische",Bd07_Re-Te:0711:0612,Bd07_Re-Te,primary
terminismus,Terminismus,Bd07_Re-Te:0711:0613,Bd07_Re-Te,primary
terminologie,Terminologie,Bd07_Re-Te:0712:0614,Bd07_Re-Te,primary
terminus,Terminus,Bd07_Re-Te:0712:0615,Bd07_Re-Te,primary
termkalkul,Termkalkül,Bd07_Re-Te:0714:0616,Bd07_Re-Te,primary
termlogik,Termlogik,Bd07_Re-Te:0714:0617,Bd07_Re-Te,primary
terror,Terror,Bd07_Re-Te:0715:0618,Bd07_Re-Te,primary
tertium comparationis,tertium comparationis,Bd07_Re-Te:0717:0619,Bd07_Re-Te,primary
tertium non datur,tertium non datur,Bd07_Re-Te:0718:0620,Bd07_Re-Te,primary
test,Test,Bd07_Re-Te:0718:0621,Bd07_Re-Te,primary
testtheorie,Testtheorie,Bd07_Re-Te:0719:0622,Bd07_Re-Te,primary
tetens,Tetens,Bd07_Re-Te:0719:0623,Bd07_Re-Te,primary
tetraktys,Tetraktys,Bd07_Re-Te:0720:0624,Bd07_Re-Te,primary
thales,Thales,Bd08_Th-Z:0023:0002,Bd08_Th-Z,primary
theaitetos,Theaitetos,Bd08_Th-Z:0024:0003,Bd08_Th-Z,primary
theismus,Theismus,Bd08_Th-Z:0025:0004,Bd08_Th-Z,primary
themistios,Themistios,Bd08_Th-Z:0026:0005,Bd08_Th-Z,primary
theodizee,Theodizee,Bd08_Th-Z:0027:0006,Bd08_Th-Z,primary
theodoros,Theodoros,Bd08_Th-Z:0028:0007,Bd08_Th-Z,primary
theodosios,Theodosios,Bd08_Th-Z:0028:0008,Bd08_Th-Z,primary
theologia naturalis,theologia naturalis,Bd08_Th-Z:0029:0009,Bd08_Th-Z,primary
theologia rationalis,theologia rationalis,Bd08_Th-Z:0030:0010,Bd08_Th-Z,primary
theologie,Theologie,Bd08_Th-Z:0030:0011,Bd08_Th-Z,primary
theon,Theon,Bd08_Th-Z:0037:0013,Bd08_Th-Z,primary
theon,Theon,Bd08_Th-Z:0037:0014,Bd08_Th-Z,primary
theonomie,Theonomie,Bd08_Th-Z:0037:0012,Bd08_Th-Z,primary
theophrastos,Theophrastos,Bd08_Th-Z:0038:0015,Bd08_Th-Z,primary
theorem,Theorem,Bd08_Th-Z:0039:0016,Bd08_Th-Z,primary
theoretisch,theoretisch,Bd08_Th-Z:0039:0017,Bd08_Th-Z,primary
theoretische begriffe,theoretische Begriffe,Bd01_A-B:0412:0516,Bd01_A-B,comma_inverted
theoretische philosophie,theoretische Philosophie,Bd06_O-Ra:0304:0217,Bd06_O-Ra,comma_inverted
theoretische philosophie,Theoretische Philosophie,Bd08_Th-Z:0040:0018,Bd08_Th-Z,primary
theoretische philosophie,Theoretische Philosophie,Bd06_O-Ra:0304:0217,Bd08_Th-Z,redirect_alias
theoretische vernunft,theoretische Vernunft,Bd08_Th-Z:0329:0300,Bd08_Th-Z,comma_inverted
theoria,Theoria,Bd08_Th-Z:0040:0019,Bd08_Th-Z,primary
theorie,Theorie,Bd08_Th-Z:0041:0020,Bd08_Th-Z,primary
theorie und praxis,Theorie und Praxis,Bd08_Th-Z:0069:0031,Bd08_Th-Z,primary
"theorie, axiomatische","Theorie, axiomatische",Bd08_Th-Z:0050:0021,Bd08_Th-Z,primary
"theorie, axiomatische","Theorie, axiomatische",Bd07_Re-Te:0652:0560,Bd08_Th-Z,redirect_alias
"theorie, kritische","Theorie, kritische",Bd08_Th-Z:0050:0022,Bd08_Th-Z,primary
"theorieauffassung, semantische","Theorieauffassung, semantische",Bd08_Th-Z:0052:0023,Bd08_Th-Z,primary
theoriebeladenheit,Theoriebeladenheit,Bd08_Th-Z:0053:0024,Bd08_Th-Z,primary
theoriendynamik,Theoriendynamik,Bd08_Th-Z:0055:0025,Bd08_Th-Z,primary
theorienhierarchie,Theorienhierarchie,Bd08_Th-Z:0059:0026,Bd08_Th-Z,primary
theorienmonismus,Theorienmonismus,Bd08_Th-Z:0062:0027,Bd08_Th-Z,primary
theorienmonismus,Theorienmonismus,Bd08_Th-Z:0062:0028,Bd08_Th-Z,redirect_alias
theorienpluralismus,Theorienpluralismus,Bd08_Th-Z:0062:0028,Bd08_Th-Z,primary
theorienrevision,Theorienrevision,Bd08_Th-Z:0064:0029,Bd08_Th-Z,primary
theorienrevision,Theorienrevision,Bd08_Th-Z:0595:0545,Bd08_Th-Z,redirect_alias
theorientheorie des mentalen,Theorientheorie des Mentalen,Bd07_Re-Te:0403:0328,Bd07_Re-Te,slash_half
theoriesprache,Theoriesprache,Bd08_Th-Z:0064:0030,Bd08_Th-Z,primary
theosophie,Theosophie,Bd08_Th-Z:0070:0032,Bd08_Th-Z,primary
thermodynamik,Thermodynamik,Bd08_Th-Z:0072:0033,Bd08_Th-Z,primary
these,These,Bd08_Th-Z:0076:0034,Bd08_Th-Z,primary
thetik,Thetik,Bd08_Th-Z:0076:0035,Bd08_Th-Z,primary
thierry von chartres,Thierry von Chartres,Bd08_Th-Z:0077:0036,Bd08_Th-Z,primary
thomas morus,Thomas Morus,Bd08_Th-Z:0080:0039,Bd08_Th-Z,primary
thomas von aquin,Thomas von Aquin,Bd08_Th-Z:0080:0040,Bd08_Th-Z,primary
thomas von erfurt,Thomas von Erfurt,Bd08_Th-Z:0091:0041,Bd08_Th-Z,primary
thomasius,Thomasius,Bd08_Th-Z:0078:0037,Bd08_Th-Z,primary
thomasius,Thomasius,Bd08_Th-Z:0080:0038,Bd08_Th-Z,primary
thomismus,Thomismus,Bd08_Th-Z:0092:0042,Bd08_Th-Z,primary
thummig,Thümmig,Bd08_Th-Z:0094:0043,Bd08_Th-Z,primary
thābit ibn qurra,Thābit Ibn Qurra,Bd08_Th-Z:0022:0001,Bd08_Th-Z,primary
tiefengrammatik,Tiefengrammatik,Bd08_Th-Z:0094:0044,Bd08_Th-Z,primary
tiefenpsychologie,Tiefenpsychologie,Bd08_Th-Z:0094:0045,Bd08_Th-Z,primary
tiefenstruktur,Tiefenstruktur,Bd08_Th-Z:0095:0046,Bd08_Th-Z,primary
tierethik,Tierethik,Bd08_Th-Z:0095:0047,Bd08_Th-Z,primary
tillich,Tillich,Bd08_Th-Z:0099:0048,Bd08_Th-Z,primary
timpler,Timpler,Bd08_Th-Z:0102:0049,Bd08_Th-Z,primary
tindal,Tindal,Bd08_Th-Z:0102:0050,Bd08_Th-Z,primary
tocqueville,Tocqueville,Bd08_Th-Z:0103:0051,Bd08_Th-Z,primary
tod,Tod,Bd08_Th-Z:0105:0052,Bd08_Th-Z,primary
tod gottes,Tod Gottes,Bd08_Th-Z:0108:0053,Bd08_Th-Z,primary
token,token,Bd08_Th-Z:0109:0054,Bd08_Th-Z,primary
token,token,Bd08_Th-Z:0158:0108,Bd08_Th-Z,redirect_alias
toland,Toland,Bd08_Th-Z:0109:0055,Bd08_Th-Z,primary
toleranz,Toleranz,Bd08_Th-Z:0111:0056,Bd08_Th-Z,primary
toleranzprinzip,Toleranzprinzip,Bd08_Th-Z:0113:0057,Bd08_Th-Z,primary
tonnies,Tönnies,Bd08_Th-Z:0113:0058,Bd08_Th-Z,primary
topik,Topik,Bd08_Th-Z:0115:0059,Bd08_Th-Z,primary
topologie,Topologie,Bd08_Th-Z:0117:0060,Bd08_Th-Z,primary
topologische logik,topologische Logik,Bd05_Log-N:0107:0061,Bd05_Log-N,comma_inverted
topos,Topos,Bd08_Th-Z:0118:0061,Bd08_Th-Z,primary
torricelli,Torricelli,Bd08_Th-Z:0118:0062,Bd08_Th-Z,primary
total,total,Bd08_Th-Z:0120:0063,Bd08_Th-Z,primary
totalitat,Totalität,Bd08_Th-Z:0120:0064,Bd08_Th-Z,primary
totalordnung,Totalordnung,Bd08_Th-Z:0120:0065,Bd08_Th-Z,primary
totalordnung,Totalordnung,Bd06_O-Ra:0067:0048,Bd08_Th-Z,redirect_alias
toulmin,Toulmin,Bd08_Th-Z:0120:0066,Bd08_Th-Z,primary
toynbee,Toynbee,Bd08_Th-Z:0122:0067,Bd08_Th-Z,primary
traditionalismus,Traditionalismus,Bd08_Th-Z:0123:0068,Bd08_Th-Z,primary
traditionelle logik,traditionelle Logik,Bd05_Log-N:0109:0062,Bd05_Log-N,comma_inverted
tragheit,Trägheit,Bd08_Th-Z:0124:0069,Bd08_Th-Z,primary
transdisziplinaritat,Transdisziplinarität,Bd08_Th-Z:0125:0070,Bd08_Th-Z,primary
transfinit,transfinit,Bd08_Th-Z:0126:0071,Bd08_Th-Z,primary
transfinite arithmetik,transfinite Arithmetik,Bd01_A-B:0259:0350,Bd01_A-B,comma_inverted
transfinite induktion,transfinite Induktion,Bd03_G-Inn:0614:0460,Bd03_G-Inn,comma_inverted
transfinite mengenlehre,transfinite Mengenlehre,Bd05_Log-N:0353:0249,Bd05_Log-N,comma_inverted
transformation,Transformation,Bd08_Th-Z:0126:0072,Bd08_Th-Z,primary
transformationsgrammatik,Transformationsgrammatik,Bd08_Th-Z:0126:0073,Bd08_Th-Z,primary
transhumanismus,Transhumanismus,Bd08_Th-Z:0127:0074,Bd08_Th-Z,primary
transitiv,transitiv,Bd08_Th-Z:0129:0075,Bd08_Th-Z,slash_half
transitiv/transitivitat,transitiv/Transitivität,Bd08_Th-Z:0129:0075,Bd08_Th-Z,primary
transitivitat,Transitivität,Bd08_Th-Z:0129:0075,Bd08_Th-Z,slash_half
transmutation,Transmutation,Bd08_Th-Z:0129:0076,Bd08_Th-Z,primary
transportationsregeln,Transportationsregeln,Bd08_Th-Z:0130:0077,Bd08_Th-Z,primary
transpositionsregeln,Transpositionsregeln,Bd08_Th-Z:0130:0078,Bd08_Th-Z,primary
transsubjektiv,transsubjektiv,Bd08_Th-Z:0130:0079,Bd08_Th-Z,slash_half
transsubjektiv/transsubjektivitat,transsubjektiv/Transsubjektivität,Bd08_Th-Z:0130:0079,Bd08_Th-Z,primary
transsubjektivitat,Transsubjektivität,Bd08_Th-Z:0130:0079,Bd08_Th-Z,slash_half
transzendent,transzendent,Bd08_Th-Z:0131:0080,Bd08_Th-Z,slash_half
transzendent/transzendenz,transzendent/Transzendenz,Bd08_Th-Z:0131:0080,Bd08_Th-Z,primary
transzendental,transzendental,Bd08_Th-Z:0131:0081,Bd08_Th-Z,primary
transzendentale analytik,transzendentale Analytik,Bd01_A-B:0147:0200,Bd01_A-B,comma_inverted
transzendentale asthetik,transzendentale Ästhetik,Bd01_A-B:0277:0378,Bd01_A-B,comma_inverted
transzendentale deduktion,transzendentale Deduktion,Bd02_C-F:0147:0166,Bd02_C-F,comma_inverted
transzendentale dialektik,transzendentale Dialektik,Bd02_C-F:0206:0225,Bd02_C-F,comma_inverted
transzendentale logik,transzendentale Logik,Bd05_Log-N:0110:0063,Bd05_Log-N,comma_inverted
transzendentale methode,transzendentale Methode,Bd05_Log-N:0410:0299,Bd05_Log-N,comma_inverted
transzendentale reduktion,transzendentale Reduktion,Bd07_Re-Te:0051:0027,Bd07_Re-Te,comma_inverted
transzendentaler idealismus,transzendentaler Idealismus,Bd03_G-Inn:0529:0379,Bd03_G-Inn,comma_inverted
transzendentales ego,transzendentales Ego,Bd02_C-F:0297:0333,Bd02_C-F,comma_inverted
transzendentales objekt,transzendentales Objekt,Bd06_O-Ra:0025:0005,Bd06_O-Ra,comma_inverted
transzendentales schema,transzendentales Schema,Bd07_Re-Te:0266:0215,Bd07_Re-Te,comma_inverted
transzendentales subjekt,transzendentales Subjekt,Bd07_Re-Te:0589:0478,Bd07_Re-Te,comma_inverted
transzendentalien,Transzendentalien,Bd08_Th-Z:0132:0082,Bd08_Th-Z,primary
transzendentalphilosophie,Transzendentalphilosophie,Bd08_Th-Z:0132:0083,Bd08_Th-Z,primary
transzendentalpragmatik,Transzendentalpragmatik,Bd08_Th-Z:0134:0084,Bd08_Th-Z,primary
transzendenz,Transzendenz,Bd08_Th-Z:0131:0080,Bd08_Th-Z,slash_half
trendelenburg,Trendelenburg,Bd08_Th-Z:0135:0085,Bd08_Th-Z,primary
trentowski,Trentowski,Bd08_Th-Z:0136:0086,Bd08_Th-Z,primary
triade,Triade,Bd08_Th-Z:0137:0087,Bd08_Th-Z,primary
trial and error,trial and error,Bd08_Th-Z:0137:0088,Bd08_Th-Z,primary
trichotomie,Trichotomie,Bd08_Th-Z:0137:0089,Bd08_Th-Z,primary
trieb,Trieb,Bd08_Th-Z:0138:0090,Bd08_Th-Z,primary
trilemma,Trilemma,Bd08_Th-Z:0138:0091,Bd08_Th-Z,primary
tritos anthropos,Tritos anthropos,Bd08_Th-Z:0139:0092,Bd08_Th-Z,primary
tritos anthropos,Tritos anthropos,Bd02_C-F:0263:0301,Bd08_Th-Z,redirect_alias
trivium,Trivium,Bd08_Th-Z:0139:0093,Bd08_Th-Z,primary
trivium,Trivium,Bd01_A-B:0263:0356,Bd08_Th-Z,redirect_alias
troeltsch,Troeltsch,Bd08_Th-Z:0139:0094,Bd08_Th-Z,primary
trope,Trope,Bd08_Th-Z:0140:0095,Bd08_Th-Z,primary
"tropen, skeptische","Tropen, skeptische",Bd08_Th-Z:0141:0096,Bd08_Th-Z,primary
trugschluss,Trugschluß,Bd08_Th-Z:0141:0097,Bd08_Th-Z,primary
tschirnhaus,Tschirnhaus,Bd08_Th-Z:0142:0098,Bd08_Th-Z,primary
tugend,Tugend,Bd08_Th-Z:0143:0099,Bd08_Th-Z,primary
tung chung-shu,Tung Chung-Shu,Bd08_Th-Z:0149:0100,Bd08_Th-Z,primary
turgot,Turgot,Bd08_Th-Z:0149:0101,Bd08_Th-Z,primary
turing,Turing,Bd08_Th-Z:0150:0102,Bd08_Th-Z,primary
turing-maschine,Turing-Maschine,Bd08_Th-Z:0151:0103,Bd08_Th-Z,primary
turing-test,Turing-Test,Bd08_Th-Z:0152:0104,Bd08_Th-Z,primary
twardowski,Twardowski,Bd08_Th-Z:0155:0106,Bd08_Th-Z,primary
tychē,Tychē,Bd08_Th-Z:0158:0107,Bd08_Th-Z,primary
type and token,type and token,Bd08_Th-Z:0158:0108,Bd08_Th-Z,primary
"typentheorie, konstruktive","Typentheorie, konstruktive",Bd08_Th-Z:0160:0109,Bd08_Th-Z,primary
typentheorien,Typentheorien,Bd08_Th-Z:0161:0110,Bd08_Th-Z,primary
typus,Typus,Bd08_Th-Z:0163:0111,Bd08_Th-Z,primary
t’an ssu-t’ung,T’an Ssu-t’ung,Bd07_Re-Te:0667:0572,Bd07_Re-Te,primary
"ubel, das","Übel, das",Bd08_Th-Z:0166:0112,Bd08_Th-Z,primary
uberabzahlbar,überabzählbar,Bd08_Th-Z:0167:0113,Bd08_Th-Z,slash_half
uberabzahlbar/uberabzahlbarkeit,überabzählbar/Überabzählbarkeit,Bd08_Th-Z:0167:0113,Bd08_Th-Z,primary
uberabzahlbarkeit,Überabzählbarkeit,Bd08_Th-Z:0167:0113,Bd08_Th-Z,slash_half
uberbau,Überbau,Bd08_Th-Z:0167:0114,Bd08_Th-Z,primary
uberfuhrungstheorem,Überführungstheorem,Bd08_Th-Z:0167:0115,Bd08_Th-Z,primary
ubergangswahrscheinlichkeit,Übergangswahrscheinlichkeit,Bd08_Th-Z:0168:0116,Bd08_Th-Z,primary
uberlegungsgleichgewicht,Überlegungsgleichgewicht,Bd08_Th-Z:0169:0117,Bd08_Th-Z,primary
ubermensch,Übermensch,Bd08_Th-Z:0170:0118,Bd08_Th-Z,primary
ubernaturlich,übernatürlich,Bd08_Th-Z:0171:0119,Bd08_Th-Z,primary
uberprufbarkeit,Überprüfbarkeit,Bd08_Th-Z:0171:0120,Bd08_Th-Z,primary
ubersetzung,Übersetzung,Bd08_Th-Z:0172:0121,Bd08_Th-Z,primary
ubersinnlich,übersinnlich,Bd08_Th-Z:0175:0122,Bd08_Th-Z,primary
udayana,Udayana,Bd08_Th-Z:0176:0123,Bd08_Th-Z,primary
ueberweg,Ueberweg,Bd08_Th-Z:0176:0124,Bd08_Th-Z,primary
uhr,Uhr,Bd08_Th-Z:0177:0125,Bd08_Th-Z,primary
uhrengleichnis,Uhrengleichnis,Bd08_Th-Z:0178:0126,Bd08_Th-Z,primary
uhrenparadoxon,Uhrenparadoxon,Bd08_Th-Z:0178:0127,Bd08_Th-Z,primary
ulrich,Ulrich,Bd08_Th-Z:0180:0128,Bd08_Th-Z,primary
ultra posse nemo obligatur,ultra posse nemo obligatur,Bd08_Th-Z:0181:0129,Bd08_Th-Z,primary
umbenennung,Umbenennung,Bd08_Th-Z:0181:0130,Bd08_Th-Z,primary
umfang,Umfang,Bd08_Th-Z:0181:0131,Bd08_Th-Z,primary
umfangslogik,Umfangslogik,Bd08_Th-Z:0182:0132,Bd08_Th-Z,primary
umfangslogik,Umfangslogik,Bd05_Log-N:0050:0021,Bd08_Th-Z,redirect_alias
umformung,Umformung,Bd08_Th-Z:0182:0133,Bd08_Th-Z,primary
umgangssprache,Umgangssprache,Bd08_Th-Z:0183:0134,Bd08_Th-Z,primary
umgangssprache,Umgangssprache,Bd01_A-B:0128:0163,Bd08_Th-Z,redirect_alias
umgebung,Umgebung,Bd08_Th-Z:0183:0135,Bd08_Th-Z,primary
umgreifende,Umgreifende,Bd08_Th-Z:0183:0136,Bd08_Th-Z,primary
umkehrfunktion,Umkehrfunktion,Bd08_Th-Z:0183:0137,Bd08_Th-Z,primary
umkehrproblem,Umkehrproblem,Bd08_Th-Z:0184:0138,Bd08_Th-Z,primary
umkehrung,Umkehrung,Bd08_Th-Z:0184:0139,Bd08_Th-Z,primary
umkehrung,Umkehrung,Bd04_Ins-Loc:0088:0043,Bd08_Th-Z,redirect_alias
umwelt,Umwelt,Bd08_Th-Z:0184:0140,Bd08_Th-Z,primary
umweltethik,Umweltethik,Bd08_Th-Z:0184:0141,Bd08_Th-Z,primary
umwertung aller werte,Umwertung aller Werte,Bd08_Th-Z:0185:0142,Bd08_Th-Z,primary
unabhangig,unabhängig,Bd08_Th-Z:0186:0143,Bd08_Th-Z,slash_half
unabhangig,unabhängig,Bd08_Th-Z:0186:0144,Bd08_Th-Z,slash_half
unabhangig/unabhangigkeit logisch,unabhängig/Unabhängigkeit (logisch),Bd08_Th-Z:0186:0143,Bd08_Th-Z,primary
unabhangig/unabhangigkeit von ereignissen,unabhängig/Unabhängigkeit (von Ereignissen),Bd08_Th-Z:0186:0144,Bd08_Th-Z,primary
unabhangigkeit,Unabhängigkeit,Bd08_Th-Z:0186:0143,Bd08_Th-Z,slash_half
unabhangigkeit,Unabhängigkeit,Bd08_Th-Z:0186:0144,Bd08_Th-Z,slash_half
unableitbar,unableitbar,Bd08_Th-Z:0187:0145,Bd08_Th-Z,slash_half
unableitbar/unableitbarkeit,unableitbar/Unableitbarkeit,Bd08_Th-Z:0187:0145,Bd08_Th-Z,primary
unableitbarkeit,Unableitbarkeit,Bd08_Th-Z:0187:0145,Bd08_Th-Z,slash_half
unableitbarkeitssatz,Unableitbarkeitssatz,Bd08_Th-Z:0187:0146,Bd08_Th-Z,primary
unbedingtheit,Unbedingtheit,Bd08_Th-Z:0187:0147,Bd08_Th-Z,primary
unbestimmtheit,Unbestimmtheit,Bd08_Th-Z:0188:0148,Bd08_Th-Z,primary
unbestimmtheitsrelation,Unbestimmtheitsrelation,Bd08_Th-Z:0188:0149,Bd08_Th-Z,primary
unbestimmtheitsrelation,Unbestimmtheitsrelation,Bd08_Th-Z:0228:0184,Bd08_Th-Z,redirect_alias
unbewegter beweger,unbewegter Beweger,Bd01_A-B:0463:0579,Bd01_A-B,comma_inverted
unbeweisbar,unbeweisbar,Bd08_Th-Z:0188:0150,Bd08_Th-Z,slash_half
unbeweisbar/unbeweisbarkeit,unbeweisbar/Unbeweisbarkeit,Bd08_Th-Z:0188:0150,Bd08_Th-Z,primary
unbeweisbarkeit,Unbeweisbarkeit,Bd08_Th-Z:0188:0150,Bd08_Th-Z,slash_half
"unbewusste, das","Unbewußte, das",Bd08_Th-Z:0188:0151,Bd08_Th-Z,primary
und,und,Bd08_Th-Z:0190:0152,Bd08_Th-Z,primary
undefinierbar,undefinierbar,Bd08_Th-Z:0191:0153,Bd08_Th-Z,slash_half
undefinierbar/undefinierbarkeit,undefinierbar/Undefinierbarkeit,Bd08_Th-Z:0191:0153,Bd08_Th-Z,primary
undefinierbarkeit,Undefinierbarkeit,Bd08_Th-Z:0191:0153,Bd08_Th-Z,slash_half
undurchdringbarkeit,Undurchdringbarkeit,Bd08_Th-Z:0191:0154,Bd08_Th-Z,primary
unendlich,unendlich,Bd08_Th-Z:0192:0155,Bd08_Th-Z,slash_half
unendlich/unendlichkeit,unendlich/Unendlichkeit,Bd08_Th-Z:0192:0155,Bd08_Th-Z,primary
unendliche induktion,unendliche Induktion,Bd03_G-Inn:0614:0461,Bd03_G-Inn,comma_inverted
"unendliche, das","Unendliche, das",Bd08_Th-Z:0195:0156,Bd08_Th-Z,primary
unendlicher begriff,unendlicher Begriff,Bd01_A-B:0411:0513,Bd01_A-B,comma_inverted
unendliches urteil,unendliches Urteil,Bd08_Th-Z:0257:0231,Bd08_Th-Z,comma_inverted
unendlichkeit,Unendlichkeit,Bd08_Th-Z:0192:0155,Bd08_Th-Z,slash_half
"unendlichkeit, schlechte","Unendlichkeit, schlechte",Bd08_Th-Z:0198:0157,Bd08_Th-Z,primary
unendlichkeitsaxiom,Unendlichkeitsaxiom,Bd08_Th-Z:0198:0158,Bd08_Th-Z,primary
unendlichkeitsdefinition,Unendlichkeitsdefinition,Bd08_Th-Z:0199:0159,Bd08_Th-Z,primary
unentscheidbar,unentscheidbar,Bd08_Th-Z:0200:0160,Bd08_Th-Z,slash_half
unentscheidbar/unentscheidbarkeit,unentscheidbar/Unentscheidbarkeit,Bd08_Th-Z:0200:0160,Bd08_Th-Z,primary
unentscheidbarkeit,Unentscheidbarkeit,Bd08_Th-Z:0200:0160,Bd08_Th-Z,slash_half
unentscheidbarkeitssatz,Unentscheidbarkeitssatz,Bd08_Th-Z:0200:0161,Bd08_Th-Z,primary
unerfullbar,unerfüllbar,Bd08_Th-Z:0203:0162,Bd08_Th-Z,slash_half
unerfullbar/unerfullbarkeit,unerfüllbar/Unerfüllbarkeit,Bd08_Th-Z:0203:0162,Bd08_Th-Z,primary
unerfullbarkeit,Unerfüllbarkeit,Bd08_Th-Z:0203:0162,Bd08_Th-Z,slash_half
ungleich,ungleich,Bd08_Th-Z:0203:0163,Bd08_Th-Z,slash_half
ungleich/ungleichheit,ungleich/Ungleichheit,Bd08_Th-Z:0203:0163,Bd08_Th-Z,primary
ungleichheit,Ungleichheit,Bd08_Th-Z:0203:0163,Bd08_Th-Z,slash_half
ungleichung,Ungleichung,Bd08_Th-Z:0203:0164,Bd08_Th-Z,primary
ungluckliches bewusstsein,unglückliches Bewußtsein,Bd01_A-B:0478:0596,Bd01_A-B,comma_inverted
unhintergehbarkeit,Unhintergehbarkeit,Bd08_Th-Z:0203:0165,Bd08_Th-Z,primary
universal,universal,Bd08_Th-Z:0206:0166,Bd08_Th-Z,primary
universalaussage,Universalaussage,Bd08_Th-Z:0206:0167,Bd08_Th-Z,primary
universalaussage,Universalaussage,Bd01_A-B:0122:0147,Bd08_Th-Z,redirect_alias
universalgeschichte,Universalgeschichte,Bd08_Th-Z:0207:0168,Bd08_Th-Z,primary
universalia,Universalia,Bd08_Th-Z:0211:0169,Bd08_Th-Z,primary
universalien,Universalien,Bd08_Th-Z:0211:0170,Bd08_Th-Z,primary
universalienstreit,Universalienstreit,Bd08_Th-Z:0215:0171,Bd08_Th-Z,primary
"universalienstreit, moderner","Universalienstreit, moderner",Bd08_Th-Z:0217:0172,Bd08_Th-Z,primary
universalisator,Universalisator,Bd08_Th-Z:0218:0173,Bd08_Th-Z,primary
universalisator,Universalisator,Bd01_A-B:0127:0162,Bd08_Th-Z,redirect_alias
universalisierung,Universalisierung,Bd08_Th-Z:0218:0174,Bd08_Th-Z,primary
universalitat ethisch,Universalität (ethisch),Bd08_Th-Z:0218:0175,Bd08_Th-Z,primary
universalpragmatik,Universalpragmatik,Bd08_Th-Z:0220:0176,Bd08_Th-Z,primary
universalsprache,Universalsprache,Bd08_Th-Z:0221:0177,Bd08_Th-Z,primary
universe of discourse,universe of discourse,Bd08_Th-Z:0223:0179,Bd08_Th-Z,primary
universell,universell,Bd08_Th-Z:0222:0178,Bd08_Th-Z,primary
universelles urteil,universelles Urteil,Bd08_Th-Z:0258:0232,Bd08_Th-Z,comma_inverted
universum,Universum,Bd08_Th-Z:0223:0180,Bd08_Th-Z,primary
univok,univok,Bd08_Th-Z:0225:0181,Bd08_Th-Z,primary
unmittelbarkeit,Unmittelbarkeit,Bd08_Th-Z:0226:0182,Bd08_Th-Z,primary
unmoglichkeitssatz,Unmöglichkeitssatz,Bd08_Th-Z:0227:0183,Bd08_Th-Z,primary
unscharferelation,Unschärferelation,Bd08_Th-Z:0228:0184,Bd08_Th-Z,primary
unsinn,Unsinn,Bd08_Th-Z:0230:0185,Bd08_Th-Z,primary
unsterblichkeit,Unsterblichkeit,Bd08_Th-Z:0230:0186,Bd08_Th-Z,primary
unstetigkeit,Unstetigkeit,Bd08_Th-Z:0232:0187,Bd08_Th-Z,primary
unstetigkeit,Unstetigkeit,Bd07_Re-Te:0543:0444,Bd08_Th-Z,redirect_alias
unterbegriff,Unterbegriff,Bd08_Th-Z:0232:0188,Bd08_Th-Z,primary
unterbestimmtheit,Unterbestimmtheit,Bd08_Th-Z:0232:0189,Bd08_Th-Z,primary
unterlassung,Unterlassung,Bd08_Th-Z:0233:0190,Bd08_Th-Z,primary
untermenge,Untermenge,Bd08_Th-Z:0234:0191,Bd08_Th-Z,primary
untermenge,Untermenge,Bd07_Re-Te:0697:0604,Bd08_Th-Z,redirect_alias
untersatz,Untersatz,Bd08_Th-Z:0234:0192,Bd08_Th-Z,primary
unterscheidung,Unterscheidung,Bd08_Th-Z:0234:0193,Bd08_Th-Z,primary
unterscheidungsapriori,Unterscheidungsapriori,Bd08_Th-Z:0236:0194,Bd08_Th-Z,primary
unterscheidungsapriori,Unterscheidungsapriori,Bd08_Th-Z:0234:0193,Bd08_Th-Z,redirect_alias
unum,unum,Bd08_Th-Z:0236:0195,Bd08_Th-Z,primary
ununterscheidbarkeitssatz,Ununterscheidbarkeitssatz,Bd08_Th-Z:0236:0196,Bd08_Th-Z,primary
ununterscheidbarkeitssatz,Ununterscheidbarkeitssatz,Bd03_G-Inn:0548:0395,Bd08_Th-Z,redirect_alias
unverborgenheit,Unverborgenheit,Bd08_Th-Z:0236:0197,Bd08_Th-Z,primary
unvereinbar,unvereinbar,Bd08_Th-Z:0236:0198,Bd08_Th-Z,primary
unvertraglich,unverträglich,Bd08_Th-Z:0236:0199,Bd08_Th-Z,primary
unvollstandig,unvollständig,Bd08_Th-Z:0236:0200,Bd08_Th-Z,slash_half
unvollstandig/unvollstandigkeit,unvollständig/Unvollständigkeit,Bd08_Th-Z:0236:0200,Bd08_Th-Z,primary
unvollstandigkeit,Unvollständigkeit,Bd08_Th-Z:0236:0200,Bd08_Th-Z,slash_half
unvollstandigkeitssatz,Unvollständigkeitssatz,Bd08_Th-Z:0237:0201,Bd08_Th-Z,primary
unwiderlegbar,unwiderlegbar,Bd08_Th-Z:0240:0202,Bd08_Th-Z,slash_half
unwiderlegbar/unwiderlegbarkeit,unwiderlegbar/Unwiderlegbarkeit,Bd08_Th-Z:0240:0202,Bd08_Th-Z,primary
unwiderlegbarkeit,Unwiderlegbarkeit,Bd08_Th-Z:0240:0202,Bd08_Th-Z,slash_half
unzufriedenheitssatz,Unzufriedenheitssatz,Bd08_Th-Z:0241:0203,Bd08_Th-Z,primary
unzulassig,unzulässig,Bd08_Th-Z:0242:0204,Bd08_Th-Z,slash_half
unzulassig/unzulassigkeit,unzulässig/Unzulässigkeit,Bd08_Th-Z:0242:0204,Bd08_Th-Z,primary
unzulassig/unzulassigkeit,unzulässig/Unzulässigkeit,Bd08_Th-Z:0704:0628,Bd08_Th-Z,redirect_alias
unzulassigkeit,Unzulässigkeit,Bd08_Th-Z:0242:0204,Bd08_Th-Z,slash_half
upamāna,upamāna,Bd08_Th-Z:0242:0206,Bd08_Th-Z,primary
upaniṡad,upaniṡad,Bd08_Th-Z:0242:0207,Bd08_Th-Z,primary
upādāna,upādāna,Bd08_Th-Z:0242:0205,Bd08_Th-Z,primary
upāya,upāya,Bd08_Th-Z:0245:0208,Bd08_Th-Z,primary
urelement,Urelement,Bd08_Th-Z:0245:0209,Bd08_Th-Z,primary
urgrund,Urgrund,Bd08_Th-Z:0245:0210,Bd08_Th-Z,primary
urkommunismus,Urkommunismus,Bd08_Th-Z:0245:0211,Bd08_Th-Z,primary
ursache,Ursache,Bd08_Th-Z:0246:0212,Bd08_Th-Z,primary
urteil,Urteil,Bd08_Th-Z:0249:0213,Bd08_Th-Z,primary
"urteil a priori, synthetisches","Urteil a priori, synthetisches",Bd08_Th-Z:0258:0233,Bd08_Th-Z,primary
"urteil a priori, synthetisches","Urteil a priori, synthetisches",Bd07_Re-Te:0649:0557,Bd08_Th-Z,redirect_alias
"urteil, analytisches","Urteil, analytisches",Bd08_Th-Z:0252:0214,Bd08_Th-Z,primary
"urteil, apodiktisches","Urteil, apodiktisches",Bd08_Th-Z:0252:0215,Bd08_Th-Z,primary
"urteil, apophantisches","Urteil, apophantisches",Bd08_Th-Z:0253:0216,Bd08_Th-Z,primary
"urteil, assertorisches","Urteil, assertorisches",Bd08_Th-Z:0253:0217,Bd08_Th-Z,primary
"urteil, asthetisches","Urteil, ästhetisches",Bd08_Th-Z:0253:0218,Bd08_Th-Z,primary
"urteil, disjunktives","Urteil, disjunktives",Bd08_Th-Z:0255:0219,Bd08_Th-Z,primary
"urteil, hypothetisches","Urteil, hypothetisches",Bd08_Th-Z:0255:0220,Bd08_Th-Z,primary
"urteil, identisches","Urteil, identisches",Bd08_Th-Z:0255:0221,Bd08_Th-Z,primary
"urteil, konjunktives","Urteil, konjunktives",Bd08_Th-Z:0256:0223,Bd08_Th-Z,primary
"urteil, limitatives","Urteil, limitatives",Bd08_Th-Z:0256:0224,Bd08_Th-Z,primary
"urteil, limitatives","Urteil, limitatives",Bd08_Th-Z:0257:0231,Bd08_Th-Z,redirect_alias
"urteil, negatives","Urteil, negatives",Bd08_Th-Z:0256:0225,Bd08_Th-Z,primary
"urteil, partikulares","Urteil, partikulares",Bd08_Th-Z:0257:0226,Bd08_Th-Z,primary
"urteil, problematisches","Urteil, problematisches",Bd08_Th-Z:0257:0227,Bd08_Th-Z,primary
"urteil, remotives","Urteil, remotives",Bd08_Th-Z:0257:0228,Bd08_Th-Z,primary
"urteil, singulares","Urteil, singulares",Bd08_Th-Z:0257:0229,Bd08_Th-Z,primary
"urteil, synthetisches","Urteil, synthetisches",Bd08_Th-Z:0257:0230,Bd08_Th-Z,primary
"urteil, unendliches","Urteil, unendliches",Bd08_Th-Z:0257:0231,Bd08_Th-Z,primary
"urteil, universelles","Urteil, universelles",Bd08_Th-Z:0258:0232,Bd08_Th-Z,primary
urteilskraft,Urteilskraft,Bd08_Th-Z:0258:0234,Bd08_Th-Z,primary
urteilstheorie,Urteilstheorie,Bd08_Th-Z:0260:0235,Bd08_Th-Z,primary
urzeugung,Urzeugung,Bd08_Th-Z:0262:0236,Bd08_Th-Z,primary
use and mention,use and mention,Bd08_Th-Z:0263:0237,Bd08_Th-Z,primary
usia,Usia,Bd08_Th-Z:0264:0238,Bd08_Th-Z,primary
utilitarismus,Utilitarismus,Bd08_Th-Z:0264:0239,Bd08_Th-Z,primary
utilitaristische ethik,utilitaristische Ethik,Bd02_C-F:0442:0485,Bd02_C-F,comma_inverted
utopie,Utopie,Bd08_Th-Z:0268:0240,Bd08_Th-Z,primary
utopischer sozialismus,utopischer Sozialismus,Bd07_Re-Te:0457:0386,Bd07_Re-Te,comma_inverted
utopismus,Utopismus,Bd08_Th-Z:0270:0241,Bd08_Th-Z,primary
vagheit,Vagheit,Bd08_Th-Z:0272:0243,Bd08_Th-Z,primary
vaihinger,Vaihinger,Bd08_Th-Z:0273:0244,Bd08_Th-Z,primary
vailati,Vailati,Bd08_Th-Z:0274:0245,Bd08_Th-Z,primary
vaiśeṡika,Vaiśeṡika,Bd08_Th-Z:0274:0246,Bd08_Th-Z,primary
vajrayāna,Vajrayāna,Bd08_Th-Z:0276:0247,Bd08_Th-Z,primary
vajrayāna,Vajrayāna,Bd07_Re-Te:0668:0574,Bd08_Th-Z,redirect_alias
vakuum,Vakuum,Bd08_Th-Z:0276:0248,Bd08_Th-Z,primary
vakuum,Vakuum,Bd03_G-Inn:0464:0335,Bd08_Th-Z,redirect_alias
validitat,Validität,Bd08_Th-Z:0276:0249,Bd08_Th-Z,primary
validitat,Validität,Bd07_Re-Te:0718:0621,Bd08_Th-Z,redirect_alias
valla,Valla,Bd08_Th-Z:0276:0250,Bd08_Th-Z,primary
variabilitatsbereich,Variabilitätsbereich,Bd08_Th-Z:0278:0251,Bd08_Th-Z,primary
variable,Variable,Bd08_Th-Z:0278:0252,Bd08_Th-Z,primary
"variable, schematische","Variable, schematische",Bd08_Th-Z:0281:0253,Bd08_Th-Z,primary
variablenkollision,Variablenkollision,Bd08_Th-Z:0281:0254,Bd08_Th-Z,primary
variablenkonfusion,Variablenkonfusion,Bd08_Th-Z:0281:0255,Bd08_Th-Z,primary
variation,Variation,Bd08_Th-Z:0282:0256,Bd08_Th-Z,primary
"variation, eidetische","Variation, eidetische",Bd08_Th-Z:0284:0257,Bd08_Th-Z,primary
variationsprinzipien,Variationsprinzipien,Bd08_Th-Z:0285:0258,Bd08_Th-Z,primary
variationsrechnung,Variationsrechnung,Bd08_Th-Z:0287:0259,Bd08_Th-Z,primary
varignon,Varignon,Bd08_Th-Z:0289:0260,Bd08_Th-Z,primary
vasubandhu,Vasubandhu,Bd08_Th-Z:0290:0261,Bd08_Th-Z,primary
veda,Veda,Bd08_Th-Z:0292:0262,Bd08_Th-Z,primary
vedanā,vedanā,Bd08_Th-Z:0294:0263,Bd08_Th-Z,primary
vedische sakralgeometrie,vedische Sakralgeometrie,Bd07_Re-Te:0219:0168,Bd07_Re-Te,comma_inverted
vedānta,Vedānta,Bd08_Th-Z:0294:0264,Bd08_Th-Z,primary
vektor,Vektor,Bd08_Th-Z:0299:0265,Bd08_Th-Z,primary
venn,Venn,Bd08_Th-Z:0301:0266,Bd08_Th-Z,primary
venn-diagramme,Venn-Diagramme,Bd08_Th-Z:0301:0267,Bd08_Th-Z,primary
vera causa,vera causa,Bd08_Th-Z:0302:0268,Bd08_Th-Z,primary
verallgemeinerung,Verallgemeinerung,Bd08_Th-Z:0303:0269,Bd08_Th-Z,primary
verallgemeinerung,Verallgemeinerung,Bd03_G-Inn:0612:0459,Bd08_Th-Z,redirect_alias
veranderung,Veränderung,Bd08_Th-Z:0303:0270,Bd08_Th-Z,primary
verantwortung,Verantwortung,Bd08_Th-Z:0304:0271,Bd08_Th-Z,primary
verantwortungsethik,Verantwortungsethik,Bd08_Th-Z:0306:0272,Bd08_Th-Z,primary
verband,Verband,Bd08_Th-Z:0307:0273,Bd08_Th-Z,primary
"verband, boolescher","Verband, Boolescher",Bd08_Th-Z:0308:0274,Bd08_Th-Z,primary
"verband, boolescher","Verband, Boolescher",Bd01_A-B:0529:0665,Bd08_Th-Z,redirect_alias
"verband, orthomodularer","Verband, orthomodularer",Bd08_Th-Z:0308:0275,Bd08_Th-Z,primary
verbandstheorie,Verbandstheorie,Bd08_Th-Z:0308:0276,Bd08_Th-Z,primary
verborgene parameter,verborgene Parameter,Bd06_O-Ra:0129:0103,Bd06_O-Ra,comma_inverted
verdinglichung,Verdinglichung,Bd08_Th-Z:0308:0277,Bd08_Th-Z,primary
verdrangung,Verdrängung,Bd08_Th-Z:0309:0278,Bd08_Th-Z,primary
verdunnung,Verdünnung,Bd08_Th-Z:0309:0279,Bd08_Th-Z,primary
vereinigung mengentheoretisch,Vereinigung (mengentheoretisch),Bd08_Th-Z:0310:0280,Bd08_Th-Z,primary
vergegenstandlichung,Vergegenständlichung,Bd08_Th-Z:0310:0281,Bd08_Th-Z,primary
vergesellschaftung,Vergesellschaftung,Bd08_Th-Z:0310:0282,Bd08_Th-Z,primary
vergleichbarkeit,Vergleichbarkeit,Bd08_Th-Z:0312:0283,Bd08_Th-Z,primary
vergleichbarkeit,Vergleichbarkeit,Bd08_Th-Z:0137:0089,Bd08_Th-Z,redirect_alias
verhalten sich verhalten,Verhalten (sich verhalten),Bd08_Th-Z:0312:0284,Bd08_Th-Z,primary
verhaltensforschung,Verhaltensforschung,Bd08_Th-Z:0313:0285,Bd08_Th-Z,primary
verhaltnis,Verhältnis,Bd08_Th-Z:0314:0286,Bd08_Th-Z,primary
verhaltnisbegriff,Verhältnisbegriff,Bd08_Th-Z:0315:0287,Bd08_Th-Z,primary
verhaltnisbegriff,Verhältnisbegriff,Bd07_Re-Te:0096:0074,Bd08_Th-Z,redirect_alias
verifikation,Verifikation,Bd08_Th-Z:0315:0288,Bd08_Th-Z,primary
verifikationsprinzip,Verifikationsprinzip,Bd08_Th-Z:0317:0289,Bd08_Th-Z,primary
verifizierbar,verifizierbar,Bd08_Th-Z:0318:0290,Bd08_Th-Z,slash_half
verifizierbar/verifizierbarkeit,verifizierbar/Verifizierbarkeit,Bd08_Th-Z:0318:0290,Bd08_Th-Z,primary
verifizierbarkeit,Verifizierbarkeit,Bd08_Th-Z:0318:0290,Bd08_Th-Z,slash_half
verkettung,Verkettung,Bd08_Th-Z:0319:0291,Bd08_Th-Z,primary
verknupfung,Verknüpfung,Bd08_Th-Z:0320:0292,Bd08_Th-Z,primary
verlaufsgesetz,Verlaufsgesetz,Bd08_Th-Z:0321:0293,Bd08_Th-Z,primary
vermittlung,Vermittlung,Bd08_Th-Z:0322:0294,Bd08_Th-Z,primary
vermogen,Vermögen,Bd08_Th-Z:0323:0295,Bd08_Th-Z,primary
vernunft,Vernunft,Bd08_Th-Z:0323:0296,Bd08_Th-Z,primary
"vernunft, faule","Vernunft, faule",Bd08_Th-Z:0326:0297,Bd08_Th-Z,primary
"vernunft, historische","Vernunft, historische",Bd08_Th-Z:0326:0298,Bd08_Th-Z,primary
"vernunft, praktische","Vernunft, praktische",Bd08_Th-Z:0327:0299,Bd08_Th-Z,primary
"vernunft, theoretische","Vernunft, theoretische",Bd08_Th-Z:0329:0300,Bd08_Th-Z,primary
vernunftig,vernünftig,Bd08_Th-Z:0330:0301,Bd08_Th-Z,primary
vernunftiges leben,vernünftiges Leben,Bd04_Ins-Loc:0498:0395,Bd04_Ins-Loc,comma_inverted
vernunftinteresse,Vernunftinteresse,Bd08_Th-Z:0330:0302,Bd08_Th-Z,primary
vernunftlehre,Vernunftlehre,Bd08_Th-Z:0330:0303,Bd08_Th-Z,primary
vernunftprinzip,Vernunftprinzip,Bd08_Th-Z:0330:0304,Bd08_Th-Z,primary
vernunftreligion,Vernunftreligion,Bd08_Th-Z:0331:0305,Bd08_Th-Z,primary
vernunftwahrheit,Vernunftwahrheit,Bd08_Th-Z:0331:0306,Bd08_Th-Z,primary
verschieden,verschieden,Bd08_Th-Z:0332:0307,Bd08_Th-Z,slash_half
verschieden/verschiedenheit,verschieden/Verschiedenheit,Bd08_Th-Z:0332:0307,Bd08_Th-Z,primary
verschiedenheit,Verschiedenheit,Bd08_Th-Z:0332:0307,Bd08_Th-Z,slash_half
verschmelzungsgesetze,Verschmelzungsgesetze,Bd08_Th-Z:0332:0308,Bd08_Th-Z,primary
verschmelzungsregeln,Verschmelzungsregeln,Bd08_Th-Z:0332:0309,Bd08_Th-Z,primary
versohnung,Versöhnung,Bd08_Th-Z:0333:0310,Bd08_Th-Z,primary
verstand,Verstand,Bd08_Th-Z:0333:0311,Bd08_Th-Z,primary
"verstandesbegriffe, reine","Verstandesbegriffe, reine",Bd08_Th-Z:0336:0312,Bd08_Th-Z,primary
verstandesding,Verstandesding,Bd08_Th-Z:0337:0313,Bd08_Th-Z,primary
verstehen,Verstehen,Bd08_Th-Z:0337:0314,Bd08_Th-Z,primary
versuch,Versuch,Bd08_Th-Z:0340:0315,Bd08_Th-Z,primary
versuch,Versuch,Bd02_C-F:0472:0522,Bd08_Th-Z,redirect_alias
vertauschung,Vertauschung,Bd08_Th-Z:0340:0316,Bd08_Th-Z,primary
verteidigung,Verteidigung,Bd08_Th-Z:0340:0317,Bd08_Th-Z,primary
verteilung,Verteilung,Bd08_Th-Z:0340:0318,Bd08_Th-Z,primary
vertraglich,verträglich,Bd08_Th-Z:0340:0319,Bd08_Th-Z,slash_half
vertraglich/vertraglichkeit,verträglich/Verträglichkeit,Bd08_Th-Z:0340:0319,Bd08_Th-Z,primary
vertraglichkeit,Verträglichkeit,Bd08_Th-Z:0340:0319,Bd08_Th-Z,slash_half
verum,verum,Bd08_Th-Z:0341:0320,Bd08_Th-Z,primary
"verursachung, adaquate","Verursachung, adäquate",Bd08_Th-Z:0341:0321,Bd08_Th-Z,primary
verweistheorie,Verweistheorie,Bd08_Th-Z:0342:0322,Bd08_Th-Z,primary
verwissenschaftlichung,Verwissenschaftlichung,Bd08_Th-Z:0343:0323,Bd08_Th-Z,primary
verzweigung,Verzweigung,Bd08_Th-Z:0344:0324,Bd08_Th-Z,primary
vesikulizismus,Vesikulizismus,Bd08_Th-Z:0345:0325,Bd08_Th-Z,primary
via antiqua,via antiqua,Bd08_Th-Z:0346:0326,Bd08_Th-Z,slash_half
via antiqua/via moderna,via antiqua/via moderna,Bd08_Th-Z:0346:0326,Bd08_Th-Z,primary
via moderna,via moderna,Bd08_Th-Z:0346:0326,Bd08_Th-Z,slash_half
vicious-circle principle,Vicious-Circle Principle,Bd08_Th-Z:0346:0327,Bd08_Th-Z,primary
vico,Vico,Bd08_Th-Z:0347:0328,Bd08_Th-Z,primary
vidyā,vidyā,Bd08_Th-Z:0350:0329,Bd08_Th-Z,primary
vielheit,Vielheit,Bd08_Th-Z:0350:0330,Bd08_Th-Z,primary
vierfarbenproblem,Vierfarbenproblem,Bd08_Th-Z:0351:0331,Bd08_Th-Z,primary
vieta,Vieta,Bd08_Th-Z:0352:0332,Bd08_Th-Z,primary
vijnāna,vijñāna,Bd08_Th-Z:0354:0333,Bd08_Th-Z,primary
vinzenz von beauvais,Vinzenz von Beauvais,Bd08_Th-Z:0355:0334,Bd08_Th-Z,primary
virtualismus,Virtualismus,Bd08_Th-Z:0356:0335,Bd08_Th-Z,primary
vis viva,vis viva,Bd08_Th-Z:0358:0340,Bd08_Th-Z,primary
vischer,Vischer,Bd08_Th-Z:0356:0336,Bd08_Th-Z,primary
visio beatifica dei,visio beatifica dei,Bd08_Th-Z:0357:0338,Bd08_Th-Z,primary
vita activa,vita activa,Bd08_Th-Z:0358:0341,Bd08_Th-Z,primary
vita contemplativa,vita contemplativa,Bd08_Th-Z:0358:0342,Bd08_Th-Z,primary
vitalismus,Vitalismus,Bd08_Th-Z:0359:0343,Bd08_Th-Z,primary
vivarta,vivarta,Bd08_Th-Z:0361:0344,Bd08_Th-Z,primary
vivekānanda,Vivekānanda,Bd08_Th-Z:0361:0345,Bd08_Th-Z,primary
vives,Vives,Bd08_Th-Z:0362:0346,Bd08_Th-Z,primary
viśeṡa,viśeṡa,Bd08_Th-Z:0357:0337,Bd08_Th-Z,primary
viṡṅuismus,Viṡṅuismus,Bd08_Th-Z:0358:0339,Bd08_Th-Z,primary
vogt,Vogt,Bd08_Th-Z:0364:0347,Bd08_Th-Z,primary
vokabular,Vokabular,Bd08_Th-Z:0365:0348,Bd08_Th-Z,primary
vokabular,Vokabular,Bd07_Re-Te:0503:0415,Bd08_Th-Z,redirect_alias
volkelt,Volkelt,Bd08_Th-Z:0365:0349,Bd08_Th-Z,primary
vollbegrundung,Vollbegründung,Bd08_Th-Z:0365:0350,Bd08_Th-Z,primary
vollformalismus,Vollformalismus,Bd08_Th-Z:0366:0351,Bd08_Th-Z,primary
vollkommene zahl,vollkommene Zahl,Bd08_Th-Z:0650:0576,Bd08_Th-Z,comma_inverted
vollkommener syllogismus,vollkommener Syllogismus,Bd07_Re-Te:0622:0530,Bd07_Re-Te,comma_inverted
vollkommenheit,Vollkommenheit,Bd08_Th-Z:0366:0352,Bd08_Th-Z,primary
vollstandig,vollständig,Bd08_Th-Z:0367:0353,Bd08_Th-Z,slash_half
vollstandig/vollstandigkeit,vollständig/Vollständigkeit,Bd08_Th-Z:0367:0353,Bd08_Th-Z,primary
vollstandige induktion,vollständige Induktion,Bd03_G-Inn:0615:0462,Bd03_G-Inn,comma_inverted
vollstandiger begriff,vollständiger Begriff,Bd01_A-B:0411:0514,Bd01_A-B,comma_inverted
vollstandigkeit,Vollständigkeit,Bd08_Th-Z:0367:0353,Bd08_Th-Z,slash_half
vollstandigkeitssatz,Vollständigkeitssatz,Bd08_Th-Z:0367:0354,Bd08_Th-Z,primary
volonte de tous,volonté de tous,Bd08_Th-Z:0368:0355,Bd08_Th-Z,primary
volonte de tous,volonté de tous,Bd08_Th-Z:0368:0356,Bd08_Th-Z,redirect_alias
volonte generale,volonté générale,Bd08_Th-Z:0368:0356,Bd08_Th-Z,primary
voltaire,Voltaire,Bd08_Th-Z:0368:0357,Bd08_Th-Z,primary
voluntarismus,Voluntarismus,Bd08_Th-Z:0373:0358,Bd08_Th-Z,primary
voraussage,Voraussage,Bd08_Th-Z:0374:0359,Bd08_Th-Z,primary
voraussage,Voraussage,Bd06_O-Ra:0464:0364,Bd08_Th-Z,redirect_alias
voraussetzung,Voraussetzung,Bd08_Th-Z:0374:0360,Bd08_Th-Z,primary
voraussetzungslos,voraussetzungslos,Bd08_Th-Z:0374:0361,Bd08_Th-Z,slash_half
voraussetzungslos/voraussetzungslosigkeit,voraussetzungslos/Voraussetzungslosigkeit,Bd08_Th-Z:0374:0361,Bd08_Th-Z,primary
voraussetzungslosigkeit,Voraussetzungslosigkeit,Bd08_Th-Z:0374:0361,Bd08_Th-Z,slash_half
vordersatz,Vordersatz,Bd08_Th-Z:0375:0362,Bd08_Th-Z,primary
vorgang,Vorgang,Bd08_Th-Z:0375:0363,Bd08_Th-Z,primary
vorgangerfunktion,Vorgängerfunktion,Bd08_Th-Z:0375:0364,Bd08_Th-Z,primary
vorgangergleichung,Vorgängergleichung,Bd08_Th-Z:0375:0365,Bd08_Th-Z,primary
vorgeometrisch,vorgeometrisch,Bd08_Th-Z:0376:0366,Bd08_Th-Z,primary
vorhanden,vorhanden,Bd08_Th-Z:0376:0367,Bd08_Th-Z,slash_half
vorhanden/zuhanden,vorhanden/zuhanden,Bd08_Th-Z:0376:0367,Bd08_Th-Z,primary
vorkommen,Vorkommen,Bd08_Th-Z:0377:0368,Bd08_Th-Z,primary
vorlander,Vorländer,Bd08_Th-Z:0377:0369,Bd08_Th-Z,primary
vorpradikativ,vorprädikativ,Bd08_Th-Z:0378:0370,Bd08_Th-Z,primary
vorsokratiker,Vorsokratiker,Bd08_Th-Z:0379:0371,Bd08_Th-Z,primary
vorstellung,Vorstellung,Bd08_Th-Z:0382:0372,Bd08_Th-Z,primary
vorstellung an sich,Vorstellung an sich,Bd08_Th-Z:0383:0373,Bd08_Th-Z,primary
vorurteil,Vorurteil,Bd08_Th-Z:0383:0374,Bd08_Th-Z,primary
vorverstandnis,Vorverständnis,Bd08_Th-Z:0384:0375,Bd08_Th-Z,primary
vorwissenschaftlich,vorwissenschaftlich,Bd08_Th-Z:0385:0376,Bd08_Th-Z,primary
vuillemin,Vuillemin,Bd08_Th-Z:0385:0377,Bd08_Th-Z,primary
vulgarmaterialismus,Vulgärmaterialismus,Bd08_Th-Z:0386:0378,Bd08_Th-Z,primary
vygotski,Vygotski,Bd08_Th-Z:0388:0380,Bd08_Th-Z,primary
vyāpti,vyāpti,Bd08_Th-Z:0386:0379,Bd08_Th-Z,primary
vāda,vāda,Bd08_Th-Z:0272:0242,Bd08_Th-Z,primary
"waagerechte, der","Waagerechte, der",Bd08_Th-Z:0390:0381,Bd08_Th-Z,primary
waerden,Waerden,Bd08_Th-Z:0390:0382,Bd08_Th-Z,primary
wagner,Wagner,Bd08_Th-Z:0391:0383,Bd08_Th-Z,primary
wahlfolge,Wahlfolge,Bd08_Th-Z:0392:0384,Bd08_Th-Z,primary
wahr,wahr,Bd08_Th-Z:0393:0385,Bd08_Th-Z,slash_half
wahr/das wahre,wahr/das Wahre,Bd08_Th-Z:0393:0385,Bd08_Th-Z,primary
wahre,Wahre,Bd08_Th-Z:0393:0385,Bd08_Th-Z,slash_half
wahrhaftigkeit,Wahrhaftigkeit,Bd08_Th-Z:0394:0386,Bd08_Th-Z,primary
wahrheit,Wahrheit,Bd08_Th-Z:0395:0387,Bd08_Th-Z,primary
"wahrheit, doppelte","Wahrheit, doppelte",Bd08_Th-Z:0400:0388,Bd08_Th-Z,primary
wahrheitsahnlichkeit,Wahrheitsähnlichkeit,Bd08_Th-Z:0401:0389,Bd08_Th-Z,primary
wahrheitsantinomie,Wahrheitsantinomie,Bd08_Th-Z:0403:0390,Bd08_Th-Z,primary
wahrheitsbedingung,Wahrheitsbedingung,Bd08_Th-Z:0405:0391,Bd08_Th-Z,primary
wahrheitsbegriff,Wahrheitsbegriff,Bd08_Th-Z:0405:0392,Bd08_Th-Z,primary
wahrheitsdefinit,wahrheitsdefinit,Bd08_Th-Z:0406:0393,Bd08_Th-Z,slash_half
wahrheitsdefinit/wahrheitsdefinitheit,wahrheitsdefinit/Wahrheitsdefinitheit,Bd08_Th-Z:0406:0393,Bd08_Th-Z,primary
wahrheitsdefinitheit,Wahrheitsdefinitheit,Bd08_Th-Z:0406:0393,Bd08_Th-Z,slash_half
"wahrheitsdefinition, semantische","Wahrheitsdefinition, semantische",Bd08_Th-Z:0406:0394,Bd08_Th-Z,primary
wahrheitsfahig,wahrheitsfähig,Bd08_Th-Z:0407:0395,Bd08_Th-Z,slash_half
wahrheitsfahig/wahrheitsfahigkeit,wahrheitsfähig/Wahrheitsfähigkeit,Bd08_Th-Z:0407:0395,Bd08_Th-Z,primary
wahrheitsfahigkeit,Wahrheitsfähigkeit,Bd08_Th-Z:0407:0395,Bd08_Th-Z,slash_half
wahrheitsfunktion,Wahrheitsfunktion,Bd08_Th-Z:0407:0396,Bd08_Th-Z,primary
wahrheitskriterium,Wahrheitskriterium,Bd08_Th-Z:0408:0397,Bd08_Th-Z,primary
wahrheitstafel,Wahrheitstafel,Bd08_Th-Z:0408:0398,Bd08_Th-Z,primary
wahrheitstheorien,Wahrheitstheorien,Bd08_Th-Z:0408:0399,Bd08_Th-Z,primary
wahrheitswert,Wahrheitswert,Bd08_Th-Z:0413:0400,Bd08_Th-Z,primary
wahrnehmung,Wahrnehmung,Bd08_Th-Z:0414:0401,Bd08_Th-Z,primary
"wahrnehmung, aussersinnliche","Wahrnehmung, außersinnliche",Bd08_Th-Z:0416:0402,Bd08_Th-Z,primary
wahrscheinlichkeit,Wahrscheinlichkeit,Bd08_Th-Z:0418:0403,Bd08_Th-Z,primary
wahrscheinlichkeitsimplikation,Wahrscheinlichkeitsimplikation,Bd08_Th-Z:0425:0404,Bd08_Th-Z,primary
wahrscheinlichkeitslogik,Wahrscheinlichkeitslogik,Bd08_Th-Z:0425:0405,Bd08_Th-Z,primary
wahrscheinlichkeitstheorie,Wahrscheinlichkeitstheorie,Bd08_Th-Z:0429:0406,Bd08_Th-Z,primary
waismann,Waismann,Bd08_Th-Z:0432:0407,Bd08_Th-Z,primary
walch,Walch,Bd08_Th-Z:0433:0408,Bd08_Th-Z,primary
wallis,Wallis,Bd08_Th-Z:0434:0409,Bd08_Th-Z,primary
wang,Wang,Bd08_Th-Z:0436:0410,Bd08_Th-Z,primary
wang ch’ung,Wang Ch’ung,Bd08_Th-Z:0438:0411,Bd08_Th-Z,primary
wang pi,Wang Pi,Bd08_Th-Z:0439:0412,Bd08_Th-Z,primary
wang yang-ming,Wang Yang-ming,Bd08_Th-Z:0440:0414,Bd08_Th-Z,primary
wangsche paradoxie,Wangsche Paradoxie,Bd08_Th-Z:0439:0413,Bd08_Th-Z,primary
warburg,Warburg,Bd08_Th-Z:0440:0415,Bd08_Th-Z,primary
ware,Ware,Bd08_Th-Z:0442:0416,Bd08_Th-Z,primary
warenfetischismus,Warenfetischismus,Bd08_Th-Z:0443:0417,Bd08_Th-Z,primary
warmetod,Wärmetod,Bd08_Th-Z:0443:0418,Bd08_Th-Z,primary
warschauer schule,Warschauer Schule,Bd08_Th-Z:0444:0419,Bd08_Th-Z,primary
washeit,Washeit,Bd08_Th-Z:0445:0420,Bd08_Th-Z,primary
washeit,Washeit,Bd06_O-Ra:0572:0452,Bd08_Th-Z,redirect_alias
weber,Weber,Bd08_Th-Z:0445:0421,Bd08_Th-Z,primary
weber,Weber,Bd08_Th-Z:0447:0422,Bd08_Th-Z,primary
weber,Weber,Bd08_Th-Z:0447:0423,Bd08_Th-Z,primary
weber-fechnersches gesetz,Weber-Fechnersches Gesetz,Bd08_Th-Z:0451:0424,Bd08_Th-Z,primary
webersches gesetz,Webersches Gesetz,Bd08_Th-Z:0451:0425,Bd08_Th-Z,primary
webersches gesetz,Webersches Gesetz,Bd08_Th-Z:0451:0424,Bd08_Th-Z,redirect_alias
wechselbegriffe,Wechselbegriffe,Bd08_Th-Z:0451:0426,Bd08_Th-Z,primary
wechselwirkung,Wechselwirkung,Bd08_Th-Z:0452:0427,Bd08_Th-Z,primary
weierstrass,Weierstraß,Bd08_Th-Z:0452:0428,Bd08_Th-Z,primary
weigel,Weigel,Bd08_Th-Z:0454:0429,Bd08_Th-Z,primary
weigel,Weigel,Bd08_Th-Z:0455:0430,Bd08_Th-Z,primary
weil,Weil,Bd08_Th-Z:0457:0431,Bd08_Th-Z,primary
weininger,Weininger,Bd08_Th-Z:0458:0432,Bd08_Th-Z,primary
weisheit,Weisheit,Bd08_Th-Z:0459:0433,Bd08_Th-Z,primary
weisse,Weiße,Bd08_Th-Z:0460:0434,Bd08_Th-Z,primary
weizsacker,Weizsäcker,Bd08_Th-Z:0461:0435,Bd08_Th-Z,primary
well-formed formula,well-formed formula,Bd08_Th-Z:0467:0438,Bd08_Th-Z,primary
welle,Welle,Bd08_Th-Z:0463:0436,Bd08_Th-Z,primary
wellenmechanik,Wellenmechanik,Bd08_Th-Z:0465:0437,Bd08_Th-Z,primary
welt,Welt,Bd08_Th-Z:0467:0439,Bd08_Th-Z,primary
"welt, beste","Welt, beste",Bd08_Th-Z:0468:0440,Bd08_Th-Z,primary
"welt, mogliche","Welt, mögliche",Bd08_Th-Z:0469:0441,Bd08_Th-Z,primary
weltanschauung,Weltanschauung,Bd08_Th-Z:0472:0442,Bd08_Th-Z,primary
weltbild,Weltbild,Bd08_Th-Z:0473:0443,Bd08_Th-Z,primary
"weltbild, elektromagnetisches","Weltbild, elektromagnetisches",Bd08_Th-Z:0474:0444,Bd08_Th-Z,primary
"weltbild, mechanistisches","Weltbild, mechanistisches",Bd08_Th-Z:0475:0445,Bd08_Th-Z,primary
weltgeist,Weltgeist,Bd08_Th-Z:0477:0446,Bd08_Th-Z,primary
weltlinie,Weltlinie,Bd08_Th-Z:0478:0447,Bd08_Th-Z,primary
weltratsel,Welträtsel,Bd08_Th-Z:0479:0448,Bd08_Th-Z,primary
weltseele,Weltseele,Bd08_Th-Z:0479:0449,Bd08_Th-Z,primary
weltweisheit,Weltweisheit,Bd08_Th-Z:0480:0450,Bd08_Th-Z,primary
"wende, linguistische","Wende, linguistische",Bd08_Th-Z:0480:0451,Bd08_Th-Z,primary
wenn genau dann,wenn genau dann,Bd03_G-Inn:0090:0056,Bd03_G-Inn,comma_inverted
wenn – dann,wenn – dann,Bd08_Th-Z:0480:0452,Bd08_Th-Z,primary
werden,Werden,Bd08_Th-Z:0480:0453,Bd08_Th-Z,primary
werk,Werk,Bd08_Th-Z:0482:0454,Bd08_Th-Z,primary
wert logisch,Wert (logisch),Bd08_Th-Z:0482:0455,Bd08_Th-Z,primary
wert moralisch,Wert (moralisch),Bd08_Th-Z:0483:0456,Bd08_Th-Z,primary
wert okonomisch,Wert (ökonomisch),Bd08_Th-Z:0484:0457,Bd08_Th-Z,primary
wertbereich,Wertbereich,Bd08_Th-Z:0486:0458,Bd08_Th-Z,primary
wertdefinit,wertdefinit,Bd08_Th-Z:0486:0459,Bd08_Th-Z,slash_half
wertdefinit/wertdefinitheit,wertdefinit/Wertdefinitheit,Bd08_Th-Z:0486:0459,Bd08_Th-Z,primary
wertdefinitheit,Wertdefinitheit,Bd08_Th-Z:0486:0459,Bd08_Th-Z,slash_half
wertethik,Wertethik,Bd08_Th-Z:0487:0460,Bd08_Th-Z,primary
wertfreiheit,Wertfreiheit,Bd08_Th-Z:0488:0461,Bd08_Th-Z,primary
wertfreiheitsprinzip,Wertfreiheitsprinzip,Bd08_Th-Z:0489:0462,Bd08_Th-Z,primary
wertgesetz,Wertgesetz,Bd08_Th-Z:0490:0463,Bd08_Th-Z,primary
wertphilosophie,Wertphilosophie,Bd08_Th-Z:0490:0464,Bd08_Th-Z,primary
wertrealismus,Wertrealismus,Bd08_Th-Z:0491:0465,Bd08_Th-Z,primary
werturteil,Werturteil,Bd08_Th-Z:0492:0466,Bd08_Th-Z,primary
werturteilsstreit,Werturteilsstreit,Bd08_Th-Z:0493:0467,Bd08_Th-Z,primary
wertverlaufsinduktion,Wertverlaufsinduktion,Bd08_Th-Z:0494:0468,Bd08_Th-Z,primary
wertverlaufsrekursion,Wertverlaufsrekursion,Bd08_Th-Z:0495:0469,Bd08_Th-Z,primary
wesen,Wesen,Bd08_Th-Z:0495:0470,Bd08_Th-Z,primary
wesensdefinition,Wesensdefinition,Bd08_Th-Z:0498:0471,Bd08_Th-Z,primary
wesensphilosophie,Wesensphilosophie,Bd08_Th-Z:0498:0472,Bd08_Th-Z,primary
wesensschau,Wesensschau,Bd08_Th-Z:0498:0473,Bd08_Th-Z,primary
weyl,Weyl,Bd08_Th-Z:0499:0474,Bd08_Th-Z,primary
weylsche antinomie,Weylsche Antinomie,Bd08_Th-Z:0502:0475,Bd08_Th-Z,primary
whewell,Whewell,Bd08_Th-Z:0502:0476,Bd08_Th-Z,primary
white,White,Bd08_Th-Z:0504:0477,Bd08_Th-Z,primary
whitehead,Whitehead,Bd08_Th-Z:0505:0478,Bd08_Th-Z,primary
whittaker,Whittaker,Bd08_Th-Z:0508:0479,Bd08_Th-Z,primary
wiclif,Wiclif,Bd08_Th-Z:0509:0480,Bd08_Th-Z,primary
widerfahrnis,Widerfahrnis,Bd08_Th-Z:0510:0481,Bd08_Th-Z,primary
widerlegbar,widerlegbar,Bd08_Th-Z:0510:0482,Bd08_Th-Z,slash_half
widerlegbar/widerlegbarkeit,widerlegbar/Widerlegbarkeit,Bd08_Th-Z:0510:0482,Bd08_Th-Z,primary
widerlegbarkeit,Widerlegbarkeit,Bd08_Th-Z:0510:0482,Bd08_Th-Z,slash_half
widerlegungsdefinit,widerlegungsdefinit,Bd08_Th-Z:0511:0483,Bd08_Th-Z,slash_half
widerlegungsdefinit/widerlegungsdefinitheit,widerlegungsdefinit/Widerlegungsdefinitheit,Bd08_Th-Z:0511:0483,Bd08_Th-Z,primary
widerlegungsdefinitheit,Widerlegungsdefinitheit,Bd08_Th-Z:0511:0483,Bd08_Th-Z,slash_half
widersinn,Widersinn,Bd08_Th-Z:0511:0484,Bd08_Th-Z,primary
widerspiegelungstheorie,Widerspiegelungstheorie,Bd08_Th-Z:0511:0485,Bd08_Th-Z,primary
widerspruch,Widerspruch,Bd08_Th-Z:0512:0486,Bd08_Th-Z,primary
widerspruch logisch,Widerspruch (logisch),Bd08_Th-Z:0513:0487,Bd08_Th-Z,primary
"widerspruch, satz vom","Widerspruch, Satz vom",Bd08_Th-Z:0513:0488,Bd08_Th-Z,primary
widerspruchsfrei,widerspruchsfrei,Bd08_Th-Z:0514:0489,Bd08_Th-Z,slash_half
widerspruchsfrei/widerspruchsfreiheit,widerspruchsfrei/Widerspruchsfreiheit,Bd08_Th-Z:0514:0489,Bd08_Th-Z,primary
widerspruchsfreiheit,Widerspruchsfreiheit,Bd08_Th-Z:0514:0489,Bd08_Th-Z,slash_half
widerspruchsfreiheitsbeweis,Widerspruchsfreiheitsbeweis,Bd08_Th-Z:0514:0490,Bd08_Th-Z,primary
wiedererinnerung,Wiedererinnerung,Bd08_Th-Z:0515:0491,Bd08_Th-Z,primary
wiedererinnerung,Wiedererinnerung,Bd01_A-B:0150:0205,Bd08_Th-Z,redirect_alias
wiederholbarkeit,Wiederholbarkeit,Bd08_Th-Z:0515:0492,Bd08_Th-Z,primary
wiederholungsschranke,Wiederholungsschranke,Bd08_Th-Z:0516:0493,Bd08_Th-Z,primary
wiederkehr des gleichen,Wiederkehr des Gleichen,Bd08_Th-Z:0516:0494,Bd08_Th-Z,primary
wien,Wien,Bd08_Th-Z:0517:0495,Bd08_Th-Z,primary
wiener,Wiener,Bd08_Th-Z:0518:0496,Bd08_Th-Z,primary
wiener,Wiener,Bd08_Th-Z:0519:0497,Bd08_Th-Z,primary
wiener kreis,Wiener Kreis,Bd08_Th-Z:0520:0498,Bd08_Th-Z,primary
wiese,Wiese,Bd08_Th-Z:0523:0499,Bd08_Th-Z,primary
wilhelm de la mare,Wilhelm de la Mare,Bd08_Th-Z:0524:0500,Bd08_Th-Z,primary
wilhelm von auvergne,Wilhelm von Auvergne,Bd08_Th-Z:0525:0501,Bd08_Th-Z,primary
wilhelm von auxerre,Wilhelm von Auxerre,Bd08_Th-Z:0526:0502,Bd08_Th-Z,primary
wilhelm von champeaux,Wilhelm von Champeaux,Bd08_Th-Z:0527:0503,Bd08_Th-Z,primary
wilhelm von conches,Wilhelm von Conches,Bd08_Th-Z:0528:0504,Bd08_Th-Z,primary
wilhelm von moerbeke,Wilhelm von Moerbeke,Bd08_Th-Z:0529:0505,Bd08_Th-Z,primary
wilhelm von ockham,Wilhelm von Ockham,Bd08_Th-Z:0530:0506,Bd08_Th-Z,primary
wilhelm von ockham,Wilhelm von Ockham,Bd06_O-Ra:0033:0017,Bd08_Th-Z,redirect_alias
wilhelm von saint-thierry,Wilhelm von Saint-Thierry,Bd08_Th-Z:0530:0507,Bd08_Th-Z,primary
wilhelm von shyreswood,Wilhelm von Shyreswood,Bd08_Th-Z:0532:0508,Bd08_Th-Z,primary
wilhelm von shyreswood,Wilhelm von Shyreswood,Bd07_Re-Te:0389:0313,Bd08_Th-Z,redirect_alias
wilkins,Wilkins,Bd08_Th-Z:0532:0509,Bd08_Th-Z,primary
wille,Wille,Bd08_Th-Z:0533:0510,Bd08_Th-Z,primary
wille zur macht,Wille zur Macht,Bd08_Th-Z:0541:0513,Bd08_Th-Z,primary
willensfreiheit,Willensfreiheit,Bd08_Th-Z:0536:0511,Bd08_Th-Z,primary
willensschwache,Willensschwäche,Bd08_Th-Z:0541:0512,Bd08_Th-Z,primary
willensschwache,Willensschwäche,Bd01_A-B:0083:0105,Bd08_Th-Z,redirect_alias
willkur,Willkür,Bd08_Th-Z:0542:0514,Bd08_Th-Z,primary
winch,Winch,Bd08_Th-Z:0542:0515,Bd08_Th-Z,primary
winckelmann,Winckelmann,Bd08_Th-Z:0544:0516,Bd08_Th-Z,primary
windelband,Windelband,Bd08_Th-Z:0546:0517,Bd08_Th-Z,primary
wirbeltheorie,Wirbeltheorie,Bd08_Th-Z:0547:0518,Bd08_Th-Z,primary
wirklich,wirklich,Bd08_Th-Z:0548:0519,Bd08_Th-Z,slash_half
wirklich/wirklichkeit,wirklich/Wirklichkeit,Bd08_Th-Z:0548:0519,Bd08_Th-Z,primary
wirklichkeit,Wirklichkeit,Bd08_Th-Z:0548:0519,Bd08_Th-Z,slash_half
wirkung,Wirkung,Bd08_Th-Z:0549:0520,Bd08_Th-Z,primary
wirkungsgeschichte,Wirkungsgeschichte,Bd08_Th-Z:0550:0521,Bd08_Th-Z,primary
wirkursache,Wirkursache,Bd08_Th-Z:0551:0522,Bd08_Th-Z,primary
wirkursache,Wirkursache,Bd02_C-F:0050:0037,Bd08_Th-Z,redirect_alias
wirtschaftsethik,Wirtschaftsethik,Bd08_Th-Z:0551:0523,Bd08_Th-Z,primary
wisdom,Wisdom,Bd08_Th-Z:0553:0524,Bd08_Th-Z,primary
wissen,Wissen,Bd08_Th-Z:0554:0525,Bd08_Th-Z,primary
"wissen, absolutes","Wissen, absolutes",Bd08_Th-Z:0556:0526,Bd08_Th-Z,primary
wissenschaft,Wissenschaft,Bd08_Th-Z:0556:0527,Bd08_Th-Z,primary
"wissenschaft, burgerliche","Wissenschaft, bürgerliche",Bd08_Th-Z:0558:0528,Bd08_Th-Z,primary
"wissenschaft, konstruktive","Wissenschaft, konstruktive",Bd08_Th-Z:0559:0529,Bd08_Th-Z,primary
"wissenschaft, konstruktive","Wissenschaft, konstruktive",Bd04_Ins-Loc:0334:0261,Bd08_Th-Z,redirect_alias
"wissenschaft, normale","Wissenschaft, normale",Bd08_Th-Z:0559:0530,Bd08_Th-Z,primary
"wissenschaft, revolutionare","Wissenschaft, revolutionäre",Bd08_Th-Z:0560:0531,Bd08_Th-Z,primary
wissenschaftliche disziplin,wissenschaftliche Disziplin,Bd02_C-F:0255:0283,Bd02_C-F,comma_inverted
wissenschaftliche revolution,wissenschaftliche Revolution,Bd07_Re-Te:0147:0111,Bd07_Re-Te,comma_inverted
wissenschaftlicher realismus,wissenschaftlicher Realismus,Bd07_Re-Te:0033:0011,Bd07_Re-Te,comma_inverted
wissenschaftlicher sozialismus,wissenschaftlicher Sozialismus,Bd07_Re-Te:0458:0387,Bd07_Re-Te,comma_inverted
wissenschaftsdarwinismus,Wissenschaftsdarwinismus,Bd08_Th-Z:0560:0532,Bd08_Th-Z,primary
wissenschaftsethik,Wissenschaftsethik,Bd08_Th-Z:0561:0533,Bd08_Th-Z,primary
wissenschaftsforschung,Wissenschaftsforschung,Bd08_Th-Z:0563:0534,Bd08_Th-Z,primary
wissenschaftsgeschichte,Wissenschaftsgeschichte,Bd08_Th-Z:0564:0535,Bd08_Th-Z,primary
wissenschaftskritik,Wissenschaftskritik,Bd08_Th-Z:0567:0536,Bd08_Th-Z,primary
wissenschaftslehre,Wissenschaftslehre,Bd08_Th-Z:0568:0537,Bd08_Th-Z,primary
wissenschaftslogik,Wissenschaftslogik,Bd08_Th-Z:0569:0538,Bd08_Th-Z,primary
wissenschaftssoziologie,Wissenschaftssoziologie,Bd08_Th-Z:0570:0539,Bd08_Th-Z,primary
wissenschaftssprache,Wissenschaftssprache,Bd08_Th-Z:0574:0540,Bd08_Th-Z,primary
wissenschaftstheoretisch strukturalismus philosophisch,wissenschaftstheoretisch) Strukturalismus (philosophisch,Bd07_Re-Te:0566:0465,Bd07_Re-Te,comma_inverted
wissenschaftstheorie,Wissenschaftstheorie,Bd08_Th-Z:0575:0541,Bd08_Th-Z,primary
"wissenschaftstheorie, analytische","Wissenschaftstheorie, analytische",Bd08_Th-Z:0582:0542,Bd08_Th-Z,primary
"wissenschaftstheorie, konstruktive","Wissenschaftstheorie, konstruktive",Bd08_Th-Z:0583:0543,Bd08_Th-Z,primary
wissenschaftswissenschaft,Wissenschaftswissenschaft,Bd08_Th-Z:0594:0544,Bd08_Th-Z,primary
wissensrevision,Wissensrevision,Bd08_Th-Z:0595:0545,Bd08_Th-Z,primary
wissenssoziologie,Wissenssoziologie,Bd08_Th-Z:0598:0546,Bd08_Th-Z,primary
witelo,Witelo,Bd08_Th-Z:0600:0547,Bd08_Th-Z,primary
wittgenstein,Wittgenstein,Bd08_Th-Z:0600:0548,Bd08_Th-Z,primary
wohlordnung,Wohlordnung,Bd08_Th-Z:0611:0549,Bd08_Th-Z,primary
wohlordnungsprinzip,Wohlordnungsprinzip,Bd08_Th-Z:0611:0550,Bd08_Th-Z,primary
wohlordnungsprinzip,Wohlordnungsprinzip,Bd08_Th-Z:0611:0549,Bd08_Th-Z,redirect_alias
wolff,Wolff,Bd08_Th-Z:0611:0551,Bd08_Th-Z,primary
wollheim,Wollheim,Bd08_Th-Z:0615:0552,Bd08_Th-Z,primary
wort,Wort,Bd08_Th-Z:0616:0553,Bd08_Th-Z,primary
wortgebrauch,Wortgebrauch,Bd08_Th-Z:0617:0554,Bd08_Th-Z,primary
wortstreit,Wortstreit,Bd08_Th-Z:0617:0555,Bd08_Th-Z,primary
wren,Wren,Bd08_Th-Z:0618:0556,Bd08_Th-Z,primary
wright,Wright,Bd08_Th-Z:0619:0557,Bd08_Th-Z,primary
wundt,Wundt,Bd08_Th-Z:0622:0558,Bd08_Th-Z,primary
wundt,Wundt,Bd08_Th-Z:0622:0559,Bd08_Th-Z,primary
wurde,Würde,Bd08_Th-Z:0624:0560,Bd08_Th-Z,primary
wust,Wust,Bd08_Th-Z:0627:0561,Bd08_Th-Z,primary
x-kriterium,X-Kriterium,Bd08_Th-Z:0632:0566,Bd08_Th-Z,primary
xenarchos,Xenarchos,Bd08_Th-Z:0629:0562,Bd08_Th-Z,primary
xenokrates,Xenokrates,Bd08_Th-Z:0629:0563,Bd08_Th-Z,primary
xenophanes,Xenophanes,Bd08_Th-Z:0630:0564,Bd08_Th-Z,primary
xenophon,Xenophon,Bd08_Th-Z:0631:0565,Bd08_Th-Z,primary
yang chu,Yang Chu,Bd08_Th-Z:0634:0567,Bd08_Th-Z,primary
yang hsiung,Yang Hsiung,Bd08_Th-Z:0634:0568,Bd08_Th-Z,primary
yin–yang,Yin–Yang,Bd08_Th-Z:0634:0569,Bd08_Th-Z,primary
yoga,Yoga,Bd08_Th-Z:0635:0570,Bd08_Th-Z,primary
yogācāra,Yogācāra,Bd08_Th-Z:0638:0571,Bd08_Th-Z,primary
yorck von wartenburg,Yorck von Wartenburg,Bd08_Th-Z:0642:0572,Bd08_Th-Z,primary
young,Young,Bd08_Th-Z:0643:0573,Bd08_Th-Z,primary
zabarella,Zabarella,Bd08_Th-Z:0645:0574,Bd08_Th-Z,primary
zahl,Zahl,Bd08_Th-Z:0646:0575,Bd08_Th-Z,primary
"zahl, vollkommene","Zahl, vollkommene",Bd08_Th-Z:0650:0576,Bd08_Th-Z,primary
zahlbegriff,Zahlbegriff,Bd08_Th-Z:0650:0577,Bd08_Th-Z,primary
zahlenmystik,Zahlenmystik,Bd08_Th-Z:0654:0578,Bd08_Th-Z,primary
zahlensystem,Zahlensystem,Bd08_Th-Z:0655:0579,Bd08_Th-Z,primary
zahlentheorie,Zahlentheorie,Bd08_Th-Z:0659:0580,Bd08_Th-Z,primary
zahlzeichen,Zahlzeichen,Bd08_Th-Z:0661:0581,Bd08_Th-Z,primary
zarathustra,Zarathustra,Bd08_Th-Z:0662:0582,Bd08_Th-Z,primary
zeichen logisch,Zeichen (logisch),Bd08_Th-Z:0663:0583,Bd08_Th-Z,primary
zeichen semiotisch,Zeichen (semiotisch),Bd08_Th-Z:0665:0584,Bd08_Th-Z,primary
zeichenhandlung,Zeichenhandlung,Bd08_Th-Z:0668:0585,Bd08_Th-Z,primary
zeigehandlung,Zeigehandlung,Bd08_Th-Z:0670:0586,Bd08_Th-Z,primary
zeit,Zeit,Bd08_Th-Z:0670:0587,Bd08_Th-Z,primary
"zeit, absolute","Zeit, absolute",Bd08_Th-Z:0674:0588,Bd08_Th-Z,primary
zeitalter,Zeitalter,Bd08_Th-Z:0675:0589,Bd08_Th-Z,primary
zeitgeist,Zeitgeist,Bd08_Th-Z:0676:0590,Bd08_Th-Z,primary
zeitlichkeit,Zeitlichkeit,Bd08_Th-Z:0677:0591,Bd08_Th-Z,primary
zeitlogik,Zeitlogik,Bd08_Th-Z:0678:0592,Bd08_Th-Z,primary
zeitlogik,Zeitlogik,Bd05_Log-N:0102:0060,Bd08_Th-Z,redirect_alias
zeller,Zeller,Bd08_Th-Z:0678:0593,Bd08_Th-Z,primary
zellularer automat,zellulärer Automat,Bd01_A-B:0340:0436,Bd01_A-B,comma_inverted
zen,Zen,Bd08_Th-Z:0679:0594,Bd08_Th-Z,primary
zenon,Zenon,Bd08_Th-Z:0682:0596,Bd08_Th-Z,primary
zenon,Zenon,Bd08_Th-Z:0683:0597,Bd08_Th-Z,primary
zenon,Zenon,Bd08_Th-Z:0684:0598,Bd08_Th-Z,primary
zenonische paradoxien,zenonische Paradoxien,Bd06_O-Ra:0118:0092,Bd06_O-Ra,comma_inverted
zenonische paradoxien,Zenonische Paradoxien,Bd08_Th-Z:0682:0595,Bd08_Th-Z,primary
zenonische paradoxien,Zenonische Paradoxien,Bd06_O-Ra:0118:0092,Bd08_Th-Z,redirect_alias
zentralie,Zentralie,Bd08_Th-Z:0685:0599,Bd08_Th-Z,primary
zerlegung,Zerlegung,Bd08_Th-Z:0685:0600,Bd08_Th-Z,primary
zermelo,Zermelo,Bd08_Th-Z:0685:0601,Bd08_Th-Z,primary
zermelo-fraenkelsches axiomensystem,Zermelo-Fraenkelsches Axiomensystem,Bd08_Th-Z:0687:0602,Bd08_Th-Z,primary
zermelo-russellsche antinomie,Zermelo-Russellsche Antinomie,Bd08_Th-Z:0688:0603,Bd08_Th-Z,primary
zermelosches axiom,Zermelosches Axiom,Bd08_Th-Z:0690:0604,Bd08_Th-Z,primary
zetetiker,Zetetiker,Bd08_Th-Z:0690:0607,Bd08_Th-Z,primary
zeug,Zeug,Bd08_Th-Z:0690:0605,Bd08_Th-Z,primary
zhuang-tse,Zhuang-Tse,Bd08_Th-Z:0690:0606,Bd08_Th-Z,primary
zick-zack-theorie,Zick-Zack-Theorie,Bd08_Th-Z:0690:0608,Bd08_Th-Z,primary
ziehen,Ziehen,Bd08_Th-Z:0691:0609,Bd08_Th-Z,primary
ziel,Ziel,Bd08_Th-Z:0692:0610,Bd08_Th-Z,primary
ziffer,Ziffer,Bd08_Th-Z:0693:0611,Bd08_Th-Z,primary
zimmermann,Zimmermann,Bd08_Th-Z:0693:0612,Bd08_Th-Z,primary
zirkel,Zirkel,Bd08_Th-Z:0694:0613,Bd08_Th-Z,primary
"zirkel, hermeneutischer","Zirkel, hermeneutischer",Bd08_Th-Z:0695:0614,Bd08_Th-Z,primary
zirkeldefinition,Zirkeldefinition,Bd08_Th-Z:0696:0615,Bd08_Th-Z,primary
zirkelschluss,Zirkelschluß,Bd08_Th-Z:0696:0616,Bd08_Th-Z,primary
zirkelschluss,Zirkelschluß,Bd02_C-F:0088:0086,Bd08_Th-Z,redirect_alias
zirkular,zirkulär,Bd08_Th-Z:0696:0617,Bd08_Th-Z,slash_half
zirkular/zirkularitat,zirkulär/Zirkularität,Bd08_Th-Z:0696:0617,Bd08_Th-Z,primary
zirkularitat,Zirkularität,Bd08_Th-Z:0696:0617,Bd08_Th-Z,slash_half
zivilisation,Zivilisation,Bd08_Th-Z:0697:0618,Bd08_Th-Z,primary
zocher,Zocher,Bd08_Th-Z:0698:0619,Bd08_Th-Z,primary
zollner,Zöllner,Bd08_Th-Z:0699:0620,Bd08_Th-Z,primary
zornsches lemma,Zornsches Lemma,Bd08_Th-Z:0700:0621,Bd08_Th-Z,primary
zufall,Zufall,Bd08_Th-Z:0700:0622,Bd08_Th-Z,slash_half
zufallig,zufällig,Bd08_Th-Z:0700:0622,Bd08_Th-Z,slash_half
zufallig/zufall,zufällig/Zufall,Bd08_Th-Z:0700:0622,Bd08_Th-Z,primary
zufallsfunktion,Zufallsfunktion,Bd08_Th-Z:0703:0623,Bd08_Th-Z,primary
zufallsgenerator,Zufallsgenerator,Bd08_Th-Z:0703:0624,Bd08_Th-Z,primary
zufriedenheitssatz,Zufriedenheitssatz,Bd08_Th-Z:0704:0625,Bd08_Th-Z,primary
zufriedenheitssatz,Zufriedenheitssatz,Bd08_Th-Z:0241:0203,Bd08_Th-Z,redirect_alias
zuhanden,zuhanden,Bd08_Th-Z:0704:0626,Bd08_Th-Z,primary
zuhanden,zuhanden,Bd08_Th-Z:0376:0367,Bd08_Th-Z,redirect_alias
zuhanden,zuhanden,Bd08_Th-Z:0376:0367,Bd08_Th-Z,slash_half
zukommen,zukommen,Bd08_Th-Z:0704:0627,Bd08_Th-Z,primary
zulassig,zulässig,Bd08_Th-Z:0704:0628,Bd08_Th-Z,slash_half
zulassig/zulassigkeit,zulässig/Zulässigkeit,Bd08_Th-Z:0704:0628,Bd08_Th-Z,primary
zulassigkeit,Zulässigkeit,Bd08_Th-Z:0704:0628,Bd08_Th-Z,slash_half
zuordnung,Zuordnung,Bd08_Th-Z:0705:0629,Bd08_Th-Z,primary
zuordnungsdefinition,Zuordnungsdefinition,Bd08_Th-Z:0705:0630,Bd08_Th-Z,primary
zurechnung,Zurechnung,Bd08_Th-Z:0707:0631,Bd08_Th-Z,primary
zusprechen,zusprechen,Bd08_Th-Z:0708:0632,Bd08_Th-Z,slash_half
zusprechen/absprechen,zusprechen/absprechen,Bd08_Th-Z:0708:0632,Bd08_Th-Z,primary
zustand,Zustand,Bd08_Th-Z:0708:0633,Bd08_Th-Z,primary
zustandsbeschreibung,Zustandsbeschreibung,Bd08_Th-Z:0710:0634,Bd08_Th-Z,primary
zustandsgrosse,Zustandsgröße,Bd08_Th-Z:0710:0635,Bd08_Th-Z,primary
zweck,Zweck,Bd08_Th-Z:0710:0636,Bd08_Th-Z,primary
zweckmassigkeit,Zweckmäßigkeit,Bd08_Th-Z:0713:0637,Bd08_Th-Z,primary
zweckrationalitat,Zweckrationalität,Bd08_Th-Z:0713:0638,Bd08_Th-Z,primary
zweifel,Zweifel,Bd08_Th-Z:0713:0639,Bd08_Th-Z,primary
zweistellig,zweistellig,Bd08_Th-Z:0714:0640,Bd08_Th-Z,slash_half
zweistellig/zweistelligkeit,zweistellig/Zweistelligkeit,Bd08_Th-Z:0714:0640,Bd08_Th-Z,primary
zweistelligkeit,Zweistelligkeit,Bd08_Th-Z:0714:0640,Bd08_Th-Z,slash_half
zweistufenkonzeption,Zweistufenkonzeption,Bd08_Th-Z:0714:0641,Bd08_Th-Z,primary
zweiweltentheorie,Zweiweltentheorie,Bd08_Th-Z:0715:0642,Bd08_Th-Z,primary
zweiwertige logik,zweiwertige Logik,Bd05_Log-N:0112:0065,Bd05_Log-N,comma_inverted
zweiwertigkeitsprinzip,Zweiwertigkeitsprinzip,Bd08_Th-Z:0716:0643,Bd08_Th-Z,primary
zwischenschema,Zwischenschema,Bd08_Th-Z:0716:0644,Bd08_Th-Z,primary
zyklentheorie,Zyklentheorie,Bd08_Th-Z:0716:0645,Bd08_Th-Z,primary
zylinderalgebra,Zylinderalgebra,Bd08_Th-Z:0717:0646,Bd08_Th-Z,primary
zylinderalgebra,Zylinderalgebra,Bd05_Log-N:0025:0006,Bd08_Th-Z,redirect_alias
zynismus,Zynismus,Bd08_Th-Z:0717:0647,Bd08_Th-Z,primary
ākr¸ti,ākr¸ti,Bd01_A-B:0087:0106,Bd01_A-B,primary
ākāśa,ākāśa,Bd01_A-B:0082:0103,Bd01_A-B,primary
āran.yaka,āran.yaka,Bd01_A-B:0214:0312,Bd01_A-B,primary
ātman,ātman,Bd01_A-B:0303:0390,Bd01_A-B,primary
łukasiewicz,Łukasiewicz,Bd05_Log-N:0157:0103,Bd05_Log-N,primary
śabda,śabda,Bd07_Re-Te:0213:0160,Bd07_Re-Te,primary
śakti,śakti,Bd07_Re-Te:0220:0169,Bd07_Re-Te,primary
śaṁ kara,Śaṁ kara,Bd07_Re-Te:0225:0179,Bd07_Re-Te,primary
śivaismus,Śivaismus,Bd07_Re-Te:0419:0349,Bd07_Re-Te,primary
śruti,śruti,Bd07_Re-Te:0521:0430,Bd07_Re-Te,primary
śāntideva,Śāntideva,Bd07_Re-Te:0236:0186,Bd07_Re-Te,primary
śāstra,śāstra,Bd07_Re-Te:0242:0190,Bd07_Re-Te,primary
śūnyatā,śūnyatā,Bd07_Re-Te:0606:0509,Bd07_Re-Te,primary
’sgravesande,’sGravesande,Bd07_Re-Te:0385:0306,Bd07_Re-Te,primary
�lan vital,�lan vital,Bd02_C-F:0326:0369,Bd02_C-F,primary
